timestamp,point_name,value,quality
2026-07-10T00:00:00,AHU-1 SAT,55.07,good
2026-07-10T00:00:00,AHU-1 RAT,72.85,good
2026-07-10T00:00:00,AHU-1 MAT,64.74,good
2026-07-10T00:00:00,AHU-1 DAT-SP,55,good
2026-07-10T00:00:00,AHU-1 SF-CMD,0,good
2026-07-10T00:00:00,AHU-1 SF-STS,0,good
2026-07-10T00:00:00,AHU-1 SF-VFD-SPD,50.0,good
2026-07-10T00:00:00,AHU-1 OA-DMP-CMD,50.0,good
2026-07-10T00:00:00,AHU-1 CHW-VLV-CMD,50.0,good
2026-07-10T00:00:00,AHU-1 SAF-ALM,0,good
2026-07-10T00:00:00,AHU-2 SAT,55.12,good
2026-07-10T00:00:00,AHU-2 RAT,72.2,good
2026-07-10T00:00:00,AHU-2 MAT,64.39,good
2026-07-10T00:00:00,AHU-2 DAT-SP,55,good
2026-07-10T00:00:00,AHU-2 SF-CMD,0,good
2026-07-10T00:00:00,AHU-2 SF-STS,0,good
2026-07-10T00:00:00,AHU-2 SF-VFD-SPD,50.0,good
2026-07-10T00:00:00,AHU-2 OA-DMP-CMD,50.0,good
2026-07-10T00:00:00,AHU-2 HW-VLV-CMD,50.0,good
2026-07-10T00:00:00,AHU-2 SMK-ALM,0,good
2026-07-10T00:00:00,RTU-1 SAT,54.87,good
2026-07-10T00:00:00,RTU-1 RAT,72.23,good
2026-07-10T00:00:00,RTU-1 CLG-SP,72,good
2026-07-10T00:00:00,RTU-1 SF-CMD,0,good
2026-07-10T00:00:00,RTU-1 SF-STS,0,good
2026-07-10T00:00:00,RTU-1 HTG-EN,0,good
2026-07-10T00:00:00,RTU-1 CMP-STS,0,good
2026-07-10T00:00:00,RTU-1 FLT-ALM,0,good
2026-07-10T00:00:00,CHLR-1 CHWS,41.95,good
2026-07-10T00:00:00,CHLR-1 CHWR,55.6,good
2026-07-10T00:00:00,CHLR-1 CHW-DP,11.87,good
2026-07-10T00:00:00,CHLR-1 ENABLE,0,good
2026-07-10T00:00:00,CHLR-1 RUN-STS,0,good
2026-07-10T00:00:00,CHLR-1 ALM,0,good
2026-07-10T00:00:00,CHLR-1 LWT-SP,72,good
2026-07-10T00:00:00,CHLR-1 KW,75.54,good
2026-07-10T00:00:00,BLR-1 HWS,167.89,good
2026-07-10T00:00:00,BLR-1 HWR,149.12,good
2026-07-10T00:00:00,BLR-1 HWS-SP,72,good
2026-07-10T00:00:00,BLR-1 ENABLE,0,good
2026-07-10T00:00:00,BLR-1 RUN-STS,0,good
2026-07-10T00:00:00,BLR-1 ALM,0,good
2026-07-10T00:00:00,BLR-1 MOD-CMD,50.0,good
2026-07-10T00:00:00,BLR-1 GAS-PRES,7.44,good
2026-07-10T00:00:00,CT-1 CWS,81.86,good
2026-07-10T00:00:00,CT-1 CWR,90.52,good
2026-07-10T00:00:00,CT-1 FAN-CMD,0,good
2026-07-10T00:00:00,CT-1 FAN-STS,0,good
2026-07-10T00:00:00,CT-1 FAN-SPD,50.0,good
2026-07-10T00:00:00,CT-1 BASIN-LVL,50.59,good
2026-07-10T00:00:00,CT-1 ALM,0,good
2026-07-10T00:00:00,PUMP-CHW-1 CMD,0,good
2026-07-10T00:00:00,PUMP-CHW-1 STS,0,good
2026-07-10T00:00:00,PUMP-CHW-1 SPD,50.0,good
2026-07-10T00:00:00,PUMP-CHW-1 DP,12.07,good
2026-07-10T00:00:00,PUMP-CHW-2 CMD,0,good
2026-07-10T00:00:00,PUMP-CHW-2 STS,0,good
2026-07-10T00:00:00,PUMP-CHW-2 SPD,50.0,good
2026-07-10T00:00:00,PUMP-CHW-2 DP,11.8,good
2026-07-10T00:00:00,PUMP-HW-1 CMD,0,good
2026-07-10T00:00:00,PUMP-HW-1 STS,0,good
2026-07-10T00:00:00,PUMP-HW-1 SPD,50.0,good
2026-07-10T00:00:00,PUMP-HW-1 DP,12.14,good
2026-07-10T00:00:00,PUMP-CW-1 CMD,0,good
2026-07-10T00:00:00,PUMP-CW-1 STS,0,good
2026-07-10T00:00:00,PUMP-CW-1 SPD,50.0,good
2026-07-10T00:00:00,PUMP-CW-1 DP,11.8,good
2026-07-10T00:00:00,VAV-101 ZN-T,70.39,good
2026-07-10T00:00:00,VAV-101 ZN-SP,72,good
2026-07-10T00:00:00,VAV-101 DMP-CMD,50.0,good
2026-07-10T00:00:00,VAV-101 DMP-POS,51.96,good
2026-07-10T00:00:00,VAV-101 AIRFLOW,985.6,good
2026-07-10T00:00:00,VAV-101 HTG-CMD,50.0,good
2026-07-10T00:00:00,VAV-102 ZN-T,70.53,good
2026-07-10T00:00:00,VAV-102 ZN-SP,72,good
2026-07-10T00:00:00,VAV-102 DMP-CMD,50.0,good
2026-07-10T00:00:00,VAV-102 DMP-POS,50.74,good
2026-07-10T00:00:00,VAV-102 AIRFLOW,853.71,good
2026-07-10T00:00:00,VAV-201 ZN-T,70.71,good
2026-07-10T00:00:00,VAV-201 ZN-SP,72,good
2026-07-10T00:00:00,VAV-201 DMP-CMD,50.0,good
2026-07-10T00:00:00,VAV-201 DMP-POS,48.92,good
2026-07-10T00:00:00,VAV-201 AIRFLOW,891.28,good
2026-07-10T00:00:00,VAV-201 HTG-CMD,50.0,good
2026-07-10T00:00:00,VAV-202 ZN-T,70.34,good
2026-07-10T00:00:00,VAV-202 ZN-SP,72,good
2026-07-10T00:00:00,VAV-202 DMP-CMD,50.0,good
2026-07-10T00:00:00,VAV-202 DMP-POS,49.07,good
2026-07-10T00:00:00,VAV-202 AIRFLOW,688.44,good
2026-07-10T00:00:00,VAV-203 ZN-T,70.84,good
2026-07-10T00:00:00,VAV-203 ZN-SP,72,good
2026-07-10T00:00:00,VAV-203 DMP-CMD,50.0,good
2026-07-10T00:00:00,VAV-203 DMP-POS,51.51,good
2026-07-10T00:00:00,VAV-203 AIRFLOW,832.59,good
2026-07-10T00:00:00,VAV-203 HTG-CMD,50.0,good
2026-07-10T00:15:00,AHU-1 SAT,55.19,good
2026-07-10T00:15:00,AHU-1 RAT,72.58,good
2026-07-10T00:15:00,AHU-1 MAT,65.44,good
2026-07-10T00:15:00,AHU-1 DAT-SP,55,good
2026-07-10T00:15:00,AHU-1 SF-CMD,1,good
2026-07-10T00:15:00,AHU-1 SF-STS,0,good
2026-07-10T00:15:00,AHU-1 SF-VFD-SPD,52.29,good
2026-07-10T00:15:00,AHU-1 OA-DMP-CMD,52.29,good
2026-07-10T00:15:00,AHU-1 CHW-VLV-CMD,52.29,good
2026-07-10T00:15:00,AHU-1 SAF-ALM,0,good
2026-07-10T00:15:00,AHU-2 SAT,55.07,good
2026-07-10T00:15:00,AHU-2 RAT,72.47,good
2026-07-10T00:15:00,AHU-2 MAT,64.78,good
2026-07-10T00:15:00,AHU-2 DAT-SP,55,good
2026-07-10T00:15:00,AHU-2 SF-CMD,1,good
2026-07-10T00:15:00,AHU-2 SF-STS,0,good
2026-07-10T00:15:00,AHU-2 SF-VFD-SPD,52.29,good
2026-07-10T00:15:00,AHU-2 OA-DMP-CMD,52.29,good
2026-07-10T00:15:00,AHU-2 HW-VLV-CMD,52.29,good
2026-07-10T00:15:00,AHU-2 SMK-ALM,0,good
2026-07-10T00:15:00,RTU-1 SAT,55.13,good
2026-07-10T00:15:00,RTU-1 RAT,72.47,good
2026-07-10T00:15:00,RTU-1 CLG-SP,72,good
2026-07-10T00:15:00,RTU-1 SF-CMD,1,good
2026-07-10T00:15:00,RTU-1 SF-STS,0,good
2026-07-10T00:15:00,RTU-1 HTG-EN,1,good
2026-07-10T00:15:00,RTU-1 CMP-STS,0,good
2026-07-10T00:15:00,RTU-1 FLT-ALM,0,good
2026-07-10T00:15:00,CHLR-1 CHWS,42.07,good
2026-07-10T00:15:00,CHLR-1 CHWR,56.0,good
2026-07-10T00:15:00,CHLR-1 CHW-DP,12.1,good
2026-07-10T00:15:00,CHLR-1 ENABLE,1,good
2026-07-10T00:15:00,CHLR-1 RUN-STS,0,good
2026-07-10T00:15:00,CHLR-1 ALM,0,good
2026-07-10T00:15:00,CHLR-1 LWT-SP,72,good
2026-07-10T00:15:00,CHLR-1 KW,75.05,good
2026-07-10T00:15:00,BLR-1 HWS,168.56,good
2026-07-10T00:15:00,BLR-1 HWR,149.35,good
2026-07-10T00:15:00,BLR-1 HWS-SP,72,good
2026-07-10T00:15:00,BLR-1 ENABLE,1,good
2026-07-10T00:15:00,BLR-1 RUN-STS,0,good
2026-07-10T00:15:00,BLR-1 ALM,0,good
2026-07-10T00:15:00,BLR-1 MOD-CMD,52.29,good
2026-07-10T00:15:00,BLR-1 GAS-PRES,7.44,good
2026-07-10T00:15:00,CT-1 CWS,81.86,good
2026-07-10T00:15:00,CT-1 CWR,90.18,good
2026-07-10T00:15:00,CT-1 FAN-CMD,1,good
2026-07-10T00:15:00,CT-1 FAN-STS,0,good
2026-07-10T00:15:00,CT-1 FAN-SPD,52.29,good
2026-07-10T00:15:00,CT-1 BASIN-LVL,51.82,good
2026-07-10T00:15:00,CT-1 ALM,0,good
2026-07-10T00:15:00,PUMP-CHW-1 CMD,1,good
2026-07-10T00:15:00,PUMP-CHW-1 STS,0,good
2026-07-10T00:15:00,PUMP-CHW-1 SPD,52.29,good
2026-07-10T00:15:00,PUMP-CHW-1 DP,12.34,good
2026-07-10T00:15:00,PUMP-CHW-2 CMD,1,good
2026-07-10T00:15:00,PUMP-CHW-2 STS,0,good
2026-07-10T00:15:00,PUMP-CHW-2 SPD,52.29,good
2026-07-10T00:15:00,PUMP-CHW-2 DP,12.12,good
2026-07-10T00:15:00,PUMP-HW-1 CMD,1,good
2026-07-10T00:15:00,PUMP-HW-1 STS,0,good
2026-07-10T00:15:00,PUMP-HW-1 SPD,52.29,good
2026-07-10T00:15:00,PUMP-HW-1 DP,11.9,good
2026-07-10T00:15:00,PUMP-CW-1 CMD,1,good
2026-07-10T00:15:00,PUMP-CW-1 STS,0,good
2026-07-10T00:15:00,PUMP-CW-1 SPD,52.29,good
2026-07-10T00:15:00,PUMP-CW-1 DP,12.09,good
2026-07-10T00:15:00,VAV-101 ZN-T,70.95,good
2026-07-10T00:15:00,VAV-101 ZN-SP,72,good
2026-07-10T00:15:00,VAV-101 DMP-CMD,52.29,good
2026-07-10T00:15:00,VAV-101 DMP-POS,51.42,good
2026-07-10T00:15:00,VAV-101 AIRFLOW,1008.46,good
2026-07-10T00:15:00,VAV-101 HTG-CMD,52.29,good
2026-07-10T00:15:00,VAV-102 ZN-T,70.84,good
2026-07-10T00:15:00,VAV-102 ZN-SP,72,good
2026-07-10T00:15:00,VAV-102 DMP-CMD,52.29,good
2026-07-10T00:15:00,VAV-102 DMP-POS,49.35,good
2026-07-10T00:15:00,VAV-102 AIRFLOW,857.07,good
2026-07-10T00:15:00,VAV-201 ZN-T,70.7,good
2026-07-10T00:15:00,VAV-201 ZN-SP,72,good
2026-07-10T00:15:00,VAV-201 DMP-CMD,52.29,good
2026-07-10T00:15:00,VAV-201 DMP-POS,51.46,good
2026-07-10T00:15:00,VAV-201 AIRFLOW,909.6,good
2026-07-10T00:15:00,VAV-201 HTG-CMD,52.29,good
2026-07-10T00:15:00,VAV-202 ZN-T,70.66,good
2026-07-10T00:15:00,VAV-202 ZN-SP,72,good
2026-07-10T00:15:00,VAV-202 DMP-CMD,52.29,good
2026-07-10T00:15:00,VAV-202 DMP-POS,49.75,good
2026-07-10T00:15:00,VAV-202 AIRFLOW,704.26,good
2026-07-10T00:15:00,VAV-203 ZN-T,70.52,good
2026-07-10T00:15:00,VAV-203 ZN-SP,72,good
2026-07-10T00:15:00,VAV-203 DMP-CMD,52.29,good
2026-07-10T00:15:00,VAV-203 DMP-POS,53.12,good
2026-07-10T00:15:00,VAV-203 AIRFLOW,863.27,good
2026-07-10T00:15:00,VAV-203 HTG-CMD,52.29,good
2026-07-10T00:30:00,AHU-1 SAT,55.05,good
2026-07-10T00:30:00,AHU-1 RAT,72.76,good
2026-07-10T00:30:00,AHU-1 MAT,65.08,good
2026-07-10T00:30:00,AHU-1 DAT-SP,55,good
2026-07-10T00:30:00,AHU-1 SF-CMD,1,good
2026-07-10T00:30:00,AHU-1 SF-STS,0,good
2026-07-10T00:30:00,AHU-1 SF-VFD-SPD,54.57,good
2026-07-10T00:30:00,AHU-1 OA-DMP-CMD,54.57,good
2026-07-10T00:30:00,AHU-1 CHW-VLV-CMD,54.57,good
2026-07-10T00:30:00,AHU-1 SAF-ALM,0,good
2026-07-10T00:30:00,AHU-2 SAT,55.44,good
2026-07-10T00:30:00,AHU-2 RAT,73.06,good
2026-07-10T00:30:00,AHU-2 MAT,65.2,good
2026-07-10T00:30:00,AHU-2 DAT-SP,55,good
2026-07-10T00:30:00,AHU-2 SF-CMD,1,good
2026-07-10T00:30:00,AHU-2 SF-STS,0,good
2026-07-10T00:30:00,AHU-2 SF-VFD-SPD,54.57,good
2026-07-10T00:30:00,AHU-2 OA-DMP-CMD,54.57,good
2026-07-10T00:30:00,AHU-2 HW-VLV-CMD,54.57,good
2026-07-10T00:30:00,AHU-2 SMK-ALM,0,good
2026-07-10T00:30:00,RTU-1 SAT,55.28,good
2026-07-10T00:30:00,RTU-1 RAT,72.85,good
2026-07-10T00:30:00,RTU-1 CLG-SP,72,good
2026-07-10T00:30:00,RTU-1 SF-CMD,1,good
2026-07-10T00:30:00,RTU-1 SF-STS,0,good
2026-07-10T00:30:00,RTU-1 HTG-EN,1,good
2026-07-10T00:30:00,RTU-1 CMP-STS,0,good
2026-07-10T00:30:00,RTU-1 FLT-ALM,0,good
2026-07-10T00:30:00,CHLR-1 CHWS,42.03,good
2026-07-10T00:30:00,CHLR-1 CHWR,56.02,good
2026-07-10T00:30:00,CHLR-1 CHW-DP,12.35,good
2026-07-10T00:30:00,CHLR-1 ENABLE,1,good
2026-07-10T00:30:00,CHLR-1 RUN-STS,0,good
2026-07-10T00:30:00,CHLR-1 ALM,0,good
2026-07-10T00:30:00,CHLR-1 LWT-SP,72,good
2026-07-10T00:30:00,CHLR-1 KW,78.46,good
2026-07-10T00:30:00,BLR-1 HWS,168.35,good
2026-07-10T00:30:00,BLR-1 HWR,149.07,good
2026-07-10T00:30:00,BLR-1 HWS-SP,72,good
2026-07-10T00:30:00,BLR-1 ENABLE,1,good
2026-07-10T00:30:00,BLR-1 RUN-STS,0,good
2026-07-10T00:30:00,BLR-1 ALM,0,good
2026-07-10T00:30:00,BLR-1 MOD-CMD,54.57,good
2026-07-10T00:30:00,BLR-1 GAS-PRES,7.52,good
2026-07-10T00:30:00,CT-1 CWS,81.97,good
2026-07-10T00:30:00,CT-1 CWR,90.84,good
2026-07-10T00:30:00,CT-1 FAN-CMD,1,good
2026-07-10T00:30:00,CT-1 FAN-STS,0,good
2026-07-10T00:30:00,CT-1 FAN-SPD,54.57,good
2026-07-10T00:30:00,CT-1 BASIN-LVL,54.13,good
2026-07-10T00:30:00,CT-1 ALM,0,good
2026-07-10T00:30:00,PUMP-CHW-1 CMD,1,good
2026-07-10T00:30:00,PUMP-CHW-1 STS,0,good
2026-07-10T00:30:00,PUMP-CHW-1 SPD,54.57,good
2026-07-10T00:30:00,PUMP-CHW-1 DP,12.53,good
2026-07-10T00:30:00,PUMP-CHW-2 CMD,1,good
2026-07-10T00:30:00,PUMP-CHW-2 STS,0,good
2026-07-10T00:30:00,PUMP-CHW-2 SPD,54.57,good
2026-07-10T00:30:00,PUMP-CHW-2 DP,12.21,good
2026-07-10T00:30:00,PUMP-HW-1 CMD,1,good
2026-07-10T00:30:00,PUMP-HW-1 STS,0,good
2026-07-10T00:30:00,PUMP-HW-1 SPD,54.57,good
2026-07-10T00:30:00,PUMP-HW-1 DP,12.06,good
2026-07-10T00:30:00,PUMP-CW-1 CMD,1,good
2026-07-10T00:30:00,PUMP-CW-1 STS,0,good
2026-07-10T00:30:00,PUMP-CW-1 SPD,54.57,good
2026-07-10T00:30:00,PUMP-CW-1 DP,12.55,good
2026-07-10T00:30:00,VAV-101 ZN-T,70.98,good
2026-07-10T00:30:00,VAV-101 ZN-SP,72,good
2026-07-10T00:30:00,VAV-101 DMP-CMD,54.57,good
2026-07-10T00:30:00,VAV-101 DMP-POS,50.95,good
2026-07-10T00:30:00,VAV-101 AIRFLOW,998.63,good
2026-07-10T00:30:00,VAV-101 HTG-CMD,54.57,good
2026-07-10T00:30:00,VAV-102 ZN-T,70.28,good
2026-07-10T00:30:00,VAV-102 ZN-SP,72,good
2026-07-10T00:30:00,VAV-102 DMP-CMD,54.57,good
2026-07-10T00:30:00,VAV-102 DMP-POS,53.65,good
2026-07-10T00:30:00,VAV-102 AIRFLOW,867.08,good
2026-07-10T00:30:00,VAV-201 ZN-T,70.33,good
2026-07-10T00:30:00,VAV-201 ZN-SP,72,good
2026-07-10T00:30:00,VAV-201 DMP-CMD,54.57,good
2026-07-10T00:30:00,VAV-201 DMP-POS,52.51,good
2026-07-10T00:30:00,VAV-201 AIRFLOW,929.81,good
2026-07-10T00:30:00,VAV-201 HTG-CMD,54.57,good
2026-07-10T00:30:00,VAV-202 ZN-T,70.44,good
2026-07-10T00:30:00,VAV-202 ZN-SP,72,good
2026-07-10T00:30:00,VAV-202 DMP-CMD,54.57,good
2026-07-10T00:30:00,VAV-202 DMP-POS,54.1,good
2026-07-10T00:30:00,VAV-202 AIRFLOW,710.63,good
2026-07-10T00:30:00,VAV-203 ZN-T,70.39,good
2026-07-10T00:30:00,VAV-203 ZN-SP,72,good
2026-07-10T00:30:00,VAV-203 DMP-CMD,54.57,good
2026-07-10T00:30:00,VAV-203 DMP-POS,52.77,good
2026-07-10T00:30:00,VAV-203 AIRFLOW,865.64,good
2026-07-10T00:30:00,VAV-203 HTG-CMD,54.57,good
2026-07-10T00:45:00,AHU-1 SAT,55.11,good
2026-07-10T00:45:00,AHU-1 RAT,72.71,good
2026-07-10T00:45:00,AHU-1 MAT,66.28,good
2026-07-10T00:45:00,AHU-1 DAT-SP,55,good
2026-07-10T00:45:00,AHU-1 SF-CMD,1,good
2026-07-10T00:45:00,AHU-1 SF-STS,0,good
2026-07-10T00:45:00,AHU-1 SF-VFD-SPD,56.83,good
2026-07-10T00:45:00,AHU-1 OA-DMP-CMD,56.83,good
2026-07-10T00:45:00,AHU-1 CHW-VLV-CMD,56.83,good
2026-07-10T00:45:00,AHU-1 SAF-ALM,0,good
2026-07-10T00:45:00,AHU-2 SAT,55.38,good
2026-07-10T00:45:00,AHU-2 RAT,72.82,good
2026-07-10T00:45:00,AHU-2 MAT,65.8,good
2026-07-10T00:45:00,AHU-2 DAT-SP,55,good
2026-07-10T00:45:00,AHU-2 SF-CMD,1,good
2026-07-10T00:45:00,AHU-2 SF-STS,0,good
2026-07-10T00:45:00,AHU-2 SF-VFD-SPD,56.83,good
2026-07-10T00:45:00,AHU-2 OA-DMP-CMD,56.83,good
2026-07-10T00:45:00,AHU-2 HW-VLV-CMD,56.83,good
2026-07-10T00:45:00,AHU-2 SMK-ALM,0,good
2026-07-10T00:45:00,RTU-1 SAT,55.07,good
2026-07-10T00:45:00,RTU-1 RAT,72.64,good
2026-07-10T00:45:00,RTU-1 CLG-SP,72,good
2026-07-10T00:45:00,RTU-1 SF-CMD,1,good
2026-07-10T00:45:00,RTU-1 SF-STS,0,good
2026-07-10T00:45:00,RTU-1 HTG-EN,1,good
2026-07-10T00:45:00,RTU-1 CMP-STS,0,good
2026-07-10T00:45:00,RTU-1 FLT-ALM,0,good
2026-07-10T00:45:00,CHLR-1 CHWS,42.12,good
2026-07-10T00:45:00,CHLR-1 CHWR,56.03,good
2026-07-10T00:45:00,CHLR-1 CHW-DP,12.33,good
2026-07-10T00:45:00,CHLR-1 ENABLE,1,good
2026-07-10T00:45:00,CHLR-1 RUN-STS,0,good
2026-07-10T00:45:00,CHLR-1 ALM,0,good
2026-07-10T00:45:00,CHLR-1 LWT-SP,72,good
2026-07-10T00:45:00,CHLR-1 KW,77.39,good
2026-07-10T00:45:00,BLR-1 HWS,168.14,good
2026-07-10T00:45:00,BLR-1 HWR,149.7,good
2026-07-10T00:45:00,BLR-1 HWS-SP,72,good
2026-07-10T00:45:00,BLR-1 ENABLE,1,good
2026-07-10T00:45:00,BLR-1 RUN-STS,0,good
2026-07-10T00:45:00,BLR-1 ALM,0,good
2026-07-10T00:45:00,BLR-1 MOD-CMD,56.83,good
2026-07-10T00:45:00,BLR-1 GAS-PRES,7.52,good
2026-07-10T00:45:00,CT-1 CWS,82.63,good
2026-07-10T00:45:00,CT-1 CWR,90.96,good
2026-07-10T00:45:00,CT-1 FAN-CMD,1,good
2026-07-10T00:45:00,CT-1 FAN-STS,0,good
2026-07-10T00:45:00,CT-1 FAN-SPD,56.83,good
2026-07-10T00:45:00,CT-1 BASIN-LVL,52.19,good
2026-07-10T00:45:00,CT-1 ALM,0,good
2026-07-10T00:45:00,PUMP-CHW-1 CMD,1,good
2026-07-10T00:45:00,PUMP-CHW-1 STS,0,good
2026-07-10T00:45:00,PUMP-CHW-1 SPD,56.83,good
2026-07-10T00:45:00,PUMP-CHW-1 DP,12.33,good
2026-07-10T00:45:00,PUMP-CHW-2 CMD,1,good
2026-07-10T00:45:00,PUMP-CHW-2 STS,0,good
2026-07-10T00:45:00,PUMP-CHW-2 SPD,56.83,good
2026-07-10T00:45:00,PUMP-CHW-2 DP,12.59,good
2026-07-10T00:45:00,PUMP-HW-1 CMD,1,good
2026-07-10T00:45:00,PUMP-HW-1 STS,0,good
2026-07-10T00:45:00,PUMP-HW-1 SPD,56.83,good
2026-07-10T00:45:00,PUMP-HW-1 DP,12.32,good
2026-07-10T00:45:00,PUMP-CW-1 CMD,1,good
2026-07-10T00:45:00,PUMP-CW-1 STS,0,good
2026-07-10T00:45:00,PUMP-CW-1 SPD,56.83,good
2026-07-10T00:45:00,PUMP-CW-1 DP,12.27,good
2026-07-10T00:45:00,VAV-101 ZN-T,71.05,good
2026-07-10T00:45:00,VAV-101 ZN-SP,72,good
2026-07-10T00:45:00,VAV-101 DMP-CMD,56.83,good
2026-07-10T00:45:00,VAV-101 DMP-POS,54.19,good
2026-07-10T00:45:00,VAV-101 AIRFLOW,1007.59,good
2026-07-10T00:45:00,VAV-101 HTG-CMD,56.83,good
2026-07-10T00:45:00,VAV-102 ZN-T,70.93,good
2026-07-10T00:45:00,VAV-102 ZN-SP,72,good
2026-07-10T00:45:00,VAV-102 DMP-CMD,56.83,good
2026-07-10T00:45:00,VAV-102 DMP-POS,55.13,good
2026-07-10T00:45:00,VAV-102 AIRFLOW,852.2,good
2026-07-10T00:45:00,VAV-201 ZN-T,70.38,good
2026-07-10T00:45:00,VAV-201 ZN-SP,72,good
2026-07-10T00:45:00,VAV-201 DMP-CMD,56.83,good
2026-07-10T00:45:00,VAV-201 DMP-POS,53.63,good
2026-07-10T00:45:00,VAV-201 AIRFLOW,933.57,good
2026-07-10T00:45:00,VAV-201 HTG-CMD,56.83,good
2026-07-10T00:45:00,VAV-202 ZN-T,70.68,good
2026-07-10T00:45:00,VAV-202 ZN-SP,72,good
2026-07-10T00:45:00,VAV-202 DMP-CMD,56.83,good
2026-07-10T00:45:00,VAV-202 DMP-POS,54.82,good
2026-07-10T00:45:00,VAV-202 AIRFLOW,727.42,good
2026-07-10T00:45:00,VAV-203 ZN-T,71.09,good
2026-07-10T00:45:00,VAV-203 ZN-SP,72,good
2026-07-10T00:45:00,VAV-203 DMP-CMD,56.83,good
2026-07-10T00:45:00,VAV-203 DMP-POS,52.3,good
2026-07-10T00:45:00,VAV-203 AIRFLOW,860.69,good
2026-07-10T00:45:00,VAV-203 HTG-CMD,56.83,good
2026-07-10T01:00:00,AHU-1 SAT,55.29,good
2026-07-10T01:00:00,AHU-1 RAT,73.26,good
2026-07-10T01:00:00,AHU-1 MAT,65.92,good
2026-07-10T01:00:00,AHU-1 DAT-SP,55,good
2026-07-10T01:00:00,AHU-1 SF-CMD,1,good
2026-07-10T01:00:00,AHU-1 SF-STS,0,good
2026-07-10T01:00:00,AHU-1 SF-VFD-SPD,59.06,good
2026-07-10T01:00:00,AHU-1 OA-DMP-CMD,59.06,good
2026-07-10T01:00:00,AHU-1 CHW-VLV-CMD,59.06,good
2026-07-10T01:00:00,AHU-1 SAF-ALM,0,good
2026-07-10T01:00:00,AHU-2 SAT,55.2,good
2026-07-10T01:00:00,AHU-2 RAT,72.93,good
2026-07-10T01:00:00,AHU-2 MAT,66.1,good
2026-07-10T01:00:00,AHU-2 DAT-SP,55,good
2026-07-10T01:00:00,AHU-2 SF-CMD,1,good
2026-07-10T01:00:00,AHU-2 SF-STS,0,good
2026-07-10T01:00:00,AHU-2 SF-VFD-SPD,59.06,good
2026-07-10T01:00:00,AHU-2 OA-DMP-CMD,59.06,good
2026-07-10T01:00:00,AHU-2 HW-VLV-CMD,59.06,good
2026-07-10T01:00:00,AHU-2 SMK-ALM,0,good
2026-07-10T01:00:00,RTU-1 SAT,55.26,good
2026-07-10T01:00:00,RTU-1 RAT,72.77,good
2026-07-10T01:00:00,RTU-1 CLG-SP,72,good
2026-07-10T01:00:00,RTU-1 SF-CMD,1,good
2026-07-10T01:00:00,RTU-1 SF-STS,0,good
2026-07-10T01:00:00,RTU-1 HTG-EN,1,good
2026-07-10T01:00:00,RTU-1 CMP-STS,0,good
2026-07-10T01:00:00,RTU-1 FLT-ALM,0,good
2026-07-10T01:00:00,CHLR-1 CHWS,42.29,good
2026-07-10T01:00:00,CHLR-1 CHWR,56.05,good
2026-07-10T01:00:00,CHLR-1 CHW-DP,12.86,good
2026-07-10T01:00:00,CHLR-1 ENABLE,1,good
2026-07-10T01:00:00,CHLR-1 RUN-STS,0,good
2026-07-10T01:00:00,CHLR-1 ALM,0,good
2026-07-10T01:00:00,CHLR-1 LWT-SP,72,good
2026-07-10T01:00:00,CHLR-1 KW,79.86,good
2026-07-10T01:00:00,BLR-1 HWS,168.29,good
2026-07-10T01:00:00,BLR-1 HWR,150.12,good
2026-07-10T01:00:00,BLR-1 HWS-SP,72,good
2026-07-10T01:00:00,BLR-1 ENABLE,1,good
2026-07-10T01:00:00,BLR-1 RUN-STS,0,good
2026-07-10T01:00:00,BLR-1 ALM,0,good
2026-07-10T01:00:00,BLR-1 MOD-CMD,59.06,good
2026-07-10T01:00:00,BLR-1 GAS-PRES,7.67,good
2026-07-10T01:00:00,CT-1 CWS,82.8,good
2026-07-10T01:00:00,CT-1 CWR,91.16,good
2026-07-10T01:00:00,CT-1 FAN-CMD,1,good
2026-07-10T01:00:00,CT-1 FAN-STS,0,good
2026-07-10T01:00:00,CT-1 FAN-SPD,59.06,good
2026-07-10T01:00:00,CT-1 BASIN-LVL,56.57,good
2026-07-10T01:00:00,CT-1 ALM,0,good
2026-07-10T01:00:00,PUMP-CHW-1 CMD,1,good
2026-07-10T01:00:00,PUMP-CHW-1 STS,0,good
2026-07-10T01:00:00,PUMP-CHW-1 SPD,59.06,good
2026-07-10T01:00:00,PUMP-CHW-1 DP,12.45,good
2026-07-10T01:00:00,PUMP-CHW-2 CMD,1,good
2026-07-10T01:00:00,PUMP-CHW-2 STS,0,good
2026-07-10T01:00:00,PUMP-CHW-2 SPD,59.06,good
2026-07-10T01:00:00,PUMP-CHW-2 DP,12.64,good
2026-07-10T01:00:00,PUMP-HW-1 CMD,1,good
2026-07-10T01:00:00,PUMP-HW-1 STS,0,good
2026-07-10T01:00:00,PUMP-HW-1 SPD,59.06,good
2026-07-10T01:00:00,PUMP-HW-1 DP,12.48,good
2026-07-10T01:00:00,PUMP-CW-1 CMD,1,good
2026-07-10T01:00:00,PUMP-CW-1 STS,0,good
2026-07-10T01:00:00,PUMP-CW-1 SPD,59.06,good
2026-07-10T01:00:00,PUMP-CW-1 DP,12.59,good
2026-07-10T01:00:00,VAV-101 ZN-T,70.44,good
2026-07-10T01:00:00,VAV-101 ZN-SP,72,good
2026-07-10T01:00:00,VAV-101 DMP-CMD,59.06,good
2026-07-10T01:00:00,VAV-101 DMP-POS,54.69,good
2026-07-10T01:00:00,VAV-101 AIRFLOW,1037.46,good
2026-07-10T01:00:00,VAV-101 HTG-CMD,59.06,good
2026-07-10T01:00:00,VAV-102 ZN-T,70.6,good
2026-07-10T01:00:00,VAV-102 ZN-SP,72,good
2026-07-10T01:00:00,VAV-102 DMP-CMD,59.06,good
2026-07-10T01:00:00,VAV-102 DMP-POS,56.31,good
2026-07-10T01:00:00,VAV-102 AIRFLOW,870.81,good
2026-07-10T01:00:00,VAV-201 ZN-T,70.73,good
2026-07-10T01:00:00,VAV-201 ZN-SP,72,good
2026-07-10T01:00:00,VAV-201 DMP-CMD,59.06,good
2026-07-10T01:00:00,VAV-201 DMP-POS,57.01,good
2026-07-10T01:00:00,VAV-201 AIRFLOW,965.15,good
2026-07-10T01:00:00,VAV-201 HTG-CMD,59.06,good
2026-07-10T01:00:00,VAV-202 ZN-T,70.83,good
2026-07-10T01:00:00,VAV-202 ZN-SP,72,good
2026-07-10T01:00:00,VAV-202 DMP-CMD,59.06,good
2026-07-10T01:00:00,VAV-202 DMP-POS,56.05,good
2026-07-10T01:00:00,VAV-202 AIRFLOW,713.37,good
2026-07-10T01:00:00,VAV-203 ZN-T,70.63,good
2026-07-10T01:00:00,VAV-203 ZN-SP,72,good
2026-07-10T01:00:00,VAV-203 DMP-CMD,59.06,good
2026-07-10T01:00:00,VAV-203 DMP-POS,57.05,good
2026-07-10T01:00:00,VAV-203 AIRFLOW,875.78,good
2026-07-10T01:00:00,VAV-203 HTG-CMD,59.06,good
2026-07-10T01:15:00,AHU-1 SAT,55.51,good
2026-07-10T01:15:00,AHU-1 RAT,73.29,good
2026-07-10T01:15:00,AHU-1 MAT,66.12,good
2026-07-10T01:15:00,AHU-1 DAT-SP,55,good
2026-07-10T01:15:00,AHU-1 SF-CMD,1,good
2026-07-10T01:15:00,AHU-1 SF-STS,0,good
2026-07-10T01:15:00,AHU-1 SF-VFD-SPD,61.25,good
2026-07-10T01:15:00,AHU-1 OA-DMP-CMD,61.25,good
2026-07-10T01:15:00,AHU-1 CHW-VLV-CMD,61.25,good
2026-07-10T01:15:00,AHU-1 SAF-ALM,0,good
2026-07-10T01:15:00,AHU-2 SAT,55.53,good
2026-07-10T01:15:00,AHU-2 RAT,73.09,good
2026-07-10T01:15:00,AHU-2 MAT,66.92,good
2026-07-10T01:15:00,AHU-2 DAT-SP,55,good
2026-07-10T01:15:00,AHU-2 SF-CMD,1,good
2026-07-10T01:15:00,AHU-2 SF-STS,0,good
2026-07-10T01:15:00,AHU-2 SF-VFD-SPD,61.25,good
2026-07-10T01:15:00,AHU-2 OA-DMP-CMD,61.25,good
2026-07-10T01:15:00,AHU-2 HW-VLV-CMD,61.25,good
2026-07-10T01:15:00,AHU-2 SMK-ALM,0,good
2026-07-10T01:15:00,RTU-1 SAT,55.28,good
2026-07-10T01:15:00,RTU-1 RAT,73.46,good
2026-07-10T01:15:00,RTU-1 CLG-SP,72,good
2026-07-10T01:15:00,RTU-1 SF-CMD,1,good
2026-07-10T01:15:00,RTU-1 SF-STS,0,good
2026-07-10T01:15:00,RTU-1 HTG-EN,1,good
2026-07-10T01:15:00,RTU-1 CMP-STS,0,good
2026-07-10T01:15:00,RTU-1 FLT-ALM,0,good
2026-07-10T01:15:00,CHLR-1 CHWS,42.17,good
2026-07-10T01:15:00,CHLR-1 CHWR,56.03,good
2026-07-10T01:15:00,CHLR-1 CHW-DP,12.86,good
2026-07-10T01:15:00,CHLR-1 ENABLE,1,good
2026-07-10T01:15:00,CHLR-1 RUN-STS,0,good
2026-07-10T01:15:00,CHLR-1 ALM,0,good
2026-07-10T01:15:00,CHLR-1 LWT-SP,72,good
2026-07-10T01:15:00,CHLR-1 KW,81.49,good
2026-07-10T01:15:00,BLR-1 HWS,168.59,good
2026-07-10T01:15:00,BLR-1 HWR,149.55,good
2026-07-10T01:15:00,BLR-1 HWS-SP,72,good
2026-07-10T01:15:00,BLR-1 ENABLE,1,good
2026-07-10T01:15:00,BLR-1 RUN-STS,0,good
2026-07-10T01:15:00,BLR-1 ALM,0,good
2026-07-10T01:15:00,BLR-1 MOD-CMD,61.25,good
2026-07-10T01:15:00,BLR-1 GAS-PRES,7.71,good
2026-07-10T01:15:00,CT-1 CWS,82.49,good
2026-07-10T01:15:00,CT-1 CWR,91.12,good
2026-07-10T01:15:00,CT-1 FAN-CMD,1,good
2026-07-10T01:15:00,CT-1 FAN-STS,0,good
2026-07-10T01:15:00,CT-1 FAN-SPD,61.25,good
2026-07-10T01:15:00,CT-1 BASIN-LVL,56.91,good
2026-07-10T01:15:00,CT-1 ALM,0,good
2026-07-10T01:15:00,PUMP-CHW-1 CMD,1,good
2026-07-10T01:15:00,PUMP-CHW-1 STS,0,good
2026-07-10T01:15:00,PUMP-CHW-1 SPD,61.25,good
2026-07-10T01:15:00,PUMP-CHW-1 DP,12.76,good
2026-07-10T01:15:00,PUMP-CHW-2 CMD,1,good
2026-07-10T01:15:00,PUMP-CHW-2 STS,0,good
2026-07-10T01:15:00,PUMP-CHW-2 SPD,61.25,good
2026-07-10T01:15:00,PUMP-CHW-2 DP,12.85,good
2026-07-10T01:15:00,PUMP-HW-1 CMD,1,good
2026-07-10T01:15:00,PUMP-HW-1 STS,0,good
2026-07-10T01:15:00,PUMP-HW-1 SPD,61.25,good
2026-07-10T01:15:00,PUMP-HW-1 DP,12.82,good
2026-07-10T01:15:00,PUMP-CW-1 CMD,1,good
2026-07-10T01:15:00,PUMP-CW-1 STS,0,good
2026-07-10T01:15:00,PUMP-CW-1 SPD,61.25,good
2026-07-10T01:15:00,PUMP-CW-1 DP,13.06,good
2026-07-10T01:15:00,VAV-101 ZN-T,70.64,good
2026-07-10T01:15:00,VAV-101 ZN-SP,72,good
2026-07-10T01:15:00,VAV-101 DMP-CMD,61.25,good
2026-07-10T01:15:00,VAV-101 DMP-POS,57.29,good
2026-07-10T01:15:00,VAV-101 AIRFLOW,1016.8,good
2026-07-10T01:15:00,VAV-101 HTG-CMD,61.25,good
2026-07-10T01:15:00,VAV-102 ZN-T,70.79,good
2026-07-10T01:15:00,VAV-102 ZN-SP,72,good
2026-07-10T01:15:00,VAV-102 DMP-CMD,61.25,good
2026-07-10T01:15:00,VAV-102 DMP-POS,57.12,good
2026-07-10T01:15:00,VAV-102 AIRFLOW,872.5,good
2026-07-10T01:15:00,VAV-201 ZN-T,70.73,good
2026-07-10T01:15:00,VAV-201 ZN-SP,72,good
2026-07-10T01:15:00,VAV-201 DMP-CMD,61.25,good
2026-07-10T01:15:00,VAV-201 DMP-POS,57.44,good
2026-07-10T01:15:00,VAV-201 AIRFLOW,936.78,good
2026-07-10T01:15:00,VAV-201 HTG-CMD,61.25,good
2026-07-10T01:15:00,VAV-202 ZN-T,70.84,good
2026-07-10T01:15:00,VAV-202 ZN-SP,72,good
2026-07-10T01:15:00,VAV-202 DMP-CMD,61.25,good
2026-07-10T01:15:00,VAV-202 DMP-POS,58.42,good
2026-07-10T01:15:00,VAV-202 AIRFLOW,753.6,good
2026-07-10T01:15:00,VAV-203 ZN-T,70.54,good
2026-07-10T01:15:00,VAV-203 ZN-SP,72,good
2026-07-10T01:15:00,VAV-203 DMP-CMD,61.25,good
2026-07-10T01:15:00,VAV-203 DMP-POS,55.28,good
2026-07-10T01:15:00,VAV-203 AIRFLOW,871.11,good
2026-07-10T01:15:00,VAV-203 HTG-CMD,61.25,good
2026-07-10T01:30:00,AHU-1 SAT,55.83,good
2026-07-10T01:30:00,AHU-1 RAT,73.51,good
2026-07-10T01:30:00,AHU-1 MAT,67.34,good
2026-07-10T01:30:00,AHU-1 DAT-SP,55,good
2026-07-10T01:30:00,AHU-1 SF-CMD,1,good
2026-07-10T01:30:00,AHU-1 SF-STS,0,good
2026-07-10T01:30:00,AHU-1 SF-VFD-SPD,63.39,good
2026-07-10T01:30:00,AHU-1 OA-DMP-CMD,63.39,good
2026-07-10T01:30:00,AHU-1 CHW-VLV-CMD,63.39,good
2026-07-10T01:30:00,AHU-1 SAF-ALM,0,good
2026-07-10T01:30:00,AHU-2 SAT,55.5,good
2026-07-10T01:30:00,AHU-2 RAT,72.93,good
2026-07-10T01:30:00,AHU-2 MAT,67.29,good
2026-07-10T01:30:00,AHU-2 DAT-SP,55,good
2026-07-10T01:30:00,AHU-2 SF-CMD,1,good
2026-07-10T01:30:00,AHU-2 SF-STS,0,good
2026-07-10T01:30:00,AHU-2 SF-VFD-SPD,63.39,good
2026-07-10T01:30:00,AHU-2 OA-DMP-CMD,63.39,good
2026-07-10T01:30:00,AHU-2 HW-VLV-CMD,63.39,good
2026-07-10T01:30:00,AHU-2 SMK-ALM,0,good
2026-07-10T01:30:00,RTU-1 SAT,55.7,good
2026-07-10T01:30:00,RTU-1 RAT,73.3,good
2026-07-10T01:30:00,RTU-1 CLG-SP,72,good
2026-07-10T01:30:00,RTU-1 SF-CMD,1,good
2026-07-10T01:30:00,RTU-1 SF-STS,0,good
2026-07-10T01:30:00,RTU-1 HTG-EN,1,good
2026-07-10T01:30:00,RTU-1 CMP-STS,0,good
2026-07-10T01:30:00,RTU-1 FLT-ALM,0,good
2026-07-10T01:30:00,CHLR-1 CHWS,42.4,good
2026-07-10T01:30:00,CHLR-1 CHWR,56.29,good
2026-07-10T01:30:00,CHLR-1 CHW-DP,12.66,good
2026-07-10T01:30:00,CHLR-1 ENABLE,1,good
2026-07-10T01:30:00,CHLR-1 RUN-STS,0,good
2026-07-10T01:30:00,CHLR-1 ALM,0,good
2026-07-10T01:30:00,CHLR-1 LWT-SP,72,good
2026-07-10T01:30:00,CHLR-1 KW,83.16,good
2026-07-10T01:30:00,BLR-1 HWS,168.8,good
2026-07-10T01:30:00,BLR-1 HWR,150.12,good
2026-07-10T01:30:00,BLR-1 HWS-SP,72,good
2026-07-10T01:30:00,BLR-1 ENABLE,1,good
2026-07-10T01:30:00,BLR-1 RUN-STS,0,good
2026-07-10T01:30:00,BLR-1 ALM,0,good
2026-07-10T01:30:00,BLR-1 MOD-CMD,63.39,good
2026-07-10T01:30:00,BLR-1 GAS-PRES,7.74,good
2026-07-10T01:30:00,CT-1 CWS,82.55,good
2026-07-10T01:30:00,CT-1 CWR,91.0,good
2026-07-10T01:30:00,CT-1 FAN-CMD,1,good
2026-07-10T01:30:00,CT-1 FAN-STS,0,good
2026-07-10T01:30:00,CT-1 FAN-SPD,63.39,good
2026-07-10T01:30:00,CT-1 BASIN-LVL,56.08,good
2026-07-10T01:30:00,CT-1 ALM,0,good
2026-07-10T01:30:00,PUMP-CHW-1 CMD,1,good
2026-07-10T01:30:00,PUMP-CHW-1 STS,0,good
2026-07-10T01:30:00,PUMP-CHW-1 SPD,63.39,good
2026-07-10T01:30:00,PUMP-CHW-1 DP,12.99,good
2026-07-10T01:30:00,PUMP-CHW-2 CMD,1,good
2026-07-10T01:30:00,PUMP-CHW-2 STS,0,good
2026-07-10T01:30:00,PUMP-CHW-2 SPD,63.39,good
2026-07-10T01:30:00,PUMP-CHW-2 DP,12.82,good
2026-07-10T01:30:00,PUMP-HW-1 CMD,1,good
2026-07-10T01:30:00,PUMP-HW-1 STS,0,good
2026-07-10T01:30:00,PUMP-HW-1 SPD,63.39,good
2026-07-10T01:30:00,PUMP-HW-1 DP,13.02,good
2026-07-10T01:30:00,PUMP-CW-1 CMD,1,good
2026-07-10T01:30:00,PUMP-CW-1 STS,0,good
2026-07-10T01:30:00,PUMP-CW-1 SPD,63.39,good
2026-07-10T01:30:00,PUMP-CW-1 DP,13.09,good
2026-07-10T01:30:00,VAV-101 ZN-T,70.74,good
2026-07-10T01:30:00,VAV-101 ZN-SP,72,good
2026-07-10T01:30:00,VAV-101 DMP-CMD,63.39,good
2026-07-10T01:30:00,VAV-101 DMP-POS,58.19,good
2026-07-10T01:30:00,VAV-101 AIRFLOW,1026.81,good
2026-07-10T01:30:00,VAV-101 HTG-CMD,63.39,good
2026-07-10T01:30:00,VAV-102 ZN-T,70.96,good
2026-07-10T01:30:00,VAV-102 ZN-SP,72,good
2026-07-10T01:30:00,VAV-102 DMP-CMD,63.39,good
2026-07-10T01:30:00,VAV-102 DMP-POS,59.28,good
2026-07-10T01:30:00,VAV-102 AIRFLOW,902.06,good
2026-07-10T01:30:00,VAV-201 ZN-T,70.65,good
2026-07-10T01:30:00,VAV-201 ZN-SP,72,good
2026-07-10T01:30:00,VAV-201 DMP-CMD,63.39,good
2026-07-10T01:30:00,VAV-201 DMP-POS,57.35,good
2026-07-10T01:30:00,VAV-201 AIRFLOW,953.3,good
2026-07-10T01:30:00,VAV-201 HTG-CMD,63.39,good
2026-07-10T01:30:00,VAV-202 ZN-T,70.58,good
2026-07-10T01:30:00,VAV-202 ZN-SP,72,good
2026-07-10T01:30:00,VAV-202 DMP-CMD,63.39,good
2026-07-10T01:30:00,VAV-202 DMP-POS,58.74,good
2026-07-10T01:30:00,VAV-202 AIRFLOW,745.67,good
2026-07-10T01:30:00,VAV-203 ZN-T,70.78,good
2026-07-10T01:30:00,VAV-203 ZN-SP,72,good
2026-07-10T01:30:00,VAV-203 DMP-CMD,63.39,good
2026-07-10T01:30:00,VAV-203 DMP-POS,58.62,good
2026-07-10T01:30:00,VAV-203 AIRFLOW,890.29,good
2026-07-10T01:30:00,VAV-203 HTG-CMD,63.39,good
2026-07-10T01:45:00,AHU-1 SAT,55.62,good
2026-07-10T01:45:00,AHU-1 RAT,72.94,good
2026-07-10T01:45:00,AHU-1 MAT,66.92,good
2026-07-10T01:45:00,AHU-1 DAT-SP,55,good
2026-07-10T01:45:00,AHU-1 SF-CMD,1,good
2026-07-10T01:45:00,AHU-1 SF-STS,0,good
2026-07-10T01:45:00,AHU-1 SF-VFD-SPD,65.48,good
2026-07-10T01:45:00,AHU-1 OA-DMP-CMD,65.48,good
2026-07-10T01:45:00,AHU-1 CHW-VLV-CMD,65.48,good
2026-07-10T01:45:00,AHU-1 SAF-ALM,0,good
2026-07-10T01:45:00,AHU-2 SAT,55.89,good
2026-07-10T01:45:00,AHU-2 RAT,73.65,good
2026-07-10T01:45:00,AHU-2 MAT,67.39,good
2026-07-10T01:45:00,AHU-2 DAT-SP,55,good
2026-07-10T01:45:00,AHU-2 SF-CMD,1,good
2026-07-10T01:45:00,AHU-2 SF-STS,0,good
2026-07-10T01:45:00,AHU-2 SF-VFD-SPD,65.48,good
2026-07-10T01:45:00,AHU-2 OA-DMP-CMD,65.48,good
2026-07-10T01:45:00,AHU-2 HW-VLV-CMD,65.48,good
2026-07-10T01:45:00,AHU-2 SMK-ALM,0,good
2026-07-10T01:45:00,RTU-1 SAT,55.86,good
2026-07-10T01:45:00,RTU-1 RAT,73.4,good
2026-07-10T01:45:00,RTU-1 CLG-SP,72,good
2026-07-10T01:45:00,RTU-1 SF-CMD,1,good
2026-07-10T01:45:00,RTU-1 SF-STS,0,good
2026-07-10T01:45:00,RTU-1 HTG-EN,1,good
2026-07-10T01:45:00,RTU-1 CMP-STS,0,good
2026-07-10T01:45:00,RTU-1 FLT-ALM,0,good
2026-07-10T01:45:00,CHLR-1 CHWS,42.28,good
2026-07-10T01:45:00,CHLR-1 CHWR,56.16,good
2026-07-10T01:45:00,CHLR-1 CHW-DP,12.99,good
2026-07-10T01:45:00,CHLR-1 ENABLE,1,good
2026-07-10T01:45:00,CHLR-1 RUN-STS,0,good
2026-07-10T01:45:00,CHLR-1 ALM,0,good
2026-07-10T01:45:00,CHLR-1 LWT-SP,72,good
2026-07-10T01:45:00,CHLR-1 KW,84.56,good
2026-07-10T01:45:00,BLR-1 HWS,169.34,good
2026-07-10T01:45:00,BLR-1 HWR,150.4,good
2026-07-10T01:45:00,BLR-1 HWS-SP,72,good
2026-07-10T01:45:00,BLR-1 ENABLE,1,good
2026-07-10T01:45:00,BLR-1 RUN-STS,0,good
2026-07-10T01:45:00,BLR-1 ALM,0,good
2026-07-10T01:45:00,BLR-1 MOD-CMD,65.48,good
2026-07-10T01:45:00,BLR-1 GAS-PRES,7.76,good
2026-07-10T01:45:00,CT-1 CWS,82.71,good
2026-07-10T01:45:00,CT-1 CWR,91.24,good
2026-07-10T01:45:00,CT-1 FAN-CMD,1,good
2026-07-10T01:45:00,CT-1 FAN-STS,0,good
2026-07-10T01:45:00,CT-1 FAN-SPD,65.48,good
2026-07-10T01:45:00,CT-1 BASIN-LVL,57.26,good
2026-07-10T01:45:00,CT-1 ALM,0,good
2026-07-10T01:45:00,PUMP-CHW-1 CMD,1,good
2026-07-10T01:45:00,PUMP-CHW-1 STS,0,good
2026-07-10T01:45:00,PUMP-CHW-1 SPD,65.48,good
2026-07-10T01:45:00,PUMP-CHW-1 DP,13.27,good
2026-07-10T01:45:00,PUMP-CHW-2 CMD,1,good
2026-07-10T01:45:00,PUMP-CHW-2 STS,0,good
2026-07-10T01:45:00,PUMP-CHW-2 SPD,65.48,good
2026-07-10T01:45:00,PUMP-CHW-2 DP,13.34,good
2026-07-10T01:45:00,PUMP-HW-1 CMD,1,good
2026-07-10T01:45:00,PUMP-HW-1 STS,0,good
2026-07-10T01:45:00,PUMP-HW-1 SPD,65.48,good
2026-07-10T01:45:00,PUMP-HW-1 DP,13.05,good
2026-07-10T01:45:00,PUMP-CW-1 CMD,1,good
2026-07-10T01:45:00,PUMP-CW-1 STS,0,good
2026-07-10T01:45:00,PUMP-CW-1 SPD,65.48,good
2026-07-10T01:45:00,PUMP-CW-1 DP,13.18,good
2026-07-10T01:45:00,VAV-101 ZN-T,70.8,good
2026-07-10T01:45:00,VAV-101 ZN-SP,72,good
2026-07-10T01:45:00,VAV-101 DMP-CMD,65.48,good
2026-07-10T01:45:00,VAV-101 DMP-POS,60.57,good
2026-07-10T01:45:00,VAV-101 AIRFLOW,1059.6,good
2026-07-10T01:45:00,VAV-101 HTG-CMD,65.48,good
2026-07-10T01:45:00,VAV-102 ZN-T,71.45,good
2026-07-10T01:45:00,VAV-102 ZN-SP,72,good
2026-07-10T01:45:00,VAV-102 DMP-CMD,65.48,good
2026-07-10T01:45:00,VAV-102 DMP-POS,60.09,good
2026-07-10T01:45:00,VAV-102 AIRFLOW,910.99,good
2026-07-10T01:45:00,VAV-201 ZN-T,70.69,good
2026-07-10T01:45:00,VAV-201 ZN-SP,72,good
2026-07-10T01:45:00,VAV-201 DMP-CMD,65.48,good
2026-07-10T01:45:00,VAV-201 DMP-POS,59.79,good
2026-07-10T01:45:00,VAV-201 AIRFLOW,963.66,good
2026-07-10T01:45:00,VAV-201 HTG-CMD,65.48,good
2026-07-10T01:45:00,VAV-202 ZN-T,71.42,good
2026-07-10T01:45:00,VAV-202 ZN-SP,72,good
2026-07-10T01:45:00,VAV-202 DMP-CMD,65.48,good
2026-07-10T01:45:00,VAV-202 DMP-POS,60.05,good
2026-07-10T01:45:00,VAV-202 AIRFLOW,761.0,good
2026-07-10T01:45:00,VAV-203 ZN-T,71.32,good
2026-07-10T01:45:00,VAV-203 ZN-SP,72,good
2026-07-10T01:45:00,VAV-203 DMP-CMD,65.48,good
2026-07-10T01:45:00,VAV-203 DMP-POS,57.91,good
2026-07-10T01:45:00,VAV-203 AIRFLOW,907.22,good
2026-07-10T01:45:00,VAV-203 HTG-CMD,65.48,good
2026-07-10T02:00:00,AHU-1 SAT,55.51,good
2026-07-10T02:00:00,AHU-1 RAT,73.75,good
2026-07-10T02:00:00,AHU-1 MAT,68.1,good
2026-07-10T02:00:00,AHU-1 DAT-SP,55,good
2026-07-10T02:00:00,AHU-1 SF-CMD,1,good
2026-07-10T02:00:00,AHU-1 SF-STS,0,good
2026-07-10T02:00:00,AHU-1 SF-VFD-SPD,67.5,good
2026-07-10T02:00:00,AHU-1 OA-DMP-CMD,67.5,good
2026-07-10T02:00:00,AHU-1 CHW-VLV-CMD,67.5,good
2026-07-10T02:00:00,AHU-1 SAF-ALM,0,good
2026-07-10T02:00:00,AHU-2 SAT,55.58,good
2026-07-10T02:00:00,AHU-2 RAT,73.71,good
2026-07-10T02:00:00,AHU-2 MAT,67.7,good
2026-07-10T02:00:00,AHU-2 DAT-SP,55,good
2026-07-10T02:00:00,AHU-2 SF-CMD,1,good
2026-07-10T02:00:00,AHU-2 SF-STS,0,good
2026-07-10T02:00:00,AHU-2 SF-VFD-SPD,67.5,good
2026-07-10T02:00:00,AHU-2 OA-DMP-CMD,67.5,good
2026-07-10T02:00:00,AHU-2 HW-VLV-CMD,67.5,good
2026-07-10T02:00:00,AHU-2 SMK-ALM,0,good
2026-07-10T02:00:00,RTU-1 SAT,55.63,good
2026-07-10T02:00:00,RTU-1 RAT,73.69,good
2026-07-10T02:00:00,RTU-1 CLG-SP,72,good
2026-07-10T02:00:00,RTU-1 SF-CMD,1,good
2026-07-10T02:00:00,RTU-1 SF-STS,0,good
2026-07-10T02:00:00,RTU-1 HTG-EN,1,good
2026-07-10T02:00:00,RTU-1 CMP-STS,0,good
2026-07-10T02:00:00,RTU-1 FLT-ALM,0,good
2026-07-10T02:00:00,CHLR-1 CHWS,42.35,good
2026-07-10T02:00:00,CHLR-1 CHWR,56.19,good
2026-07-10T02:00:00,CHLR-1 CHW-DP,13.07,good
2026-07-10T02:00:00,CHLR-1 ENABLE,1,good
2026-07-10T02:00:00,CHLR-1 RUN-STS,0,good
2026-07-10T02:00:00,CHLR-1 ALM,0,good
2026-07-10T02:00:00,CHLR-1 LWT-SP,72,good
2026-07-10T02:00:00,CHLR-1 KW,83.31,good
2026-07-10T02:00:00,BLR-1 HWS,169.54,good
2026-07-10T02:00:00,BLR-1 HWR,150.62,good
2026-07-10T02:00:00,BLR-1 HWS-SP,72,good
2026-07-10T02:00:00,BLR-1 ENABLE,1,good
2026-07-10T02:00:00,BLR-1 RUN-STS,0,good
2026-07-10T02:00:00,BLR-1 ALM,0,good
2026-07-10T02:00:00,BLR-1 MOD-CMD,67.5,good
2026-07-10T02:00:00,BLR-1 GAS-PRES,7.66,good
2026-07-10T02:00:00,CT-1 CWS,83.08,good
2026-07-10T02:00:00,CT-1 CWR,91.49,good
2026-07-10T02:00:00,CT-1 FAN-CMD,1,good
2026-07-10T02:00:00,CT-1 FAN-STS,0,good
2026-07-10T02:00:00,CT-1 FAN-SPD,67.5,good
2026-07-10T02:00:00,CT-1 BASIN-LVL,61.92,good
2026-07-10T02:00:00,CT-1 ALM,0,good
2026-07-10T02:00:00,PUMP-CHW-1 CMD,1,good
2026-07-10T02:00:00,PUMP-CHW-1 STS,0,good
2026-07-10T02:00:00,PUMP-CHW-1 SPD,67.5,good
2026-07-10T02:00:00,PUMP-CHW-1 DP,13.27,good
2026-07-10T02:00:00,PUMP-CHW-2 CMD,1,good
2026-07-10T02:00:00,PUMP-CHW-2 STS,0,good
2026-07-10T02:00:00,PUMP-CHW-2 SPD,67.5,good
2026-07-10T02:00:00,PUMP-CHW-2 DP,13.51,good
2026-07-10T02:00:00,PUMP-HW-1 CMD,1,good
2026-07-10T02:00:00,PUMP-HW-1 STS,0,good
2026-07-10T02:00:00,PUMP-HW-1 SPD,67.5,good
2026-07-10T02:00:00,PUMP-HW-1 DP,13.02,good
2026-07-10T02:00:00,PUMP-CW-1 CMD,1,good
2026-07-10T02:00:00,PUMP-CW-1 STS,0,good
2026-07-10T02:00:00,PUMP-CW-1 SPD,67.5,good
2026-07-10T02:00:00,PUMP-CW-1 DP,13.53,good
2026-07-10T02:00:00,VAV-101 ZN-T,70.92,good
2026-07-10T02:00:00,VAV-101 ZN-SP,72,good
2026-07-10T02:00:00,VAV-101 DMP-CMD,67.5,good
2026-07-10T02:00:00,VAV-101 DMP-POS,61.85,good
2026-07-10T02:00:00,VAV-101 AIRFLOW,1044.12,good
2026-07-10T02:00:00,VAV-101 HTG-CMD,67.5,good
2026-07-10T02:00:00,VAV-102 ZN-T,70.86,good
2026-07-10T02:00:00,VAV-102 ZN-SP,72,good
2026-07-10T02:00:00,VAV-102 DMP-CMD,67.5,good
2026-07-10T02:00:00,VAV-102 DMP-POS,59.74,good
2026-07-10T02:00:00,VAV-102 AIRFLOW,912.14,good
2026-07-10T02:00:00,VAV-201 ZN-T,71.03,good
2026-07-10T02:00:00,VAV-201 ZN-SP,72,good
2026-07-10T02:00:00,VAV-201 DMP-CMD,67.5,good
2026-07-10T02:00:00,VAV-201 DMP-POS,60.42,good
2026-07-10T02:00:00,VAV-201 AIRFLOW,978.71,good
2026-07-10T02:00:00,VAV-201 HTG-CMD,67.5,good
2026-07-10T02:00:00,VAV-202 ZN-T,71.08,good
2026-07-10T02:00:00,VAV-202 ZN-SP,72,good
2026-07-10T02:00:00,VAV-202 DMP-CMD,67.5,good
2026-07-10T02:00:00,VAV-202 DMP-POS,60.31,good
2026-07-10T02:00:00,VAV-202 AIRFLOW,742.69,good
2026-07-10T02:00:00,VAV-203 ZN-T,71.34,good
2026-07-10T02:00:00,VAV-203 ZN-SP,72,good
2026-07-10T02:00:00,VAV-203 DMP-CMD,67.5,good
2026-07-10T02:00:00,VAV-203 DMP-POS,58.01,good
2026-07-10T02:00:00,VAV-203 AIRFLOW,920.02,good
2026-07-10T02:00:00,VAV-203 HTG-CMD,67.5,good
2026-07-10T02:15:00,AHU-1 SAT,55.86,good
2026-07-10T02:15:00,AHU-1 RAT,73.76,good
2026-07-10T02:15:00,AHU-1 MAT,68.37,good
2026-07-10T02:15:00,AHU-1 DAT-SP,55,good
2026-07-10T02:15:00,AHU-1 SF-CMD,1,good
2026-07-10T02:15:00,AHU-1 SF-STS,0,good
2026-07-10T02:15:00,AHU-1 SF-VFD-SPD,69.44,good
2026-07-10T02:15:00,AHU-1 OA-DMP-CMD,69.44,good
2026-07-10T02:15:00,AHU-1 CHW-VLV-CMD,69.44,good
2026-07-10T02:15:00,AHU-1 SAF-ALM,0,good
2026-07-10T02:15:00,AHU-2 SAT,55.94,good
2026-07-10T02:15:00,AHU-2 RAT,73.47,good
2026-07-10T02:15:00,AHU-2 MAT,67.7,good
2026-07-10T02:15:00,AHU-2 DAT-SP,55,good
2026-07-10T02:15:00,AHU-2 SF-CMD,1,good
2026-07-10T02:15:00,AHU-2 SF-STS,0,good
2026-07-10T02:15:00,AHU-2 SF-VFD-SPD,69.44,good
2026-07-10T02:15:00,AHU-2 OA-DMP-CMD,69.44,good
2026-07-10T02:15:00,AHU-2 HW-VLV-CMD,69.44,good
2026-07-10T02:15:00,AHU-2 SMK-ALM,0,good
2026-07-10T02:15:00,RTU-1 SAT,55.93,good
2026-07-10T02:15:00,RTU-1 RAT,73.45,good
2026-07-10T02:15:00,RTU-1 CLG-SP,72,good
2026-07-10T02:15:00,RTU-1 SF-CMD,1,good
2026-07-10T02:15:00,RTU-1 SF-STS,0,good
2026-07-10T02:15:00,RTU-1 HTG-EN,1,good
2026-07-10T02:15:00,RTU-1 CMP-STS,0,good
2026-07-10T02:15:00,RTU-1 FLT-ALM,0,good
2026-07-10T02:15:00,CHLR-1 CHWS,42.41,good
2026-07-10T02:15:00,CHLR-1 CHWR,56.59,good
2026-07-10T02:15:00,CHLR-1 CHW-DP,13.52,good
2026-07-10T02:15:00,CHLR-1 ENABLE,1,good
2026-07-10T02:15:00,CHLR-1 RUN-STS,0,good
2026-07-10T02:15:00,CHLR-1 ALM,0,good
2026-07-10T02:15:00,CHLR-1 LWT-SP,72,good
2026-07-10T02:15:00,CHLR-1 KW,84.2,good
2026-07-10T02:15:00,BLR-1 HWS,169.24,good
2026-07-10T02:15:00,BLR-1 HWR,150.3,good
2026-07-10T02:15:00,BLR-1 HWS-SP,72,good
2026-07-10T02:15:00,BLR-1 ENABLE,1,good
2026-07-10T02:15:00,BLR-1 RUN-STS,0,good
2026-07-10T02:15:00,BLR-1 ALM,0,good
2026-07-10T02:15:00,BLR-1 MOD-CMD,69.44,good
2026-07-10T02:15:00,BLR-1 GAS-PRES,7.7,good
2026-07-10T02:15:00,CT-1 CWS,82.99,good
2026-07-10T02:15:00,CT-1 CWR,91.49,good
2026-07-10T02:15:00,CT-1 FAN-CMD,1,good
2026-07-10T02:15:00,CT-1 FAN-STS,0,good
2026-07-10T02:15:00,CT-1 FAN-SPD,69.44,good
2026-07-10T02:15:00,CT-1 BASIN-LVL,60.79,good
2026-07-10T02:15:00,CT-1 ALM,0,good
2026-07-10T02:15:00,PUMP-CHW-1 CMD,1,good
2026-07-10T02:15:00,PUMP-CHW-1 STS,0,good
2026-07-10T02:15:00,PUMP-CHW-1 SPD,69.44,good
2026-07-10T02:15:00,PUMP-CHW-1 DP,13.65,good
2026-07-10T02:15:00,PUMP-CHW-2 CMD,1,good
2026-07-10T02:15:00,PUMP-CHW-2 STS,0,good
2026-07-10T02:15:00,PUMP-CHW-2 SPD,69.44,good
2026-07-10T02:15:00,PUMP-CHW-2 DP,13.5,good
2026-07-10T02:15:00,PUMP-HW-1 CMD,1,good
2026-07-10T02:15:00,PUMP-HW-1 STS,0,good
2026-07-10T02:15:00,PUMP-HW-1 SPD,69.44,good
2026-07-10T02:15:00,PUMP-HW-1 DP,13.63,good
2026-07-10T02:15:00,PUMP-CW-1 CMD,1,good
2026-07-10T02:15:00,PUMP-CW-1 STS,0,good
2026-07-10T02:15:00,PUMP-CW-1 SPD,69.44,good
2026-07-10T02:15:00,PUMP-CW-1 DP,13.46,good
2026-07-10T02:15:00,VAV-101 ZN-T,71.12,good
2026-07-10T02:15:00,VAV-101 ZN-SP,72,good
2026-07-10T02:15:00,VAV-101 DMP-CMD,69.44,good
2026-07-10T02:15:00,VAV-101 DMP-POS,61.3,good
2026-07-10T02:15:00,VAV-101 AIRFLOW,1041.69,good
2026-07-10T02:15:00,VAV-101 HTG-CMD,69.44,good
2026-07-10T02:15:00,VAV-102 ZN-T,71.11,good
2026-07-10T02:15:00,VAV-102 ZN-SP,72,good
2026-07-10T02:15:00,VAV-102 DMP-CMD,69.44,good
2026-07-10T02:15:00,VAV-102 DMP-POS,60.83,good
2026-07-10T02:15:00,VAV-102 AIRFLOW,913.2,good
2026-07-10T02:15:00,VAV-201 ZN-T,71.4,good
2026-07-10T02:15:00,VAV-201 ZN-SP,72,good
2026-07-10T02:15:00,VAV-201 DMP-CMD,69.44,good
2026-07-10T02:15:00,VAV-201 DMP-POS,60.97,good
2026-07-10T02:15:00,VAV-201 AIRFLOW,983.52,good
2026-07-10T02:15:00,VAV-201 HTG-CMD,69.44,good
2026-07-10T02:15:00,VAV-202 ZN-T,71.05,good
2026-07-10T02:15:00,VAV-202 ZN-SP,72,good
2026-07-10T02:15:00,VAV-202 DMP-CMD,69.44,good
2026-07-10T02:15:00,VAV-202 DMP-POS,61.0,good
2026-07-10T02:15:00,VAV-202 AIRFLOW,774.38,good
2026-07-10T02:15:00,VAV-203 ZN-T,71.52,good
2026-07-10T02:15:00,VAV-203 ZN-SP,72,good
2026-07-10T02:15:00,VAV-203 DMP-CMD,69.44,good
2026-07-10T02:15:00,VAV-203 DMP-POS,59.79,good
2026-07-10T02:15:00,VAV-203 AIRFLOW,893.39,good
2026-07-10T02:15:00,VAV-203 HTG-CMD,69.44,good
2026-07-10T02:30:00,AHU-1 SAT,55.92,good
2026-07-10T02:30:00,AHU-1 RAT,73.82,good
2026-07-10T02:30:00,AHU-1 MAT,68.35,good
2026-07-10T02:30:00,AHU-1 DAT-SP,55,good
2026-07-10T02:30:00,AHU-1 SF-CMD,1,good
2026-07-10T02:30:00,AHU-1 SF-STS,0,good
2026-07-10T02:30:00,AHU-1 SF-VFD-SPD,71.31,good
2026-07-10T02:30:00,AHU-1 OA-DMP-CMD,71.31,good
2026-07-10T02:30:00,AHU-1 CHW-VLV-CMD,71.31,good
2026-07-10T02:30:00,AHU-1 SAF-ALM,0,good
2026-07-10T02:30:00,AHU-2 SAT,56.1,good
2026-07-10T02:30:00,AHU-2 RAT,73.91,good
2026-07-10T02:30:00,AHU-2 MAT,68.68,good
2026-07-10T02:30:00,AHU-2 DAT-SP,55,good
2026-07-10T02:30:00,AHU-2 SF-CMD,1,good
2026-07-10T02:30:00,AHU-2 SF-STS,0,good
2026-07-10T02:30:00,AHU-2 SF-VFD-SPD,71.31,good
2026-07-10T02:30:00,AHU-2 OA-DMP-CMD,71.31,good
2026-07-10T02:30:00,AHU-2 HW-VLV-CMD,71.31,good
2026-07-10T02:30:00,AHU-2 SMK-ALM,0,good
2026-07-10T02:30:00,RTU-1 SAT,55.75,good
2026-07-10T02:30:00,RTU-1 RAT,73.47,good
2026-07-10T02:30:00,RTU-1 CLG-SP,72,good
2026-07-10T02:30:00,RTU-1 SF-CMD,1,good
2026-07-10T02:30:00,RTU-1 SF-STS,0,good
2026-07-10T02:30:00,RTU-1 HTG-EN,1,good
2026-07-10T02:30:00,RTU-1 CMP-STS,0,good
2026-07-10T02:30:00,RTU-1 FLT-ALM,0,good
2026-07-10T02:30:00,CHLR-1 CHWS,42.39,good
2026-07-10T02:30:00,CHLR-1 CHWR,56.42,good
2026-07-10T02:30:00,CHLR-1 CHW-DP,13.51,good
2026-07-10T02:30:00,CHLR-1 ENABLE,1,good
2026-07-10T02:30:00,CHLR-1 RUN-STS,0,good
2026-07-10T02:30:00,CHLR-1 ALM,0,good
2026-07-10T02:30:00,CHLR-1 LWT-SP,72,good
2026-07-10T02:30:00,CHLR-1 KW,87.36,good
2026-07-10T02:30:00,BLR-1 HWS,169.18,good
2026-07-10T02:30:00,BLR-1 HWR,150.44,good
2026-07-10T02:30:00,BLR-1 HWS-SP,72,good
2026-07-10T02:30:00,BLR-1 ENABLE,1,good
2026-07-10T02:30:00,BLR-1 RUN-STS,0,good
2026-07-10T02:30:00,BLR-1 ALM,0,good
2026-07-10T02:30:00,BLR-1 MOD-CMD,71.31,good
2026-07-10T02:30:00,BLR-1 GAS-PRES,7.77,good
2026-07-10T02:30:00,CT-1 CWS,83.03,good
2026-07-10T02:30:00,CT-1 CWR,91.99,good
2026-07-10T02:30:00,CT-1 FAN-CMD,1,good
2026-07-10T02:30:00,CT-1 FAN-STS,0,good
2026-07-10T02:30:00,CT-1 FAN-SPD,71.31,good
2026-07-10T02:30:00,CT-1 BASIN-LVL,62.15,good
2026-07-10T02:30:00,CT-1 ALM,0,good
2026-07-10T02:30:00,PUMP-CHW-1 CMD,1,good
2026-07-10T02:30:00,PUMP-CHW-1 STS,0,good
2026-07-10T02:30:00,PUMP-CHW-1 SPD,71.31,good
2026-07-10T02:30:00,PUMP-CHW-1 DP,13.37,good
2026-07-10T02:30:00,PUMP-CHW-2 CMD,1,good
2026-07-10T02:30:00,PUMP-CHW-2 STS,0,good
2026-07-10T02:30:00,PUMP-CHW-2 SPD,71.31,good
2026-07-10T02:30:00,PUMP-CHW-2 DP,13.62,good
2026-07-10T02:30:00,PUMP-HW-1 CMD,1,good
2026-07-10T02:30:00,PUMP-HW-1 STS,0,good
2026-07-10T02:30:00,PUMP-HW-1 SPD,71.31,good
2026-07-10T02:30:00,PUMP-HW-1 DP,13.23,good
2026-07-10T02:30:00,PUMP-CW-1 CMD,1,good
2026-07-10T02:30:00,PUMP-CW-1 STS,0,good
2026-07-10T02:30:00,PUMP-CW-1 SPD,71.31,good
2026-07-10T02:30:00,PUMP-CW-1 DP,13.67,good
2026-07-10T02:30:00,VAV-101 ZN-T,71.61,good
2026-07-10T02:30:00,VAV-101 ZN-SP,72,good
2026-07-10T02:30:00,VAV-101 DMP-CMD,71.31,good
2026-07-10T02:30:00,VAV-101 DMP-POS,60.6,good
2026-07-10T02:30:00,VAV-101 AIRFLOW,1066.49,good
2026-07-10T02:30:00,VAV-101 HTG-CMD,71.31,good
2026-07-10T02:30:00,VAV-102 ZN-T,71.13,good
2026-07-10T02:30:00,VAV-102 ZN-SP,72,good
2026-07-10T02:30:00,VAV-102 DMP-CMD,71.31,good
2026-07-10T02:30:00,VAV-102 DMP-POS,64.01,good
2026-07-10T02:30:00,VAV-102 AIRFLOW,917.42,good
2026-07-10T02:30:00,VAV-201 ZN-T,71.03,good
2026-07-10T02:30:00,VAV-201 ZN-SP,72,good
2026-07-10T02:30:00,VAV-201 DMP-CMD,71.31,good
2026-07-10T02:30:00,VAV-201 DMP-POS,61.17,good
2026-07-10T02:30:00,VAV-201 AIRFLOW,1007.03,good
2026-07-10T02:30:00,VAV-201 HTG-CMD,71.31,good
2026-07-10T02:30:00,VAV-202 ZN-T,71.36,good
2026-07-10T02:30:00,VAV-202 ZN-SP,72,good
2026-07-10T02:30:00,VAV-202 DMP-CMD,71.31,good
2026-07-10T02:30:00,VAV-202 DMP-POS,63.38,good
2026-07-10T02:30:00,VAV-202 AIRFLOW,770.62,good
2026-07-10T02:30:00,VAV-203 ZN-T,71.78,good
2026-07-10T02:30:00,VAV-203 ZN-SP,72,good
2026-07-10T02:30:00,VAV-203 DMP-CMD,71.31,good
2026-07-10T02:30:00,VAV-203 DMP-POS,62.56,good
2026-07-10T02:30:00,VAV-203 AIRFLOW,934.71,good
2026-07-10T02:30:00,VAV-203 HTG-CMD,71.31,good
2026-07-10T02:45:00,AHU-1 SAT,56.22,good
2026-07-10T02:45:00,AHU-1 RAT,73.93,good
2026-07-10T02:45:00,AHU-1 MAT,69.11,good
2026-07-10T02:45:00,AHU-1 DAT-SP,55,good
2026-07-10T02:45:00,AHU-1 SF-CMD,1,good
2026-07-10T02:45:00,AHU-1 SF-STS,0,good
2026-07-10T02:45:00,AHU-1 SF-VFD-SPD,73.08,good
2026-07-10T02:45:00,AHU-1 OA-DMP-CMD,73.08,good
2026-07-10T02:45:00,AHU-1 CHW-VLV-CMD,73.08,good
2026-07-10T02:45:00,AHU-1 SAF-ALM,0,good
2026-07-10T02:45:00,AHU-2 SAT,55.99,good
2026-07-10T02:45:00,AHU-2 RAT,74.1,good
2026-07-10T02:45:00,AHU-2 MAT,68.93,good
2026-07-10T02:45:00,AHU-2 DAT-SP,55,good
2026-07-10T02:45:00,AHU-2 SF-CMD,1,good
2026-07-10T02:45:00,AHU-2 SF-STS,0,good
2026-07-10T02:45:00,AHU-2 SF-VFD-SPD,73.08,good
2026-07-10T02:45:00,AHU-2 OA-DMP-CMD,73.08,good
2026-07-10T02:45:00,AHU-2 HW-VLV-CMD,73.08,good
2026-07-10T02:45:00,AHU-2 SMK-ALM,0,good
2026-07-10T02:45:00,RTU-1 SAT,56.23,good
2026-07-10T02:45:00,RTU-1 RAT,74.03,good
2026-07-10T02:45:00,RTU-1 CLG-SP,72,good
2026-07-10T02:45:00,RTU-1 SF-CMD,1,good
2026-07-10T02:45:00,RTU-1 SF-STS,0,good
2026-07-10T02:45:00,RTU-1 HTG-EN,1,good
2026-07-10T02:45:00,RTU-1 CMP-STS,0,good
2026-07-10T02:45:00,RTU-1 FLT-ALM,0,good
2026-07-10T02:45:00,CHLR-1 CHWS,42.52,good
2026-07-10T02:45:00,CHLR-1 CHWR,56.5,good
2026-07-10T02:45:00,CHLR-1 CHW-DP,13.5,good
2026-07-10T02:45:00,CHLR-1 ENABLE,1,good
2026-07-10T02:45:00,CHLR-1 RUN-STS,0,good
2026-07-10T02:45:00,CHLR-1 ALM,0,good
2026-07-10T02:45:00,CHLR-1 LWT-SP,72,good
2026-07-10T02:45:00,CHLR-1 KW,87.42,good
2026-07-10T02:45:00,BLR-1 HWS,169.86,good
2026-07-10T02:45:00,BLR-1 HWR,150.65,good
2026-07-10T02:45:00,BLR-1 HWS-SP,72,good
2026-07-10T02:45:00,BLR-1 ENABLE,1,good
2026-07-10T02:45:00,BLR-1 RUN-STS,0,good
2026-07-10T02:45:00,BLR-1 ALM,0,good
2026-07-10T02:45:00,BLR-1 MOD-CMD,73.08,good
2026-07-10T02:45:00,BLR-1 GAS-PRES,7.79,good
2026-07-10T02:45:00,CT-1 CWS,83.18,good
2026-07-10T02:45:00,CT-1 CWR,91.77,good
2026-07-10T02:45:00,CT-1 FAN-CMD,1,good
2026-07-10T02:45:00,CT-1 FAN-STS,0,good
2026-07-10T02:45:00,CT-1 FAN-SPD,73.08,good
2026-07-10T02:45:00,CT-1 BASIN-LVL,62.33,good
2026-07-10T02:45:00,CT-1 ALM,0,good
2026-07-10T02:45:00,PUMP-CHW-1 CMD,1,good
2026-07-10T02:45:00,PUMP-CHW-1 STS,0,good
2026-07-10T02:45:00,PUMP-CHW-1 SPD,73.08,good
2026-07-10T02:45:00,PUMP-CHW-1 DP,13.51,good
2026-07-10T02:45:00,PUMP-CHW-2 CMD,1,good
2026-07-10T02:45:00,PUMP-CHW-2 STS,0,good
2026-07-10T02:45:00,PUMP-CHW-2 SPD,73.08,good
2026-07-10T02:45:00,PUMP-CHW-2 DP,13.54,good
2026-07-10T02:45:00,PUMP-HW-1 CMD,1,good
2026-07-10T02:45:00,PUMP-HW-1 STS,0,good
2026-07-10T02:45:00,PUMP-HW-1 SPD,73.08,good
2026-07-10T02:45:00,PUMP-HW-1 DP,13.67,good
2026-07-10T02:45:00,PUMP-CW-1 CMD,1,good
2026-07-10T02:45:00,PUMP-CW-1 STS,0,good
2026-07-10T02:45:00,PUMP-CW-1 SPD,73.08,good
2026-07-10T02:45:00,PUMP-CW-1 DP,13.43,good
2026-07-10T02:45:00,VAV-101 ZN-T,71.29,good
2026-07-10T02:45:00,VAV-101 ZN-SP,72,good
2026-07-10T02:45:00,VAV-101 DMP-CMD,73.08,good
2026-07-10T02:45:00,VAV-101 DMP-POS,63.96,good
2026-07-10T02:45:00,VAV-101 AIRFLOW,1085.18,good
2026-07-10T02:45:00,VAV-101 HTG-CMD,73.08,good
2026-07-10T02:45:00,VAV-102 ZN-T,71.15,good
2026-07-10T02:45:00,VAV-102 ZN-SP,72,good
2026-07-10T02:45:00,VAV-102 DMP-CMD,73.08,good
2026-07-10T02:45:00,VAV-102 DMP-POS,62.82,good
2026-07-10T02:45:00,VAV-102 AIRFLOW,924.78,good
2026-07-10T02:45:00,VAV-201 ZN-T,71.44,good
2026-07-10T02:45:00,VAV-201 ZN-SP,72,good
2026-07-10T02:45:00,VAV-201 DMP-CMD,73.08,good
2026-07-10T02:45:00,VAV-201 DMP-POS,62.01,good
2026-07-10T02:45:00,VAV-201 AIRFLOW,996.81,good
2026-07-10T02:45:00,VAV-201 HTG-CMD,73.08,good
2026-07-10T02:45:00,VAV-202 ZN-T,71.83,good
2026-07-10T02:45:00,VAV-202 ZN-SP,72,good
2026-07-10T02:45:00,VAV-202 DMP-CMD,73.08,good
2026-07-10T02:45:00,VAV-202 DMP-POS,63.52,good
2026-07-10T02:45:00,VAV-202 AIRFLOW,777.05,good
2026-07-10T02:45:00,VAV-203 ZN-T,71.79,good
2026-07-10T02:45:00,VAV-203 ZN-SP,72,good
2026-07-10T02:45:00,VAV-203 DMP-CMD,73.08,good
2026-07-10T02:45:00,VAV-203 DMP-POS,64.25,good
2026-07-10T02:45:00,VAV-203 AIRFLOW,918.29,good
2026-07-10T02:45:00,VAV-203 HTG-CMD,73.08,good
2026-07-10T03:00:00,AHU-1 SAT,55.76,good
2026-07-10T03:00:00,AHU-1 RAT,73.85,good
2026-07-10T03:00:00,AHU-1 MAT,69.51,good
2026-07-10T03:00:00,AHU-1 DAT-SP,55,good
2026-07-10T03:00:00,AHU-1 SF-CMD,1,good
2026-07-10T03:00:00,AHU-1 SF-STS,0,good
2026-07-10T03:00:00,AHU-1 SF-VFD-SPD,74.75,good
2026-07-10T03:00:00,AHU-1 OA-DMP-CMD,74.75,good
2026-07-10T03:00:00,AHU-1 CHW-VLV-CMD,74.75,good
2026-07-10T03:00:00,AHU-1 SAF-ALM,0,good
2026-07-10T03:00:00,AHU-2 SAT,56.27,good
2026-07-10T03:00:00,AHU-2 RAT,74.33,good
2026-07-10T03:00:00,AHU-2 MAT,69.17,good
2026-07-10T03:00:00,AHU-2 DAT-SP,55,good
2026-07-10T03:00:00,AHU-2 SF-CMD,1,good
2026-07-10T03:00:00,AHU-2 SF-STS,0,good
2026-07-10T03:00:00,AHU-2 SF-VFD-SPD,74.75,good
2026-07-10T03:00:00,AHU-2 OA-DMP-CMD,74.75,good
2026-07-10T03:00:00,AHU-2 HW-VLV-CMD,74.75,good
2026-07-10T03:00:00,AHU-2 SMK-ALM,0,good
2026-07-10T03:00:00,RTU-1 SAT,56.21,good
2026-07-10T03:00:00,RTU-1 RAT,74.01,good
2026-07-10T03:00:00,RTU-1 CLG-SP,72,good
2026-07-10T03:00:00,RTU-1 SF-CMD,1,good
2026-07-10T03:00:00,RTU-1 SF-STS,0,good
2026-07-10T03:00:00,RTU-1 HTG-EN,1,good
2026-07-10T03:00:00,RTU-1 CMP-STS,0,good
2026-07-10T03:00:00,RTU-1 FLT-ALM,0,good
2026-07-10T03:00:00,CHLR-1 CHWS,42.59,good
2026-07-10T03:00:00,CHLR-1 CHWR,56.55,good
2026-07-10T03:00:00,CHLR-1 CHW-DP,13.6,good
2026-07-10T03:00:00,CHLR-1 ENABLE,1,good
2026-07-10T03:00:00,CHLR-1 RUN-STS,0,good
2026-07-10T03:00:00,CHLR-1 ALM,0,good
2026-07-10T03:00:00,CHLR-1 LWT-SP,72,good
2026-07-10T03:00:00,CHLR-1 KW,87.47,good
2026-07-10T03:00:00,BLR-1 HWS,169.39,good
2026-07-10T03:00:00,BLR-1 HWR,150.62,good
2026-07-10T03:00:00,BLR-1 HWS-SP,72,good
2026-07-10T03:00:00,BLR-1 ENABLE,1,good
2026-07-10T03:00:00,BLR-1 RUN-STS,0,good
2026-07-10T03:00:00,BLR-1 ALM,0,good
2026-07-10T03:00:00,BLR-1 MOD-CMD,74.75,good
2026-07-10T03:00:00,BLR-1 GAS-PRES,7.82,good
2026-07-10T03:00:00,CT-1 CWS,83.36,good
2026-07-10T03:00:00,CT-1 CWR,91.97,good
2026-07-10T03:00:00,CT-1 FAN-CMD,1,good
2026-07-10T03:00:00,CT-1 FAN-STS,0,good
2026-07-10T03:00:00,CT-1 FAN-SPD,74.75,good
2026-07-10T03:00:00,CT-1 BASIN-LVL,64.01,good
2026-07-10T03:00:00,CT-1 ALM,0,good
2026-07-10T03:00:00,PUMP-CHW-1 CMD,1,good
2026-07-10T03:00:00,PUMP-CHW-1 STS,0,good
2026-07-10T03:00:00,PUMP-CHW-1 SPD,74.75,good
2026-07-10T03:00:00,PUMP-CHW-1 DP,13.54,good
2026-07-10T03:00:00,PUMP-CHW-2 CMD,1,good
2026-07-10T03:00:00,PUMP-CHW-2 STS,0,good
2026-07-10T03:00:00,PUMP-CHW-2 SPD,74.75,good
2026-07-10T03:00:00,PUMP-CHW-2 DP,13.84,good
2026-07-10T03:00:00,PUMP-HW-1 CMD,1,good
2026-07-10T03:00:00,PUMP-HW-1 STS,0,good
2026-07-10T03:00:00,PUMP-HW-1 SPD,74.75,good
2026-07-10T03:00:00,PUMP-HW-1 DP,13.48,good
2026-07-10T03:00:00,PUMP-CW-1 CMD,1,good
2026-07-10T03:00:00,PUMP-CW-1 STS,0,good
2026-07-10T03:00:00,PUMP-CW-1 SPD,74.75,good
2026-07-10T03:00:00,PUMP-CW-1 DP,13.7,good
2026-07-10T03:00:00,VAV-101 ZN-T,71.67,good
2026-07-10T03:00:00,VAV-101 ZN-SP,72,good
2026-07-10T03:00:00,VAV-101 DMP-CMD,74.75,good
2026-07-10T03:00:00,VAV-101 DMP-POS,62.25,good
2026-07-10T03:00:00,VAV-101 AIRFLOW,1089.65,good
2026-07-10T03:00:00,VAV-101 HTG-CMD,74.75,good
2026-07-10T03:00:00,VAV-102 ZN-T,71.33,good
2026-07-10T03:00:00,VAV-102 ZN-SP,72,good
2026-07-10T03:00:00,VAV-102 DMP-CMD,74.75,good
2026-07-10T03:00:00,VAV-102 DMP-POS,63.99,good
2026-07-10T03:00:00,VAV-102 AIRFLOW,911.11,good
2026-07-10T03:00:00,VAV-201 ZN-T,71.52,good
2026-07-10T03:00:00,VAV-201 ZN-SP,72,good
2026-07-10T03:00:00,VAV-201 DMP-CMD,74.75,good
2026-07-10T03:00:00,VAV-201 DMP-POS,62.99,good
2026-07-10T03:00:00,VAV-201 AIRFLOW,999.59,good
2026-07-10T03:00:00,VAV-201 HTG-CMD,74.75,good
2026-07-10T03:00:00,VAV-202 ZN-T,71.83,good
2026-07-10T03:00:00,VAV-202 ZN-SP,72,good
2026-07-10T03:00:00,VAV-202 DMP-CMD,74.75,good
2026-07-10T03:00:00,VAV-202 DMP-POS,63.66,good
2026-07-10T03:00:00,VAV-202 AIRFLOW,784.33,good
2026-07-10T03:00:00,VAV-203 ZN-T,71.88,good
2026-07-10T03:00:00,VAV-203 ZN-SP,72,good
2026-07-10T03:00:00,VAV-203 DMP-CMD,74.75,good
2026-07-10T03:00:00,VAV-203 DMP-POS,63.15,good
2026-07-10T03:00:00,VAV-203 AIRFLOW,912.37,good
2026-07-10T03:00:00,VAV-203 HTG-CMD,74.75,good
2026-07-10T03:15:00,AHU-1 SAT,55.84,good
2026-07-10T03:15:00,AHU-1 RAT,74.13,good
2026-07-10T03:15:00,AHU-1 MAT,70.11,good
2026-07-10T03:15:00,AHU-1 DAT-SP,55,good
2026-07-10T03:15:00,AHU-1 SF-CMD,1,good
2026-07-10T03:15:00,AHU-1 SF-STS,0,good
2026-07-10T03:15:00,AHU-1 SF-VFD-SPD,76.31,good
2026-07-10T03:15:00,AHU-1 OA-DMP-CMD,76.31,good
2026-07-10T03:15:00,AHU-1 CHW-VLV-CMD,76.31,good
2026-07-10T03:15:00,AHU-1 SAF-ALM,0,good
2026-07-10T03:15:00,AHU-2 SAT,56.04,good
2026-07-10T03:15:00,AHU-2 RAT,74.22,good
2026-07-10T03:15:00,AHU-2 MAT,69.9,good
2026-07-10T03:15:00,AHU-2 DAT-SP,55,good
2026-07-10T03:15:00,AHU-2 SF-CMD,1,good
2026-07-10T03:15:00,AHU-2 SF-STS,0,good
2026-07-10T03:15:00,AHU-2 SF-VFD-SPD,76.31,good
2026-07-10T03:15:00,AHU-2 OA-DMP-CMD,76.31,good
2026-07-10T03:15:00,AHU-2 HW-VLV-CMD,76.31,good
2026-07-10T03:15:00,AHU-2 SMK-ALM,0,good
2026-07-10T03:15:00,RTU-1 SAT,56.22,good
2026-07-10T03:15:00,RTU-1 RAT,74.31,good
2026-07-10T03:15:00,RTU-1 CLG-SP,72,good
2026-07-10T03:15:00,RTU-1 SF-CMD,1,good
2026-07-10T03:15:00,RTU-1 SF-STS,0,good
2026-07-10T03:15:00,RTU-1 HTG-EN,1,good
2026-07-10T03:15:00,RTU-1 CMP-STS,0,good
2026-07-10T03:15:00,RTU-1 FLT-ALM,0,good
2026-07-10T03:15:00,CHLR-1 CHWS,42.69,good
2026-07-10T03:15:00,CHLR-1 CHWR,56.61,good
2026-07-10T03:15:00,CHLR-1 CHW-DP,13.59,good
2026-07-10T03:15:00,CHLR-1 ENABLE,1,good
2026-07-10T03:15:00,CHLR-1 RUN-STS,0,good
2026-07-10T03:15:00,CHLR-1 ALM,0,good
2026-07-10T03:15:00,CHLR-1 LWT-SP,72,good
2026-07-10T03:15:00,CHLR-1 KW,87.14,good
2026-07-10T03:15:00,BLR-1 HWS,169.58,good
2026-07-10T03:15:00,BLR-1 HWR,151.01,good
2026-07-10T03:15:00,BLR-1 HWS-SP,72,good
2026-07-10T03:15:00,BLR-1 ENABLE,1,good
2026-07-10T03:15:00,BLR-1 RUN-STS,0,good
2026-07-10T03:15:00,BLR-1 ALM,0,good
2026-07-10T03:15:00,BLR-1 MOD-CMD,76.31,good
2026-07-10T03:15:00,BLR-1 GAS-PRES,7.81,good
2026-07-10T03:15:00,CT-1 CWS,83.33,good
2026-07-10T03:15:00,CT-1 CWR,92.43,good
2026-07-10T03:15:00,CT-1 FAN-CMD,1,good
2026-07-10T03:15:00,CT-1 FAN-STS,0,good
2026-07-10T03:15:00,CT-1 FAN-SPD,76.31,good
2026-07-10T03:15:00,CT-1 BASIN-LVL,66.1,good
2026-07-10T03:15:00,CT-1 ALM,0,good
2026-07-10T03:15:00,PUMP-CHW-1 CMD,1,good
2026-07-10T03:15:00,PUMP-CHW-1 STS,0,good
2026-07-10T03:15:00,PUMP-CHW-1 SPD,76.31,good
2026-07-10T03:15:00,PUMP-CHW-1 DP,13.68,good
2026-07-10T03:15:00,PUMP-CHW-2 CMD,1,good
2026-07-10T03:15:00,PUMP-CHW-2 STS,0,good
2026-07-10T03:15:00,PUMP-CHW-2 SPD,76.31,good
2026-07-10T03:15:00,PUMP-CHW-2 DP,13.94,good
2026-07-10T03:15:00,PUMP-HW-1 CMD,1,good
2026-07-10T03:15:00,PUMP-HW-1 STS,0,good
2026-07-10T03:15:00,PUMP-HW-1 SPD,76.31,good
2026-07-10T03:15:00,PUMP-HW-1 DP,14.03,good
2026-07-10T03:15:00,PUMP-CW-1 CMD,1,good
2026-07-10T03:15:00,PUMP-CW-1 STS,0,good
2026-07-10T03:15:00,PUMP-CW-1 SPD,76.31,good
2026-07-10T03:15:00,PUMP-CW-1 DP,13.65,good
2026-07-10T03:15:00,VAV-101 ZN-T,71.99,good
2026-07-10T03:15:00,VAV-101 ZN-SP,72,good
2026-07-10T03:15:00,VAV-101 DMP-CMD,76.31,good
2026-07-10T03:15:00,VAV-101 DMP-POS,66.9,good
2026-07-10T03:15:00,VAV-101 AIRFLOW,1074.84,good
2026-07-10T03:15:00,VAV-101 HTG-CMD,76.31,good
2026-07-10T03:15:00,VAV-102 ZN-T,71.35,good
2026-07-10T03:15:00,VAV-102 ZN-SP,72,good
2026-07-10T03:15:00,VAV-102 DMP-CMD,76.31,good
2026-07-10T03:15:00,VAV-102 DMP-POS,64.28,good
2026-07-10T03:15:00,VAV-102 AIRFLOW,941.83,good
2026-07-10T03:15:00,VAV-201 ZN-T,72.1,good
2026-07-10T03:15:00,VAV-201 ZN-SP,72,good
2026-07-10T03:15:00,VAV-201 DMP-CMD,76.31,good
2026-07-10T03:15:00,VAV-201 DMP-POS,64.62,good
2026-07-10T03:15:00,VAV-201 AIRFLOW,1021.23,good
2026-07-10T03:15:00,VAV-201 HTG-CMD,76.31,good
2026-07-10T03:15:00,VAV-202 ZN-T,71.39,good
2026-07-10T03:15:00,VAV-202 ZN-SP,72,good
2026-07-10T03:15:00,VAV-202 DMP-CMD,76.31,good
2026-07-10T03:15:00,VAV-202 DMP-POS,65.8,good
2026-07-10T03:15:00,VAV-202 AIRFLOW,784.03,good
2026-07-10T03:15:00,VAV-203 ZN-T,71.41,good
2026-07-10T03:15:00,VAV-203 ZN-SP,72,good
2026-07-10T03:15:00,VAV-203 DMP-CMD,76.31,good
2026-07-10T03:15:00,VAV-203 DMP-POS,66.13,good
2026-07-10T03:15:00,VAV-203 AIRFLOW,948.74,good
2026-07-10T03:15:00,VAV-203 HTG-CMD,76.31,good
2026-07-10T03:30:00,AHU-1 SAT,56.25,good
2026-07-10T03:30:00,AHU-1 RAT,73.93,good
2026-07-10T03:30:00,AHU-1 MAT,70.45,good
2026-07-10T03:30:00,AHU-1 DAT-SP,55,good
2026-07-10T03:30:00,AHU-1 SF-CMD,1,good
2026-07-10T03:30:00,AHU-1 SF-STS,0,good
2026-07-10T03:30:00,AHU-1 SF-VFD-SPD,77.77,good
2026-07-10T03:30:00,AHU-1 OA-DMP-CMD,77.77,good
2026-07-10T03:30:00,AHU-1 CHW-VLV-CMD,77.77,good
2026-07-10T03:30:00,AHU-1 SAF-ALM,0,good
2026-07-10T03:30:00,AHU-2 SAT,56.36,good
2026-07-10T03:30:00,AHU-2 RAT,74.11,good
2026-07-10T03:30:00,AHU-2 MAT,69.89,good
2026-07-10T03:30:00,AHU-2 DAT-SP,55,good
2026-07-10T03:30:00,AHU-2 SF-CMD,1,good
2026-07-10T03:30:00,AHU-2 SF-STS,0,good
2026-07-10T03:30:00,AHU-2 SF-VFD-SPD,77.77,good
2026-07-10T03:30:00,AHU-2 OA-DMP-CMD,77.77,good
2026-07-10T03:30:00,AHU-2 HW-VLV-CMD,77.77,good
2026-07-10T03:30:00,AHU-2 SMK-ALM,0,good
2026-07-10T03:30:00,RTU-1 SAT,56.11,good
2026-07-10T03:30:00,RTU-1 RAT,74.24,good
2026-07-10T03:30:00,RTU-1 CLG-SP,72,good
2026-07-10T03:30:00,RTU-1 SF-CMD,1,good
2026-07-10T03:30:00,RTU-1 SF-STS,0,good
2026-07-10T03:30:00,RTU-1 HTG-EN,1,good
2026-07-10T03:30:00,RTU-1 CMP-STS,0,good
2026-07-10T03:30:00,RTU-1 FLT-ALM,0,good
2026-07-10T03:30:00,CHLR-1 CHWS,42.6,good
2026-07-10T03:30:00,CHLR-1 CHWR,56.93,good
2026-07-10T03:30:00,CHLR-1 CHW-DP,14.18,good
2026-07-10T03:30:00,CHLR-1 ENABLE,1,good
2026-07-10T03:30:00,CHLR-1 RUN-STS,0,good
2026-07-10T03:30:00,CHLR-1 ALM,0,good
2026-07-10T03:30:00,CHLR-1 LWT-SP,72,good
2026-07-10T03:30:00,CHLR-1 KW,87.7,good
2026-07-10T03:30:00,BLR-1 HWS,170.35,good
2026-07-10T03:30:00,BLR-1 HWR,151.1,good
2026-07-10T03:30:00,BLR-1 HWS-SP,72,good
2026-07-10T03:30:00,BLR-1 ENABLE,1,good
2026-07-10T03:30:00,BLR-1 RUN-STS,0,good
2026-07-10T03:30:00,BLR-1 ALM,0,good
2026-07-10T03:30:00,BLR-1 MOD-CMD,77.77,good
2026-07-10T03:30:00,BLR-1 GAS-PRES,7.88,good
2026-07-10T03:30:00,CT-1 CWS,83.71,good
2026-07-10T03:30:00,CT-1 CWR,92.41,good
2026-07-10T03:30:00,CT-1 FAN-CMD,1,good
2026-07-10T03:30:00,CT-1 FAN-STS,0,good
2026-07-10T03:30:00,CT-1 FAN-SPD,77.77,good
2026-07-10T03:30:00,CT-1 BASIN-LVL,66.8,good
2026-07-10T03:30:00,CT-1 ALM,0,good
2026-07-10T03:30:00,PUMP-CHW-1 CMD,1,good
2026-07-10T03:30:00,PUMP-CHW-1 STS,0,good
2026-07-10T03:30:00,PUMP-CHW-1 SPD,77.77,good
2026-07-10T03:30:00,PUMP-CHW-1 DP,14.26,good
2026-07-10T03:30:00,PUMP-CHW-2 CMD,1,good
2026-07-10T03:30:00,PUMP-CHW-2 STS,0,good
2026-07-10T03:30:00,PUMP-CHW-2 SPD,77.77,good
2026-07-10T03:30:00,PUMP-CHW-2 DP,13.85,good
2026-07-10T03:30:00,PUMP-HW-1 CMD,1,good
2026-07-10T03:30:00,PUMP-HW-1 STS,0,good
2026-07-10T03:30:00,PUMP-HW-1 SPD,77.77,good
2026-07-10T03:30:00,PUMP-HW-1 DP,14.17,good
2026-07-10T03:30:00,PUMP-CW-1 CMD,1,good
2026-07-10T03:30:00,PUMP-CW-1 STS,0,good
2026-07-10T03:30:00,PUMP-CW-1 SPD,77.77,good
2026-07-10T03:30:00,PUMP-CW-1 DP,14.01,good
2026-07-10T03:30:00,VAV-101 ZN-T,71.84,good
2026-07-10T03:30:00,VAV-101 ZN-SP,72,good
2026-07-10T03:30:00,VAV-101 DMP-CMD,77.77,good
2026-07-10T03:30:00,VAV-101 DMP-POS,65.61,good
2026-07-10T03:30:00,VAV-101 AIRFLOW,1105.86,good
2026-07-10T03:30:00,VAV-101 HTG-CMD,77.77,good
2026-07-10T03:30:00,VAV-102 ZN-T,71.66,good
2026-07-10T03:30:00,VAV-102 ZN-SP,72,good
2026-07-10T03:30:00,VAV-102 DMP-CMD,77.77,good
2026-07-10T03:30:00,VAV-102 DMP-POS,67.27,good
2026-07-10T03:30:00,VAV-102 AIRFLOW,953.19,good
2026-07-10T03:30:00,VAV-201 ZN-T,71.52,good
2026-07-10T03:30:00,VAV-201 ZN-SP,72,good
2026-07-10T03:30:00,VAV-201 DMP-CMD,77.77,good
2026-07-10T03:30:00,VAV-201 DMP-POS,67.39,good
2026-07-10T03:30:00,VAV-201 AIRFLOW,1008.05,good
2026-07-10T03:30:00,VAV-201 HTG-CMD,77.77,good
2026-07-10T03:30:00,VAV-202 ZN-T,71.82,good
2026-07-10T03:30:00,VAV-202 ZN-SP,72,good
2026-07-10T03:30:00,VAV-202 DMP-CMD,77.77,good
2026-07-10T03:30:00,VAV-202 DMP-POS,66.31,good
2026-07-10T03:30:00,VAV-202 AIRFLOW,778.46,good
2026-07-10T03:30:00,VAV-203 ZN-T,71.47,good
2026-07-10T03:30:00,VAV-203 ZN-SP,72,good
2026-07-10T03:30:00,VAV-203 DMP-CMD,77.77,good
2026-07-10T03:30:00,VAV-203 DMP-POS,67.27,good
2026-07-10T03:30:00,VAV-203 AIRFLOW,927.24,good
2026-07-10T03:30:00,VAV-203 HTG-CMD,77.77,good
2026-07-10T03:45:00,AHU-1 SAT,56.07,good
2026-07-10T03:45:00,AHU-1 RAT,74.6,good
2026-07-10T03:45:00,AHU-1 MAT,70.14,good
2026-07-10T03:45:00,AHU-1 DAT-SP,55,good
2026-07-10T03:45:00,AHU-1 SF-CMD,1,good
2026-07-10T03:45:00,AHU-1 SF-STS,0,good
2026-07-10T03:45:00,AHU-1 SF-VFD-SPD,79.1,good
2026-07-10T03:45:00,AHU-1 OA-DMP-CMD,79.1,good
2026-07-10T03:45:00,AHU-1 CHW-VLV-CMD,79.1,good
2026-07-10T03:45:00,AHU-1 SAF-ALM,0,good
2026-07-10T03:45:00,AHU-2 SAT,56.48,good
2026-07-10T03:45:00,AHU-2 RAT,74.52,good
2026-07-10T03:45:00,AHU-2 MAT,70.07,good
2026-07-10T03:45:00,AHU-2 DAT-SP,55,good
2026-07-10T03:45:00,AHU-2 SF-CMD,1,good
2026-07-10T03:45:00,AHU-2 SF-STS,0,good
2026-07-10T03:45:00,AHU-2 SF-VFD-SPD,79.1,good
2026-07-10T03:45:00,AHU-2 OA-DMP-CMD,79.1,good
2026-07-10T03:45:00,AHU-2 HW-VLV-CMD,79.1,good
2026-07-10T03:45:00,AHU-2 SMK-ALM,0,good
2026-07-10T03:45:00,RTU-1 SAT,55.95,good
2026-07-10T03:45:00,RTU-1 RAT,74.72,good
2026-07-10T03:45:00,RTU-1 CLG-SP,72,good
2026-07-10T03:45:00,RTU-1 SF-CMD,1,good
2026-07-10T03:45:00,RTU-1 SF-STS,0,good
2026-07-10T03:45:00,RTU-1 HTG-EN,1,good
2026-07-10T03:45:00,RTU-1 CMP-STS,0,good
2026-07-10T03:45:00,RTU-1 FLT-ALM,0,good
2026-07-10T03:45:00,CHLR-1 CHWS,42.58,good
2026-07-10T03:45:00,CHLR-1 CHWR,56.93,good
2026-07-10T03:45:00,CHLR-1 CHW-DP,14.07,good
2026-07-10T03:45:00,CHLR-1 ENABLE,1,good
2026-07-10T03:45:00,CHLR-1 RUN-STS,0,good
2026-07-10T03:45:00,CHLR-1 ALM,0,good
2026-07-10T03:45:00,CHLR-1 LWT-SP,72,good
2026-07-10T03:45:00,CHLR-1 KW,91.0,good
2026-07-10T03:45:00,BLR-1 HWS,170.23,good
2026-07-10T03:45:00,BLR-1 HWR,151.22,good
2026-07-10T03:45:00,BLR-1 HWS-SP,72,good
2026-07-10T03:45:00,BLR-1 ENABLE,1,good
2026-07-10T03:45:00,BLR-1 RUN-STS,0,good
2026-07-10T03:45:00,BLR-1 ALM,0,good
2026-07-10T03:45:00,BLR-1 MOD-CMD,79.1,good
2026-07-10T03:45:00,BLR-1 GAS-PRES,7.83,good
2026-07-10T03:45:00,CT-1 CWS,83.84,good
2026-07-10T03:45:00,CT-1 CWR,92.33,good
2026-07-10T03:45:00,CT-1 FAN-CMD,1,good
2026-07-10T03:45:00,CT-1 FAN-STS,0,good
2026-07-10T03:45:00,CT-1 FAN-SPD,79.1,good
2026-07-10T03:45:00,CT-1 BASIN-LVL,65.52,good
2026-07-10T03:45:00,CT-1 ALM,0,good
2026-07-10T03:45:00,PUMP-CHW-1 CMD,1,good
2026-07-10T03:45:00,PUMP-CHW-1 STS,0,good
2026-07-10T03:45:00,PUMP-CHW-1 SPD,79.1,good
2026-07-10T03:45:00,PUMP-CHW-1 DP,14.19,good
2026-07-10T03:45:00,PUMP-CHW-2 CMD,1,good
2026-07-10T03:45:00,PUMP-CHW-2 STS,0,good
2026-07-10T03:45:00,PUMP-CHW-2 SPD,79.1,good
2026-07-10T03:45:00,PUMP-CHW-2 DP,13.96,good
2026-07-10T03:45:00,PUMP-HW-1 CMD,1,good
2026-07-10T03:45:00,PUMP-HW-1 STS,0,good
2026-07-10T03:45:00,PUMP-HW-1 SPD,79.1,good
2026-07-10T03:45:00,PUMP-HW-1 DP,14.13,good
2026-07-10T03:45:00,PUMP-CW-1 CMD,1,good
2026-07-10T03:45:00,PUMP-CW-1 STS,0,good
2026-07-10T03:45:00,PUMP-CW-1 SPD,79.1,good
2026-07-10T03:45:00,PUMP-CW-1 DP,14.06,good
2026-07-10T03:45:00,VAV-101 ZN-T,71.99,good
2026-07-10T03:45:00,VAV-101 ZN-SP,72,good
2026-07-10T03:45:00,VAV-101 DMP-CMD,79.1,good
2026-07-10T03:45:00,VAV-101 DMP-POS,66.33,good
2026-07-10T03:45:00,VAV-101 AIRFLOW,1112.06,good
2026-07-10T03:45:00,VAV-101 HTG-CMD,79.1,good
2026-07-10T03:45:00,VAV-102 ZN-T,71.83,good
2026-07-10T03:45:00,VAV-102 ZN-SP,72,good
2026-07-10T03:45:00,VAV-102 DMP-CMD,79.1,good
2026-07-10T03:45:00,VAV-102 DMP-POS,67.44,good
2026-07-10T03:45:00,VAV-102 AIRFLOW,935.6,good
2026-07-10T03:45:00,VAV-201 ZN-T,71.77,good
2026-07-10T03:45:00,VAV-201 ZN-SP,72,good
2026-07-10T03:45:00,VAV-201 DMP-CMD,79.1,good
2026-07-10T03:45:00,VAV-201 DMP-POS,65.11,good
2026-07-10T03:45:00,VAV-201 AIRFLOW,1011.2,good
2026-07-10T03:45:00,VAV-201 HTG-CMD,79.1,good
2026-07-10T03:45:00,VAV-202 ZN-T,71.66,good
2026-07-10T03:45:00,VAV-202 ZN-SP,72,good
2026-07-10T03:45:00,VAV-202 DMP-CMD,79.1,good
2026-07-10T03:45:00,VAV-202 DMP-POS,66.77,good
2026-07-10T03:45:00,VAV-202 AIRFLOW,797.79,good
2026-07-10T03:45:00,VAV-203 ZN-T,71.72,good
2026-07-10T03:45:00,VAV-203 ZN-SP,72,good
2026-07-10T03:45:00,VAV-203 DMP-CMD,79.1,good
2026-07-10T03:45:00,VAV-203 DMP-POS,65.49,good
2026-07-10T03:45:00,VAV-203 AIRFLOW,944.13,good
2026-07-10T03:45:00,VAV-203 HTG-CMD,79.1,good
2026-07-10T04:00:00,AHU-1 SAT,56.43,good
2026-07-10T04:00:00,AHU-1 RAT,74.87,good
2026-07-10T04:00:00,AHU-1 MAT,70.64,good
2026-07-10T04:00:00,AHU-1 DAT-SP,55,good
2026-07-10T04:00:00,AHU-1 SF-CMD,1,good
2026-07-10T04:00:00,AHU-1 SF-STS,0,good
2026-07-10T04:00:00,AHU-1 SF-VFD-SPD,80.31,good
2026-07-10T04:00:00,AHU-1 OA-DMP-CMD,80.31,good
2026-07-10T04:00:00,AHU-1 CHW-VLV-CMD,80.31,good
2026-07-10T04:00:00,AHU-1 SAF-ALM,0,good
2026-07-10T04:00:00,AHU-2 SAT,56.17,good
2026-07-10T04:00:00,AHU-2 RAT,74.17,good
2026-07-10T04:00:00,AHU-2 MAT,70.31,good
2026-07-10T04:00:00,AHU-2 DAT-SP,55,good
2026-07-10T04:00:00,AHU-2 SF-CMD,1,good
2026-07-10T04:00:00,AHU-2 SF-STS,0,good
2026-07-10T04:00:00,AHU-2 SF-VFD-SPD,80.31,good
2026-07-10T04:00:00,AHU-2 OA-DMP-CMD,80.31,good
2026-07-10T04:00:00,AHU-2 HW-VLV-CMD,80.31,good
2026-07-10T04:00:00,AHU-2 SMK-ALM,0,good
2026-07-10T04:00:00,RTU-1 SAT,56.14,good
2026-07-10T04:00:00,RTU-1 RAT,74.23,good
2026-07-10T04:00:00,RTU-1 CLG-SP,72,good
2026-07-10T04:00:00,RTU-1 SF-CMD,1,good
2026-07-10T04:00:00,RTU-1 SF-STS,0,good
2026-07-10T04:00:00,RTU-1 HTG-EN,1,good
2026-07-10T04:00:00,RTU-1 CMP-STS,0,good
2026-07-10T04:00:00,RTU-1 FLT-ALM,0,good
2026-07-10T04:00:00,CHLR-1 CHWS,42.6,good
2026-07-10T04:00:00,CHLR-1 CHWR,56.91,good
2026-07-10T04:00:00,CHLR-1 CHW-DP,14.03,good
2026-07-10T04:00:00,CHLR-1 ENABLE,1,good
2026-07-10T04:00:00,CHLR-1 RUN-STS,0,good
2026-07-10T04:00:00,CHLR-1 ALM,0,good
2026-07-10T04:00:00,CHLR-1 LWT-SP,72,good
2026-07-10T04:00:00,CHLR-1 KW,92.49,good
2026-07-10T04:00:00,BLR-1 HWS,170.21,good
2026-07-10T04:00:00,BLR-1 HWR,151.36,good
2026-07-10T04:00:00,BLR-1 HWS-SP,72,good
2026-07-10T04:00:00,BLR-1 ENABLE,1,good
2026-07-10T04:00:00,BLR-1 RUN-STS,0,good
2026-07-10T04:00:00,BLR-1 ALM,0,good
2026-07-10T04:00:00,BLR-1 MOD-CMD,80.31,good
2026-07-10T04:00:00,BLR-1 GAS-PRES,7.77,good
2026-07-10T04:00:00,CT-1 CWS,83.95,good
2026-07-10T04:00:00,CT-1 CWR,92.69,good
2026-07-10T04:00:00,CT-1 FAN-CMD,1,good
2026-07-10T04:00:00,CT-1 FAN-STS,0,good
2026-07-10T04:00:00,CT-1 FAN-SPD,80.31,good
2026-07-10T04:00:00,CT-1 BASIN-LVL,68.81,good
2026-07-10T04:00:00,CT-1 ALM,0,good
2026-07-10T04:00:00,PUMP-CHW-1 CMD,1,good
2026-07-10T04:00:00,PUMP-CHW-1 STS,0,good
2026-07-10T04:00:00,PUMP-CHW-1 SPD,80.31,good
2026-07-10T04:00:00,PUMP-CHW-1 DP,14.21,good
2026-07-10T04:00:00,PUMP-CHW-2 CMD,1,good
2026-07-10T04:00:00,PUMP-CHW-2 STS,0,good
2026-07-10T04:00:00,PUMP-CHW-2 SPD,80.31,good
2026-07-10T04:00:00,PUMP-CHW-2 DP,14.15,good
2026-07-10T04:00:00,PUMP-HW-1 CMD,1,good
2026-07-10T04:00:00,PUMP-HW-1 STS,0,good
2026-07-10T04:00:00,PUMP-HW-1 SPD,80.31,good
2026-07-10T04:00:00,PUMP-HW-1 DP,14.13,good
2026-07-10T04:00:00,PUMP-CW-1 CMD,1,good
2026-07-10T04:00:00,PUMP-CW-1 STS,0,good
2026-07-10T04:00:00,PUMP-CW-1 SPD,80.31,good
2026-07-10T04:00:00,PUMP-CW-1 DP,13.98,good
2026-07-10T04:00:00,VAV-101 ZN-T,71.73,good
2026-07-10T04:00:00,VAV-101 ZN-SP,72,good
2026-07-10T04:00:00,VAV-101 DMP-CMD,80.31,good
2026-07-10T04:00:00,VAV-101 DMP-POS,69.08,good
2026-07-10T04:00:00,VAV-101 AIRFLOW,1106.41,good
2026-07-10T04:00:00,VAV-101 HTG-CMD,80.31,good
2026-07-10T04:00:00,VAV-102 ZN-T,72.34,good
2026-07-10T04:00:00,VAV-102 ZN-SP,72,good
2026-07-10T04:00:00,VAV-102 DMP-CMD,80.31,good
2026-07-10T04:00:00,VAV-102 DMP-POS,66.92,good
2026-07-10T04:00:00,VAV-102 AIRFLOW,932.08,good
2026-07-10T04:00:00,VAV-201 ZN-T,72.19,good
2026-07-10T04:00:00,VAV-201 ZN-SP,72,good
2026-07-10T04:00:00,VAV-201 DMP-CMD,80.31,good
2026-07-10T04:00:00,VAV-201 DMP-POS,65.53,good
2026-07-10T04:00:00,VAV-201 AIRFLOW,1014.18,good
2026-07-10T04:00:00,VAV-201 HTG-CMD,80.31,good
2026-07-10T04:00:00,VAV-202 ZN-T,72.14,good
2026-07-10T04:00:00,VAV-202 ZN-SP,72,good
2026-07-10T04:00:00,VAV-202 DMP-CMD,80.31,good
2026-07-10T04:00:00,VAV-202 DMP-POS,66.54,good
2026-07-10T04:00:00,VAV-202 AIRFLOW,810.69,good
2026-07-10T04:00:00,VAV-203 ZN-T,71.78,good
2026-07-10T04:00:00,VAV-203 ZN-SP,72,good
2026-07-10T04:00:00,VAV-203 DMP-CMD,80.31,good
2026-07-10T04:00:00,VAV-203 DMP-POS,68.38,good
2026-07-10T04:00:00,VAV-203 AIRFLOW,953.37,good
2026-07-10T04:00:00,VAV-203 HTG-CMD,80.31,good
2026-07-10T04:15:00,AHU-1 SAT,56.52,good
2026-07-10T04:15:00,AHU-1 RAT,74.4,good
2026-07-10T04:15:00,AHU-1 MAT,70.95,good
2026-07-10T04:15:00,AHU-1 DAT-SP,55,good
2026-07-10T04:15:00,AHU-1 SF-CMD,1,good
2026-07-10T04:15:00,AHU-1 SF-STS,0,good
2026-07-10T04:15:00,AHU-1 SF-VFD-SPD,81.39,good
2026-07-10T04:15:00,AHU-1 OA-DMP-CMD,81.39,good
2026-07-10T04:15:00,AHU-1 CHW-VLV-CMD,81.39,good
2026-07-10T04:15:00,AHU-1 SAF-ALM,0,good
2026-07-10T04:15:00,AHU-2 SAT,56.32,good
2026-07-10T04:15:00,AHU-2 RAT,74.57,good
2026-07-10T04:15:00,AHU-2 MAT,71.28,good
2026-07-10T04:15:00,AHU-2 DAT-SP,55,good
2026-07-10T04:15:00,AHU-2 SF-CMD,1,good
2026-07-10T04:15:00,AHU-2 SF-STS,0,good
2026-07-10T04:15:00,AHU-2 SF-VFD-SPD,81.39,good
2026-07-10T04:15:00,AHU-2 OA-DMP-CMD,81.39,good
2026-07-10T04:15:00,AHU-2 HW-VLV-CMD,81.39,good
2026-07-10T04:15:00,AHU-2 SMK-ALM,0,good
2026-07-10T04:15:00,RTU-1 SAT,56.64,good
2026-07-10T04:15:00,RTU-1 RAT,74.46,good
2026-07-10T04:15:00,RTU-1 CLG-SP,72,good
2026-07-10T04:15:00,RTU-1 SF-CMD,1,good
2026-07-10T04:15:00,RTU-1 SF-STS,0,good
2026-07-10T04:15:00,RTU-1 HTG-EN,1,good
2026-07-10T04:15:00,RTU-1 CMP-STS,0,good
2026-07-10T04:15:00,RTU-1 FLT-ALM,0,good
2026-07-10T04:15:00,CHLR-1 CHWS,42.74,good
2026-07-10T04:15:00,CHLR-1 CHWR,56.99,good
2026-07-10T04:15:00,CHLR-1 CHW-DP,14.39,good
2026-07-10T04:15:00,CHLR-1 ENABLE,1,good
2026-07-10T04:15:00,CHLR-1 RUN-STS,0,good
2026-07-10T04:15:00,CHLR-1 ALM,0,good
2026-07-10T04:15:00,CHLR-1 LWT-SP,72,good
2026-07-10T04:15:00,CHLR-1 KW,92.93,good
2026-07-10T04:15:00,BLR-1 HWS,170.01,good
2026-07-10T04:15:00,BLR-1 HWR,151.08,good
2026-07-10T04:15:00,BLR-1 HWS-SP,72,good
2026-07-10T04:15:00,BLR-1 ENABLE,1,good
2026-07-10T04:15:00,BLR-1 RUN-STS,0,good
2026-07-10T04:15:00,BLR-1 ALM,0,good
2026-07-10T04:15:00,BLR-1 MOD-CMD,81.39,good
2026-07-10T04:15:00,BLR-1 GAS-PRES,7.89,good
2026-07-10T04:15:00,CT-1 CWS,83.59,good
2026-07-10T04:15:00,CT-1 CWR,92.62,good
2026-07-10T04:15:00,CT-1 FAN-CMD,1,good
2026-07-10T04:15:00,CT-1 FAN-STS,0,good
2026-07-10T04:15:00,CT-1 FAN-SPD,81.39,good
2026-07-10T04:15:00,CT-1 BASIN-LVL,66.24,good
2026-07-10T04:15:00,CT-1 ALM,0,good
2026-07-10T04:15:00,PUMP-CHW-1 CMD,1,good
2026-07-10T04:15:00,PUMP-CHW-1 STS,0,good
2026-07-10T04:15:00,PUMP-CHW-1 SPD,81.39,good
2026-07-10T04:15:00,PUMP-CHW-1 DP,13.94,good
2026-07-10T04:15:00,PUMP-CHW-2 CMD,1,good
2026-07-10T04:15:00,PUMP-CHW-2 STS,0,good
2026-07-10T04:15:00,PUMP-CHW-2 SPD,81.39,good
2026-07-10T04:15:00,PUMP-CHW-2 DP,14.21,good
2026-07-10T04:15:00,PUMP-HW-1 CMD,1,good
2026-07-10T04:15:00,PUMP-HW-1 STS,0,good
2026-07-10T04:15:00,PUMP-HW-1 SPD,81.39,good
2026-07-10T04:15:00,PUMP-HW-1 DP,14.3,good
2026-07-10T04:15:00,PUMP-CW-1 CMD,1,good
2026-07-10T04:15:00,PUMP-CW-1 STS,0,good
2026-07-10T04:15:00,PUMP-CW-1 SPD,81.39,good
2026-07-10T04:15:00,PUMP-CW-1 DP,14.12,good
2026-07-10T04:15:00,VAV-101 ZN-T,71.99,good
2026-07-10T04:15:00,VAV-101 ZN-SP,72,good
2026-07-10T04:15:00,VAV-101 DMP-CMD,81.39,good
2026-07-10T04:15:00,VAV-101 DMP-POS,68.77,good
2026-07-10T04:15:00,VAV-101 AIRFLOW,1119.96,good
2026-07-10T04:15:00,VAV-101 HTG-CMD,81.39,good
2026-07-10T04:15:00,VAV-102 ZN-T,72.17,good
2026-07-10T04:15:00,VAV-102 ZN-SP,72,good
2026-07-10T04:15:00,VAV-102 DMP-CMD,81.39,good
2026-07-10T04:15:00,VAV-102 DMP-POS,68.69,good
2026-07-10T04:15:00,VAV-102 AIRFLOW,969.96,good
2026-07-10T04:15:00,VAV-201 ZN-T,72.43,good
2026-07-10T04:15:00,VAV-201 ZN-SP,72,good
2026-07-10T04:15:00,VAV-201 DMP-CMD,81.39,good
2026-07-10T04:15:00,VAV-201 DMP-POS,68.44,good
2026-07-10T04:15:00,VAV-201 AIRFLOW,1038.87,good
2026-07-10T04:15:00,VAV-201 HTG-CMD,81.39,good
2026-07-10T04:15:00,VAV-202 ZN-T,72.55,good
2026-07-10T04:15:00,VAV-202 ZN-SP,72,good
2026-07-10T04:15:00,VAV-202 DMP-CMD,81.39,good
2026-07-10T04:15:00,VAV-202 DMP-POS,67.64,good
2026-07-10T04:15:00,VAV-202 AIRFLOW,795.95,good
2026-07-10T04:15:00,VAV-203 ZN-T,72.32,good
2026-07-10T04:15:00,VAV-203 ZN-SP,72,good
2026-07-10T04:15:00,VAV-203 DMP-CMD,81.39,good
2026-07-10T04:15:00,VAV-203 DMP-POS,69.57,good
2026-07-10T04:15:00,VAV-203 AIRFLOW,966.07,good
2026-07-10T04:15:00,VAV-203 HTG-CMD,81.39,good
2026-07-10T04:30:00,AHU-1 SAT,56.13,good
2026-07-10T04:30:00,AHU-1 RAT,74.47,good
2026-07-10T04:30:00,AHU-1 MAT,71.02,good
2026-07-10T04:30:00,AHU-1 DAT-SP,55,good
2026-07-10T04:30:00,AHU-1 SF-CMD,1,good
2026-07-10T04:30:00,AHU-1 SF-STS,0,good
2026-07-10T04:30:00,AHU-1 SF-VFD-SPD,82.34,good
2026-07-10T04:30:00,AHU-1 OA-DMP-CMD,82.34,good
2026-07-10T04:30:00,AHU-1 CHW-VLV-CMD,82.34,good
2026-07-10T04:30:00,AHU-1 SAF-ALM,0,good
2026-07-10T04:30:00,AHU-2 SAT,56.54,good
2026-07-10T04:30:00,AHU-2 RAT,74.79,good
2026-07-10T04:30:00,AHU-2 MAT,71.0,good
2026-07-10T04:30:00,AHU-2 DAT-SP,55,good
2026-07-10T04:30:00,AHU-2 SF-CMD,1,good
2026-07-10T04:30:00,AHU-2 SF-STS,0,good
2026-07-10T04:30:00,AHU-2 SF-VFD-SPD,82.34,good
2026-07-10T04:30:00,AHU-2 OA-DMP-CMD,82.34,good
2026-07-10T04:30:00,AHU-2 HW-VLV-CMD,82.34,good
2026-07-10T04:30:00,AHU-2 SMK-ALM,0,good
2026-07-10T04:30:00,RTU-1 SAT,56.16,good
2026-07-10T04:30:00,RTU-1 RAT,74.89,good
2026-07-10T04:30:00,RTU-1 CLG-SP,72,good
2026-07-10T04:30:00,RTU-1 SF-CMD,1,good
2026-07-10T04:30:00,RTU-1 SF-STS,0,good
2026-07-10T04:30:00,RTU-1 HTG-EN,1,good
2026-07-10T04:30:00,RTU-1 CMP-STS,0,good
2026-07-10T04:30:00,RTU-1 FLT-ALM,0,good
2026-07-10T04:30:00,CHLR-1 CHWS,42.78,good
2026-07-10T04:30:00,CHLR-1 CHWR,57.17,good
2026-07-10T04:30:00,CHLR-1 CHW-DP,14.31,good
2026-07-10T04:30:00,CHLR-1 ENABLE,1,good
2026-07-10T04:30:00,CHLR-1 RUN-STS,0,good
2026-07-10T04:30:00,CHLR-1 ALM,0,good
2026-07-10T04:30:00,CHLR-1 LWT-SP,72,good
2026-07-10T04:30:00,CHLR-1 KW,91.61,good
2026-07-10T04:30:00,BLR-1 HWS,169.97,good
2026-07-10T04:30:00,BLR-1 HWR,151.04,good
2026-07-10T04:30:00,BLR-1 HWS-SP,72,good
2026-07-10T04:30:00,BLR-1 ENABLE,1,good
2026-07-10T04:30:00,BLR-1 RUN-STS,0,good
2026-07-10T04:30:00,BLR-1 ALM,0,good
2026-07-10T04:30:00,BLR-1 MOD-CMD,82.34,good
2026-07-10T04:30:00,BLR-1 GAS-PRES,7.86,good
2026-07-10T04:30:00,CT-1 CWS,83.74,good
2026-07-10T04:30:00,CT-1 CWR,92.77,good
2026-07-10T04:30:00,CT-1 FAN-CMD,1,good
2026-07-10T04:30:00,CT-1 FAN-STS,0,good
2026-07-10T04:30:00,CT-1 FAN-SPD,82.34,good
2026-07-10T04:30:00,CT-1 BASIN-LVL,66.84,good
2026-07-10T04:30:00,CT-1 ALM,0,good
2026-07-10T04:30:00,PUMP-CHW-1 CMD,1,good
2026-07-10T04:30:00,PUMP-CHW-1 STS,0,good
2026-07-10T04:30:00,PUMP-CHW-1 SPD,82.34,good
2026-07-10T04:30:00,PUMP-CHW-1 DP,14.59,good
2026-07-10T04:30:00,PUMP-CHW-2 CMD,1,good
2026-07-10T04:30:00,PUMP-CHW-2 STS,0,good
2026-07-10T04:30:00,PUMP-CHW-2 SPD,82.34,good
2026-07-10T04:30:00,PUMP-CHW-2 DP,14.51,good
2026-07-10T04:30:00,PUMP-HW-1 CMD,1,good
2026-07-10T04:30:00,PUMP-HW-1 STS,0,good
2026-07-10T04:30:00,PUMP-HW-1 SPD,82.34,good
2026-07-10T04:30:00,PUMP-HW-1 DP,14.35,good
2026-07-10T04:30:00,PUMP-CW-1 CMD,1,good
2026-07-10T04:30:00,PUMP-CW-1 STS,0,good
2026-07-10T04:30:00,PUMP-CW-1 SPD,82.34,good
2026-07-10T04:30:00,PUMP-CW-1 DP,14.58,good
2026-07-10T04:30:00,VAV-101 ZN-T,72.72,good
2026-07-10T04:30:00,VAV-101 ZN-SP,72,good
2026-07-10T04:30:00,VAV-101 DMP-CMD,82.34,good
2026-07-10T04:30:00,VAV-101 DMP-POS,69.17,good
2026-07-10T04:30:00,VAV-101 AIRFLOW,1106.59,good
2026-07-10T04:30:00,VAV-101 HTG-CMD,82.34,good
2026-07-10T04:30:00,VAV-102 ZN-T,71.95,good
2026-07-10T04:30:00,VAV-102 ZN-SP,72,good
2026-07-10T04:30:00,VAV-102 DMP-CMD,82.34,good
2026-07-10T04:30:00,VAV-102 DMP-POS,69.5,good
2026-07-10T04:30:00,VAV-102 AIRFLOW,955.23,good
2026-07-10T04:30:00,VAV-201 ZN-T,72.44,good
2026-07-10T04:30:00,VAV-201 ZN-SP,72,good
2026-07-10T04:30:00,VAV-201 DMP-CMD,82.34,good
2026-07-10T04:30:00,VAV-201 DMP-POS,70.14,good
2026-07-10T04:30:00,VAV-201 AIRFLOW,1023.37,good
2026-07-10T04:30:00,VAV-201 HTG-CMD,82.34,good
2026-07-10T04:30:00,VAV-202 ZN-T,72.39,good
2026-07-10T04:30:00,VAV-202 ZN-SP,72,good
2026-07-10T04:30:00,VAV-202 DMP-CMD,82.34,good
2026-07-10T04:30:00,VAV-202 DMP-POS,69.02,good
2026-07-10T04:30:00,VAV-202 AIRFLOW,796.68,good
2026-07-10T04:30:00,VAV-203 ZN-T,71.99,good
2026-07-10T04:30:00,VAV-203 ZN-SP,72,good
2026-07-10T04:30:00,VAV-203 DMP-CMD,82.34,good
2026-07-10T04:30:00,VAV-203 DMP-POS,67.87,good
2026-07-10T04:30:00,VAV-203 AIRFLOW,949.74,good
2026-07-10T04:30:00,VAV-203 HTG-CMD,82.34,good
2026-07-10T04:45:00,AHU-1 SAT,56.52,good
2026-07-10T04:45:00,AHU-1 RAT,75.14,good
2026-07-10T04:45:00,AHU-1 MAT,71.31,good
2026-07-10T04:45:00,AHU-1 DAT-SP,55,good
2026-07-10T04:45:00,AHU-1 SF-CMD,1,good
2026-07-10T04:45:00,AHU-1 SF-STS,0,good
2026-07-10T04:45:00,AHU-1 SF-VFD-SPD,83.14,good
2026-07-10T04:45:00,AHU-1 OA-DMP-CMD,83.14,good
2026-07-10T04:45:00,AHU-1 CHW-VLV-CMD,83.14,good
2026-07-10T04:45:00,AHU-1 SAF-ALM,0,good
2026-07-10T04:45:00,AHU-2 SAT,56.54,good
2026-07-10T04:45:00,AHU-2 RAT,74.69,good
2026-07-10T04:45:00,AHU-2 MAT,71.93,good
2026-07-10T04:45:00,AHU-2 DAT-SP,55,good
2026-07-10T04:45:00,AHU-2 SF-CMD,1,good
2026-07-10T04:45:00,AHU-2 SF-STS,0,good
2026-07-10T04:45:00,AHU-2 SF-VFD-SPD,83.14,good
2026-07-10T04:45:00,AHU-2 OA-DMP-CMD,83.14,good
2026-07-10T04:45:00,AHU-2 HW-VLV-CMD,83.14,good
2026-07-10T04:45:00,AHU-2 SMK-ALM,0,good
2026-07-10T04:45:00,RTU-1 SAT,56.61,good
2026-07-10T04:45:00,RTU-1 RAT,74.9,good
2026-07-10T04:45:00,RTU-1 CLG-SP,72,good
2026-07-10T04:45:00,RTU-1 SF-CMD,1,good
2026-07-10T04:45:00,RTU-1 SF-STS,0,good
2026-07-10T04:45:00,RTU-1 HTG-EN,1,good
2026-07-10T04:45:00,RTU-1 CMP-STS,0,good
2026-07-10T04:45:00,RTU-1 FLT-ALM,0,good
2026-07-10T04:45:00,CHLR-1 CHWS,42.75,good
2026-07-10T04:45:00,CHLR-1 CHWR,56.96,good
2026-07-10T04:45:00,CHLR-1 CHW-DP,14.26,good
2026-07-10T04:45:00,CHLR-1 ENABLE,1,good
2026-07-10T04:45:00,CHLR-1 RUN-STS,0,good
2026-07-10T04:45:00,CHLR-1 ALM,0,good
2026-07-10T04:45:00,CHLR-1 LWT-SP,72,good
2026-07-10T04:45:00,CHLR-1 KW,93.93,good
2026-07-10T04:45:00,BLR-1 HWS,170.29,good
2026-07-10T04:45:00,BLR-1 HWR,151.51,good
2026-07-10T04:45:00,BLR-1 HWS-SP,72,good
2026-07-10T04:45:00,BLR-1 ENABLE,1,good
2026-07-10T04:45:00,BLR-1 RUN-STS,0,good
2026-07-10T04:45:00,BLR-1 ALM,0,good
2026-07-10T04:45:00,BLR-1 MOD-CMD,83.14,good
2026-07-10T04:45:00,BLR-1 GAS-PRES,7.98,good
2026-07-10T04:45:00,CT-1 CWS,83.99,good
2026-07-10T04:45:00,CT-1 CWR,93.05,good
2026-07-10T04:45:00,CT-1 FAN-CMD,1,good
2026-07-10T04:45:00,CT-1 FAN-STS,0,good
2026-07-10T04:45:00,CT-1 FAN-SPD,83.14,good
2026-07-10T04:45:00,CT-1 BASIN-LVL,68.59,good
2026-07-10T04:45:00,CT-1 ALM,0,good
2026-07-10T04:45:00,PUMP-CHW-1 CMD,1,good
2026-07-10T04:45:00,PUMP-CHW-1 STS,0,good
2026-07-10T04:45:00,PUMP-CHW-1 SPD,83.14,good
2026-07-10T04:45:00,PUMP-CHW-1 DP,14.18,good
2026-07-10T04:45:00,PUMP-CHW-2 CMD,1,good
2026-07-10T04:45:00,PUMP-CHW-2 STS,0,good
2026-07-10T04:45:00,PUMP-CHW-2 SPD,83.14,good
2026-07-10T04:45:00,PUMP-CHW-2 DP,14.28,good
2026-07-10T04:45:00,PUMP-HW-1 CMD,1,good
2026-07-10T04:45:00,PUMP-HW-1 STS,0,good
2026-07-10T04:45:00,PUMP-HW-1 SPD,83.14,good
2026-07-10T04:45:00,PUMP-HW-1 DP,14.52,good
2026-07-10T04:45:00,PUMP-CW-1 CMD,1,good
2026-07-10T04:45:00,PUMP-CW-1 STS,0,good
2026-07-10T04:45:00,PUMP-CW-1 SPD,83.14,good
2026-07-10T04:45:00,PUMP-CW-1 DP,14.44,good
2026-07-10T04:45:00,VAV-101 ZN-T,72.64,good
2026-07-10T04:45:00,VAV-101 ZN-SP,72,good
2026-07-10T04:45:00,VAV-101 DMP-CMD,83.14,good
2026-07-10T04:45:00,VAV-101 DMP-POS,67.75,good
2026-07-10T04:45:00,VAV-101 AIRFLOW,1121.17,good
2026-07-10T04:45:00,VAV-101 HTG-CMD,83.14,good
2026-07-10T04:45:00,VAV-102 ZN-T,72.78,good
2026-07-10T04:45:00,VAV-102 ZN-SP,72,good
2026-07-10T04:45:00,VAV-102 DMP-CMD,83.14,good
2026-07-10T04:45:00,VAV-102 DMP-POS,68.69,good
2026-07-10T04:45:00,VAV-102 AIRFLOW,967.24,good
2026-07-10T04:45:00,VAV-201 ZN-T,72.13,good
2026-07-10T04:45:00,VAV-201 ZN-SP,72,good
2026-07-10T04:45:00,VAV-201 DMP-CMD,83.14,good
2026-07-10T04:45:00,VAV-201 DMP-POS,70.83,good
2026-07-10T04:45:00,VAV-201 AIRFLOW,1043.61,good
2026-07-10T04:45:00,VAV-201 HTG-CMD,83.14,good
2026-07-10T04:45:00,VAV-202 ZN-T,72.23,good
2026-07-10T04:45:00,VAV-202 ZN-SP,72,good
2026-07-10T04:45:00,VAV-202 DMP-CMD,83.14,good
2026-07-10T04:45:00,VAV-202 DMP-POS,67.57,good
2026-07-10T04:45:00,VAV-202 AIRFLOW,801.46,good
2026-07-10T04:45:00,VAV-203 ZN-T,72.48,good
2026-07-10T04:45:00,VAV-203 ZN-SP,72,good
2026-07-10T04:45:00,VAV-203 DMP-CMD,83.14,good
2026-07-10T04:45:00,VAV-203 DMP-POS,67.31,good
2026-07-10T04:45:00,VAV-203 AIRFLOW,979.0,good
2026-07-10T04:45:00,VAV-203 HTG-CMD,83.14,good
2026-07-10T05:00:00,AHU-1 SAT,56.7,good
2026-07-10T05:00:00,AHU-1 RAT,74.94,good
2026-07-10T05:00:00,AHU-1 MAT,71.35,questionable
2026-07-10T05:00:00,AHU-1 DAT-SP,55,good
2026-07-10T05:00:00,AHU-1 SF-CMD,1,good
2026-07-10T05:00:00,AHU-1 SF-STS,0,good
2026-07-10T05:00:00,AHU-1 SF-VFD-SPD,83.81,good
2026-07-10T05:00:00,AHU-1 OA-DMP-CMD,83.81,good
2026-07-10T05:00:00,AHU-1 CHW-VLV-CMD,83.81,good
2026-07-10T05:00:00,AHU-1 SAF-ALM,0,good
2026-07-10T05:00:00,AHU-2 SAT,56.65,good
2026-07-10T05:00:00,AHU-2 RAT,74.97,good
2026-07-10T05:00:00,AHU-2 MAT,71.95,good
2026-07-10T05:00:00,AHU-2 DAT-SP,55,good
2026-07-10T05:00:00,AHU-2 SF-CMD,1,good
2026-07-10T05:00:00,AHU-2 SF-STS,0,good
2026-07-10T05:00:00,AHU-2 SF-VFD-SPD,83.81,good
2026-07-10T05:00:00,AHU-2 OA-DMP-CMD,83.81,good
2026-07-10T05:00:00,AHU-2 HW-VLV-CMD,83.81,good
2026-07-10T05:00:00,AHU-2 SMK-ALM,0,good
2026-07-10T05:00:00,RTU-1 SAT,56.45,good
2026-07-10T05:00:00,RTU-1 RAT,74.79,good
2026-07-10T05:00:00,RTU-1 CLG-SP,72,good
2026-07-10T05:00:00,RTU-1 SF-CMD,1,good
2026-07-10T05:00:00,RTU-1 SF-STS,0,good
2026-07-10T05:00:00,RTU-1 HTG-EN,1,good
2026-07-10T05:00:00,RTU-1 CMP-STS,0,good
2026-07-10T05:00:00,RTU-1 FLT-ALM,0,good
2026-07-10T05:00:00,CHLR-1 CHWS,42.84,good
2026-07-10T05:00:00,CHLR-1 CHWR,57.27,good
2026-07-10T05:00:00,CHLR-1 CHW-DP,14.26,good
2026-07-10T05:00:00,CHLR-1 ENABLE,1,good
2026-07-10T05:00:00,CHLR-1 RUN-STS,0,good
2026-07-10T05:00:00,CHLR-1 ALM,0,good
2026-07-10T05:00:00,CHLR-1 LWT-SP,72,good
2026-07-10T05:00:00,CHLR-1 KW,92.59,good
2026-07-10T05:00:00,BLR-1 HWS,170.32,good
2026-07-10T05:00:00,BLR-1 HWR,151.92,good
2026-07-10T05:00:00,BLR-1 HWS-SP,72,good
2026-07-10T05:00:00,BLR-1 ENABLE,1,good
2026-07-10T05:00:00,BLR-1 RUN-STS,0,good
2026-07-10T05:00:00,BLR-1 ALM,0,good
2026-07-10T05:00:00,BLR-1 MOD-CMD,83.81,good
2026-07-10T05:00:00,BLR-1 GAS-PRES,7.89,good
2026-07-10T05:00:00,CT-1 CWS,84.16,good
2026-07-10T05:00:00,CT-1 CWR,93.33,good
2026-07-10T05:00:00,CT-1 FAN-CMD,1,good
2026-07-10T05:00:00,CT-1 FAN-STS,0,good
2026-07-10T05:00:00,CT-1 FAN-SPD,83.81,good
2026-07-10T05:00:00,CT-1 BASIN-LVL,68.42,good
2026-07-10T05:00:00,CT-1 ALM,0,good
2026-07-10T05:00:00,PUMP-CHW-1 CMD,1,good
2026-07-10T05:00:00,PUMP-CHW-1 STS,0,good
2026-07-10T05:00:00,PUMP-CHW-1 SPD,83.81,good
2026-07-10T05:00:00,PUMP-CHW-1 DP,14.59,good
2026-07-10T05:00:00,PUMP-CHW-2 CMD,1,good
2026-07-10T05:00:00,PUMP-CHW-2 STS,0,good
2026-07-10T05:00:00,PUMP-CHW-2 SPD,83.81,good
2026-07-10T05:00:00,PUMP-CHW-2 DP,14.36,good
2026-07-10T05:00:00,PUMP-HW-1 CMD,1,good
2026-07-10T05:00:00,PUMP-HW-1 STS,0,good
2026-07-10T05:00:00,PUMP-HW-1 SPD,83.81,good
2026-07-10T05:00:00,PUMP-HW-1 DP,14.68,good
2026-07-10T05:00:00,PUMP-CW-1 CMD,1,good
2026-07-10T05:00:00,PUMP-CW-1 STS,0,good
2026-07-10T05:00:00,PUMP-CW-1 SPD,83.81,good
2026-07-10T05:00:00,PUMP-CW-1 DP,14.42,good
2026-07-10T05:00:00,VAV-101 ZN-T,72.8,good
2026-07-10T05:00:00,VAV-101 ZN-SP,72,good
2026-07-10T05:00:00,VAV-101 DMP-CMD,83.81,good
2026-07-10T05:00:00,VAV-101 DMP-POS,68.45,good
2026-07-10T05:00:00,VAV-101 AIRFLOW,1113.93,good
2026-07-10T05:00:00,VAV-101 HTG-CMD,83.81,good
2026-07-10T05:00:00,VAV-102 ZN-T,72.62,good
2026-07-10T05:00:00,VAV-102 ZN-SP,72,good
2026-07-10T05:00:00,VAV-102 DMP-CMD,83.81,good
2026-07-10T05:00:00,VAV-102 DMP-POS,71.31,good
2026-07-10T05:00:00,VAV-102 AIRFLOW,961.29,good
2026-07-10T05:00:00,VAV-201 ZN-T,72.27,good
2026-07-10T05:00:00,VAV-201 ZN-SP,72,good
2026-07-10T05:00:00,VAV-201 DMP-CMD,83.81,good
2026-07-10T05:00:00,VAV-201 DMP-POS,69.47,good
2026-07-10T05:00:00,VAV-201 AIRFLOW,1035.65,good
2026-07-10T05:00:00,VAV-201 HTG-CMD,83.81,good
2026-07-10T05:00:00,VAV-202 ZN-T,72.59,good
2026-07-10T05:00:00,VAV-202 ZN-SP,72,good
2026-07-10T05:00:00,VAV-202 DMP-CMD,83.81,good
2026-07-10T05:00:00,VAV-202 DMP-POS,69.49,good
2026-07-10T05:00:00,VAV-202 AIRFLOW,799.64,good
2026-07-10T05:00:00,VAV-203 ZN-T,72.4,good
2026-07-10T05:00:00,VAV-203 ZN-SP,72,good
2026-07-10T05:00:00,VAV-203 DMP-CMD,83.81,good
2026-07-10T05:00:00,VAV-203 DMP-POS,68.07,good
2026-07-10T05:00:00,VAV-203 AIRFLOW,969.61,good
2026-07-10T05:00:00,VAV-203 HTG-CMD,83.81,good
2026-07-10T05:15:00,AHU-1 SAT,56.51,good
2026-07-10T05:15:00,AHU-1 RAT,74.87,good
2026-07-10T05:15:00,AHU-1 MAT,72.24,questionable
2026-07-10T05:15:00,AHU-1 DAT-SP,55,good
2026-07-10T05:15:00,AHU-1 SF-CMD,1,good
2026-07-10T05:15:00,AHU-1 SF-STS,0,good
2026-07-10T05:15:00,AHU-1 SF-VFD-SPD,84.33,good
2026-07-10T05:15:00,AHU-1 OA-DMP-CMD,84.33,good
2026-07-10T05:15:00,AHU-1 CHW-VLV-CMD,84.33,good
2026-07-10T05:15:00,AHU-1 SAF-ALM,0,good
2026-07-10T05:15:00,AHU-2 SAT,56.2,good
2026-07-10T05:15:00,AHU-2 RAT,75.28,good
2026-07-10T05:15:00,AHU-2 MAT,72.17,good
2026-07-10T05:15:00,AHU-2 DAT-SP,55,good
2026-07-10T05:15:00,AHU-2 SF-CMD,1,good
2026-07-10T05:15:00,AHU-2 SF-STS,0,good
2026-07-10T05:15:00,AHU-2 SF-VFD-SPD,84.33,good
2026-07-10T05:15:00,AHU-2 OA-DMP-CMD,84.33,good
2026-07-10T05:15:00,AHU-2 HW-VLV-CMD,84.33,good
2026-07-10T05:15:00,AHU-2 SMK-ALM,0,good
2026-07-10T05:15:00,RTU-1 SAT,56.66,good
2026-07-10T05:15:00,RTU-1 RAT,75.0,good
2026-07-10T05:15:00,RTU-1 CLG-SP,72,good
2026-07-10T05:15:00,RTU-1 SF-CMD,1,good
2026-07-10T05:15:00,RTU-1 SF-STS,0,good
2026-07-10T05:15:00,RTU-1 HTG-EN,1,good
2026-07-10T05:15:00,RTU-1 CMP-STS,0,good
2026-07-10T05:15:00,RTU-1 FLT-ALM,0,good
2026-07-10T05:15:00,CHLR-1 CHWS,42.82,good
2026-07-10T05:15:00,CHLR-1 CHWR,57.24,good
2026-07-10T05:15:00,CHLR-1 CHW-DP,14.74,good
2026-07-10T05:15:00,CHLR-1 ENABLE,1,good
2026-07-10T05:15:00,CHLR-1 RUN-STS,0,good
2026-07-10T05:15:00,CHLR-1 ALM,0,good
2026-07-10T05:15:00,CHLR-1 LWT-SP,72,good
2026-07-10T05:15:00,CHLR-1 KW,92.64,good
2026-07-10T05:15:00,BLR-1 HWS,170.08,good
2026-07-10T05:15:00,BLR-1 HWR,151.66,good
2026-07-10T05:15:00,BLR-1 HWS-SP,72,good
2026-07-10T05:15:00,BLR-1 ENABLE,1,good
2026-07-10T05:15:00,BLR-1 RUN-STS,0,good
2026-07-10T05:15:00,BLR-1 ALM,0,good
2026-07-10T05:15:00,BLR-1 MOD-CMD,84.33,good
2026-07-10T05:15:00,BLR-1 GAS-PRES,7.91,good
2026-07-10T05:15:00,CT-1 CWS,84.18,good
2026-07-10T05:15:00,CT-1 CWR,93.42,good
2026-07-10T05:15:00,CT-1 FAN-CMD,1,good
2026-07-10T05:15:00,CT-1 FAN-STS,0,good
2026-07-10T05:15:00,CT-1 FAN-SPD,84.33,good
2026-07-10T05:15:00,CT-1 BASIN-LVL,69.38,good
2026-07-10T05:15:00,CT-1 ALM,0,good
2026-07-10T05:15:00,PUMP-CHW-1 CMD,1,good
2026-07-10T05:15:00,PUMP-CHW-1 STS,0,good
2026-07-10T05:15:00,PUMP-CHW-1 SPD,84.33,good
2026-07-10T05:15:00,PUMP-CHW-1 DP,14.47,good
2026-07-10T05:15:00,PUMP-CHW-2 CMD,1,good
2026-07-10T05:15:00,PUMP-CHW-2 STS,0,good
2026-07-10T05:15:00,PUMP-CHW-2 SPD,84.33,good
2026-07-10T05:15:00,PUMP-CHW-2 DP,14.43,good
2026-07-10T05:15:00,PUMP-HW-1 CMD,1,good
2026-07-10T05:15:00,PUMP-HW-1 STS,0,good
2026-07-10T05:15:00,PUMP-HW-1 SPD,84.33,good
2026-07-10T05:15:00,PUMP-HW-1 DP,14.59,good
2026-07-10T05:15:00,PUMP-CW-1 CMD,1,good
2026-07-10T05:15:00,PUMP-CW-1 STS,0,good
2026-07-10T05:15:00,PUMP-CW-1 SPD,84.33,good
2026-07-10T05:15:00,PUMP-CW-1 DP,14.4,good
2026-07-10T05:15:00,VAV-101 ZN-T,72.78,good
2026-07-10T05:15:00,VAV-101 ZN-SP,72,good
2026-07-10T05:15:00,VAV-101 DMP-CMD,84.33,good
2026-07-10T05:15:00,VAV-101 DMP-POS,68.23,good
2026-07-10T05:15:00,VAV-101 AIRFLOW,1122.96,good
2026-07-10T05:15:00,VAV-101 HTG-CMD,84.33,good
2026-07-10T05:15:00,VAV-102 ZN-T,73.03,good
2026-07-10T05:15:00,VAV-102 ZN-SP,72,good
2026-07-10T05:15:00,VAV-102 DMP-CMD,84.33,good
2026-07-10T05:15:00,VAV-102 DMP-POS,68.97,good
2026-07-10T05:15:00,VAV-102 AIRFLOW,971.29,good
2026-07-10T05:15:00,VAV-201 ZN-T,72.78,good
2026-07-10T05:15:00,VAV-201 ZN-SP,72,good
2026-07-10T05:15:00,VAV-201 DMP-CMD,84.33,good
2026-07-10T05:15:00,VAV-201 DMP-POS,71.02,good
2026-07-10T05:15:00,VAV-201 AIRFLOW,1057.97,good
2026-07-10T05:15:00,VAV-201 HTG-CMD,84.33,good
2026-07-10T05:15:00,VAV-202 ZN-T,72.95,good
2026-07-10T05:15:00,VAV-202 ZN-SP,72,good
2026-07-10T05:15:00,VAV-202 DMP-CMD,84.33,good
2026-07-10T05:15:00,VAV-202 DMP-POS,69.14,good
2026-07-10T05:15:00,VAV-202 AIRFLOW,795.65,good
2026-07-10T05:15:00,VAV-203 ZN-T,72.83,good
2026-07-10T05:15:00,VAV-203 ZN-SP,72,good
2026-07-10T05:15:00,VAV-203 DMP-CMD,84.33,good
2026-07-10T05:15:00,VAV-203 DMP-POS,70.65,good
2026-07-10T05:15:00,VAV-203 AIRFLOW,978.47,good
2026-07-10T05:15:00,VAV-203 HTG-CMD,84.33,good
2026-07-10T05:30:00,AHU-1 SAT,56.21,good
2026-07-10T05:30:00,AHU-1 RAT,74.85,good
2026-07-10T05:30:00,AHU-1 MAT,72.31,good
2026-07-10T05:30:00,AHU-1 DAT-SP,55,good
2026-07-10T05:30:00,AHU-1 SF-CMD,1,good
2026-07-10T05:30:00,AHU-1 SF-STS,0,good
2026-07-10T05:30:00,AHU-1 SF-VFD-SPD,84.7,good
2026-07-10T05:30:00,AHU-1 OA-DMP-CMD,84.7,good
2026-07-10T05:30:00,AHU-1 CHW-VLV-CMD,84.7,good
2026-07-10T05:30:00,AHU-1 SAF-ALM,0,good
2026-07-10T05:30:00,AHU-2 SAT,56.74,good
2026-07-10T05:30:00,AHU-2 RAT,75.59,good
2026-07-10T05:30:00,AHU-2 MAT,72.42,good
2026-07-10T05:30:00,AHU-2 DAT-SP,55,good
2026-07-10T05:30:00,AHU-2 SF-CMD,1,good
2026-07-10T05:30:00,AHU-2 SF-STS,0,good
2026-07-10T05:30:00,AHU-2 SF-VFD-SPD,84.7,good
2026-07-10T05:30:00,AHU-2 OA-DMP-CMD,84.7,good
2026-07-10T05:30:00,AHU-2 HW-VLV-CMD,84.7,good
2026-07-10T05:30:00,AHU-2 SMK-ALM,0,good
2026-07-10T05:30:00,RTU-1 SAT,56.45,good
2026-07-10T05:30:00,RTU-1 RAT,74.87,good
2026-07-10T05:30:00,RTU-1 CLG-SP,72,good
2026-07-10T05:30:00,RTU-1 SF-CMD,1,good
2026-07-10T05:30:00,RTU-1 SF-STS,0,good
2026-07-10T05:30:00,RTU-1 HTG-EN,1,good
2026-07-10T05:30:00,RTU-1 CMP-STS,0,good
2026-07-10T05:30:00,RTU-1 FLT-ALM,0,good
2026-07-10T05:30:00,CHLR-1 CHWS,42.82,good
2026-07-10T05:30:00,CHLR-1 CHWR,57.28,good
2026-07-10T05:30:00,CHLR-1 CHW-DP,14.44,good
2026-07-10T05:30:00,CHLR-1 ENABLE,1,good
2026-07-10T05:30:00,CHLR-1 RUN-STS,0,good
2026-07-10T05:30:00,CHLR-1 ALM,0,good
2026-07-10T05:30:00,CHLR-1 LWT-SP,72,good
2026-07-10T05:30:00,CHLR-1 KW,93.62,good
2026-07-10T05:30:00,BLR-1 HWS,170.8,good
2026-07-10T05:30:00,BLR-1 HWR,151.36,good
2026-07-10T05:30:00,BLR-1 HWS-SP,72,good
2026-07-10T05:30:00,BLR-1 ENABLE,1,good
2026-07-10T05:30:00,BLR-1 RUN-STS,0,good
2026-07-10T05:30:00,BLR-1 ALM,0,good
2026-07-10T05:30:00,BLR-1 MOD-CMD,84.7,good
2026-07-10T05:30:00,BLR-1 GAS-PRES,7.96,good
2026-07-10T05:30:00,CT-1 CWS,83.86,good
2026-07-10T05:30:00,CT-1 CWR,93.2,good
2026-07-10T05:30:00,CT-1 FAN-CMD,1,good
2026-07-10T05:30:00,CT-1 FAN-STS,0,good
2026-07-10T05:30:00,CT-1 FAN-SPD,84.7,good
2026-07-10T05:30:00,CT-1 BASIN-LVL,68.41,good
2026-07-10T05:30:00,CT-1 ALM,0,good
2026-07-10T05:30:00,PUMP-CHW-1 CMD,1,good
2026-07-10T05:30:00,PUMP-CHW-1 STS,0,good
2026-07-10T05:30:00,PUMP-CHW-1 SPD,84.7,good
2026-07-10T05:30:00,PUMP-CHW-1 DP,14.5,good
2026-07-10T05:30:00,PUMP-CHW-2 CMD,1,good
2026-07-10T05:30:00,PUMP-CHW-2 STS,0,good
2026-07-10T05:30:00,PUMP-CHW-2 SPD,84.7,good
2026-07-10T05:30:00,PUMP-CHW-2 DP,14.52,good
2026-07-10T05:30:00,PUMP-HW-1 CMD,1,good
2026-07-10T05:30:00,PUMP-HW-1 STS,0,good
2026-07-10T05:30:00,PUMP-HW-1 SPD,84.7,good
2026-07-10T05:30:00,PUMP-HW-1 DP,14.65,good
2026-07-10T05:30:00,PUMP-CW-1 CMD,1,good
2026-07-10T05:30:00,PUMP-CW-1 STS,0,good
2026-07-10T05:30:00,PUMP-CW-1 SPD,84.7,good
2026-07-10T05:30:00,PUMP-CW-1 DP,14.28,good
2026-07-10T05:30:00,VAV-101 ZN-T,72.43,good
2026-07-10T05:30:00,VAV-101 ZN-SP,72,good
2026-07-10T05:30:00,VAV-101 DMP-CMD,84.7,good
2026-07-10T05:30:00,VAV-101 DMP-POS,71.31,good
2026-07-10T05:30:00,VAV-101 AIRFLOW,1130.53,good
2026-07-10T05:30:00,VAV-101 HTG-CMD,84.7,good
2026-07-10T05:30:00,VAV-102 ZN-T,72.56,good
2026-07-10T05:30:00,VAV-102 ZN-SP,72,good
2026-07-10T05:30:00,VAV-102 DMP-CMD,84.7,good
2026-07-10T05:30:00,VAV-102 DMP-POS,71.48,good
2026-07-10T05:30:00,VAV-102 AIRFLOW,950.65,good
2026-07-10T05:30:00,VAV-201 ZN-T,72.74,good
2026-07-10T05:30:00,VAV-201 ZN-SP,72,good
2026-07-10T05:30:00,VAV-201 DMP-CMD,84.7,good
2026-07-10T05:30:00,VAV-201 DMP-POS,68.84,good
2026-07-10T05:30:00,VAV-201 AIRFLOW,1035.55,good
2026-07-10T05:30:00,VAV-201 HTG-CMD,84.7,good
2026-07-10T05:30:00,VAV-202 ZN-T,72.37,good
2026-07-10T05:30:00,VAV-202 ZN-SP,72,good
2026-07-10T05:30:00,VAV-202 DMP-CMD,84.7,good
2026-07-10T05:30:00,VAV-202 DMP-POS,71.05,good
2026-07-10T05:30:00,VAV-202 AIRFLOW,820.15,good
2026-07-10T05:30:00,VAV-203 ZN-T,72.91,good
2026-07-10T05:30:00,VAV-203 ZN-SP,72,good
2026-07-10T05:30:00,VAV-203 DMP-CMD,84.7,good
2026-07-10T05:30:00,VAV-203 DMP-POS,68.46,good
2026-07-10T05:30:00,VAV-203 AIRFLOW,962.59,good
2026-07-10T05:30:00,VAV-203 HTG-CMD,84.7,good
2026-07-10T05:45:00,AHU-1 SAT,56.4,good
2026-07-10T05:45:00,AHU-1 RAT,75.37,good
2026-07-10T05:45:00,AHU-1 MAT,72.5,good
2026-07-10T05:45:00,AHU-1 DAT-SP,55,good
2026-07-10T05:45:00,AHU-1 SF-CMD,1,good
2026-07-10T05:45:00,AHU-1 SF-STS,0,good
2026-07-10T05:45:00,AHU-1 SF-VFD-SPD,84.93,good
2026-07-10T05:45:00,AHU-1 OA-DMP-CMD,84.93,good
2026-07-10T05:45:00,AHU-1 CHW-VLV-CMD,84.93,good
2026-07-10T05:45:00,AHU-1 SAF-ALM,0,good
2026-07-10T05:45:00,AHU-2 SAT,56.45,good
2026-07-10T05:45:00,AHU-2 RAT,75.1,good
2026-07-10T05:45:00,AHU-2 MAT,72.71,good
2026-07-10T05:45:00,AHU-2 DAT-SP,55,good
2026-07-10T05:45:00,AHU-2 SF-CMD,1,good
2026-07-10T05:45:00,AHU-2 SF-STS,0,good
2026-07-10T05:45:00,AHU-2 SF-VFD-SPD,84.93,good
2026-07-10T05:45:00,AHU-2 OA-DMP-CMD,84.93,good
2026-07-10T05:45:00,AHU-2 HW-VLV-CMD,84.93,good
2026-07-10T05:45:00,AHU-2 SMK-ALM,0,good
2026-07-10T05:45:00,RTU-1 SAT,56.32,good
2026-07-10T05:45:00,RTU-1 RAT,75.2,good
2026-07-10T05:45:00,RTU-1 CLG-SP,72,good
2026-07-10T05:45:00,RTU-1 SF-CMD,1,good
2026-07-10T05:45:00,RTU-1 SF-STS,0,good
2026-07-10T05:45:00,RTU-1 HTG-EN,1,good
2026-07-10T05:45:00,RTU-1 CMP-STS,0,good
2026-07-10T05:45:00,RTU-1 FLT-ALM,0,good
2026-07-10T05:45:00,CHLR-1 CHWS,42.79,good
2026-07-10T05:45:00,CHLR-1 CHWR,57.05,good
2026-07-10T05:45:00,CHLR-1 CHW-DP,14.54,good
2026-07-10T05:45:00,CHLR-1 ENABLE,1,good
2026-07-10T05:45:00,CHLR-1 RUN-STS,0,good
2026-07-10T05:45:00,CHLR-1 ALM,0,good
2026-07-10T05:45:00,CHLR-1 LWT-SP,72,good
2026-07-10T05:45:00,CHLR-1 KW,93.26,good
2026-07-10T05:45:00,BLR-1 HWS,170.89,good
2026-07-10T05:45:00,BLR-1 HWR,151.62,good
2026-07-10T05:45:00,BLR-1 HWS-SP,72,good
2026-07-10T05:45:00,BLR-1 ENABLE,1,good
2026-07-10T05:45:00,BLR-1 RUN-STS,0,good
2026-07-10T05:45:00,BLR-1 ALM,0,good
2026-07-10T05:45:00,BLR-1 MOD-CMD,84.93,good
2026-07-10T05:45:00,BLR-1 GAS-PRES,7.99,good
2026-07-10T05:45:00,CT-1 CWS,84.09,good
2026-07-10T05:45:00,CT-1 CWR,93.2,good
2026-07-10T05:45:00,CT-1 FAN-CMD,1,good
2026-07-10T05:45:00,CT-1 FAN-STS,0,good
2026-07-10T05:45:00,CT-1 FAN-SPD,84.93,good
2026-07-10T05:45:00,CT-1 BASIN-LVL,70.22,good
2026-07-10T05:45:00,CT-1 ALM,0,good
2026-07-10T05:45:00,PUMP-CHW-1 CMD,1,good
2026-07-10T05:45:00,PUMP-CHW-1 STS,0,good
2026-07-10T05:45:00,PUMP-CHW-1 SPD,84.93,good
2026-07-10T05:45:00,PUMP-CHW-1 DP,14.61,good
2026-07-10T05:45:00,PUMP-CHW-2 CMD,1,good
2026-07-10T05:45:00,PUMP-CHW-2 STS,0,good
2026-07-10T05:45:00,PUMP-CHW-2 SPD,84.93,good
2026-07-10T05:45:00,PUMP-CHW-2 DP,14.64,good
2026-07-10T05:45:00,PUMP-HW-1 CMD,1,good
2026-07-10T05:45:00,PUMP-HW-1 STS,0,good
2026-07-10T05:45:00,PUMP-HW-1 SPD,84.93,good
2026-07-10T05:45:00,PUMP-HW-1 DP,14.22,good
2026-07-10T05:45:00,PUMP-CW-1 CMD,1,good
2026-07-10T05:45:00,PUMP-CW-1 STS,0,good
2026-07-10T05:45:00,PUMP-CW-1 SPD,84.93,good
2026-07-10T05:45:00,PUMP-CW-1 DP,14.56,good
2026-07-10T05:45:00,VAV-101 ZN-T,72.87,good
2026-07-10T05:45:00,VAV-101 ZN-SP,72,good
2026-07-10T05:45:00,VAV-101 DMP-CMD,84.93,good
2026-07-10T05:45:00,VAV-101 DMP-POS,71.57,good
2026-07-10T05:45:00,VAV-101 AIRFLOW,1118.13,good
2026-07-10T05:45:00,VAV-101 HTG-CMD,84.93,good
2026-07-10T05:45:00,VAV-102 ZN-T,73.11,good
2026-07-10T05:45:00,VAV-102 ZN-SP,72,good
2026-07-10T05:45:00,VAV-102 DMP-CMD,84.93,good
2026-07-10T05:45:00,VAV-102 DMP-POS,70.39,good
2026-07-10T05:45:00,VAV-102 AIRFLOW,959.82,good
2026-07-10T05:45:00,VAV-201 ZN-T,72.98,good
2026-07-10T05:45:00,VAV-201 ZN-SP,72,good
2026-07-10T05:45:00,VAV-201 DMP-CMD,84.93,good
2026-07-10T05:45:00,VAV-201 DMP-POS,70.44,good
2026-07-10T05:45:00,VAV-201 AIRFLOW,1053.32,good
2026-07-10T05:45:00,VAV-201 HTG-CMD,84.93,good
2026-07-10T05:45:00,VAV-202 ZN-T,73.05,good
2026-07-10T05:45:00,VAV-202 ZN-SP,72,good
2026-07-10T05:45:00,VAV-202 DMP-CMD,84.93,good
2026-07-10T05:45:00,VAV-202 DMP-POS,70.59,good
2026-07-10T05:45:00,VAV-202 AIRFLOW,818.31,good
2026-07-10T05:45:00,VAV-203 ZN-T,72.97,good
2026-07-10T05:45:00,VAV-203 ZN-SP,72,good
2026-07-10T05:45:00,VAV-203 DMP-CMD,84.93,good
2026-07-10T05:45:00,VAV-203 DMP-POS,71.57,good
2026-07-10T05:45:00,VAV-203 AIRFLOW,971.58,good
2026-07-10T05:45:00,VAV-203 HTG-CMD,84.93,good
2026-07-10T06:00:00,AHU-1 SAT,56.39,good
2026-07-10T06:00:00,AHU-1 RAT,75.35,good
2026-07-10T06:00:00,AHU-1 MAT,72.61,good
2026-07-10T06:00:00,AHU-1 DAT-SP,55,good
2026-07-10T06:00:00,AHU-1 SF-CMD,1,good
2026-07-10T06:00:00,AHU-1 SF-STS,1,good
2026-07-10T06:00:00,AHU-1 SF-VFD-SPD,85.0,good
2026-07-10T06:00:00,AHU-1 OA-DMP-CMD,85.0,good
2026-07-10T06:00:00,AHU-1 CHW-VLV-CMD,85.0,good
2026-07-10T06:00:00,AHU-1 SAF-ALM,0,good
2026-07-10T06:00:00,AHU-2 SAT,56.64,good
2026-07-10T06:00:00,AHU-2 RAT,75.07,good
2026-07-10T06:00:00,AHU-2 MAT,72.32,good
2026-07-10T06:00:00,AHU-2 DAT-SP,55,good
2026-07-10T06:00:00,AHU-2 SF-CMD,1,good
2026-07-10T06:00:00,AHU-2 SF-STS,1,good
2026-07-10T06:00:00,AHU-2 SF-VFD-SPD,85.0,good
2026-07-10T06:00:00,AHU-2 OA-DMP-CMD,85.0,good
2026-07-10T06:00:00,AHU-2 HW-VLV-CMD,85.0,good
2026-07-10T06:00:00,AHU-2 SMK-ALM,0,good
2026-07-10T06:00:00,RTU-1 SAT,56.65,good
2026-07-10T06:00:00,RTU-1 RAT,75.13,good
2026-07-10T06:00:00,RTU-1 CLG-SP,72,good
2026-07-10T06:00:00,RTU-1 SF-CMD,1,good
2026-07-10T06:00:00,RTU-1 SF-STS,1,good
2026-07-10T06:00:00,RTU-1 HTG-EN,1,good
2026-07-10T06:00:00,RTU-1 CMP-STS,1,good
2026-07-10T06:00:00,RTU-1 FLT-ALM,0,good
2026-07-10T06:00:00,CHLR-1 CHWS,42.73,good
2026-07-10T06:00:00,CHLR-1 CHWR,57.19,good
2026-07-10T06:00:00,CHLR-1 CHW-DP,14.78,good
2026-07-10T06:00:00,CHLR-1 ENABLE,1,good
2026-07-10T06:00:00,CHLR-1 RUN-STS,1,good
2026-07-10T06:00:00,CHLR-1 ALM,0,good
2026-07-10T06:00:00,CHLR-1 LWT-SP,72,good
2026-07-10T06:00:00,CHLR-1 KW,93.12,good
2026-07-10T06:00:00,BLR-1 HWS,170.83,good
2026-07-10T06:00:00,BLR-1 HWR,152.11,good
2026-07-10T06:00:00,BLR-1 HWS-SP,72,good
2026-07-10T06:00:00,BLR-1 ENABLE,1,good
2026-07-10T06:00:00,BLR-1 RUN-STS,1,good
2026-07-10T06:00:00,BLR-1 ALM,0,good
2026-07-10T06:00:00,BLR-1 MOD-CMD,85.0,good
2026-07-10T06:00:00,BLR-1 GAS-PRES,7.85,good
2026-07-10T06:00:00,CT-1 CWS,84.19,good
2026-07-10T06:00:00,CT-1 CWR,93.38,good
2026-07-10T06:00:00,CT-1 FAN-CMD,1,good
2026-07-10T06:00:00,CT-1 FAN-STS,1,good
2026-07-10T06:00:00,CT-1 FAN-SPD,85.0,good
2026-07-10T06:00:00,CT-1 BASIN-LVL,71.23,good
2026-07-10T06:00:00,CT-1 ALM,0,good
2026-07-10T06:00:00,PUMP-CHW-1 CMD,1,good
2026-07-10T06:00:00,PUMP-CHW-1 STS,1,good
2026-07-10T06:00:00,PUMP-CHW-1 SPD,85.0,good
2026-07-10T06:00:00,PUMP-CHW-1 DP,14.65,good
2026-07-10T06:00:00,PUMP-CHW-2 CMD,1,good
2026-07-10T06:00:00,PUMP-CHW-2 STS,1,good
2026-07-10T06:00:00,PUMP-CHW-2 SPD,85.0,good
2026-07-10T06:00:00,PUMP-CHW-2 DP,14.4,good
2026-07-10T06:00:00,PUMP-HW-1 CMD,1,good
2026-07-10T06:00:00,PUMP-HW-1 STS,1,good
2026-07-10T06:00:00,PUMP-HW-1 SPD,85.0,good
2026-07-10T06:00:00,PUMP-HW-1 DP,14.27,good
2026-07-10T06:00:00,PUMP-CW-1 CMD,1,good
2026-07-10T06:00:00,PUMP-CW-1 STS,1,good
2026-07-10T06:00:00,PUMP-CW-1 SPD,85.0,good
2026-07-10T06:00:00,PUMP-CW-1 DP,14.78,good
2026-07-10T06:00:00,VAV-101 ZN-T,72.69,good
2026-07-10T06:00:00,VAV-101 ZN-SP,72,good
2026-07-10T06:00:00,VAV-101 DMP-CMD,85.0,good
2026-07-10T06:00:00,VAV-101 DMP-POS,71.87,good
2026-07-10T06:00:00,VAV-101 AIRFLOW,1141.41,good
2026-07-10T06:00:00,VAV-101 HTG-CMD,85.0,good
2026-07-10T06:00:00,VAV-102 ZN-T,73.15,good
2026-07-10T06:00:00,VAV-102 ZN-SP,72,good
2026-07-10T06:00:00,VAV-102 DMP-CMD,85.0,good
2026-07-10T06:00:00,VAV-102 DMP-POS,71.92,good
2026-07-10T06:00:00,VAV-102 AIRFLOW,984.69,good
2026-07-10T06:00:00,VAV-201 ZN-T,73.22,good
2026-07-10T06:00:00,VAV-201 ZN-SP,72,good
2026-07-10T06:00:00,VAV-201 DMP-CMD,85.0,good
2026-07-10T06:00:00,VAV-201 DMP-POS,69.46,good
2026-07-10T06:00:00,VAV-201 AIRFLOW,1058.13,good
2026-07-10T06:00:00,VAV-201 HTG-CMD,85.0,good
2026-07-10T06:00:00,VAV-202 ZN-T,72.58,good
2026-07-10T06:00:00,VAV-202 ZN-SP,72,good
2026-07-10T06:00:00,VAV-202 DMP-CMD,85.0,good
2026-07-10T06:00:00,VAV-202 DMP-POS,70.15,good
2026-07-10T06:00:00,VAV-202 AIRFLOW,803.19,good
2026-07-10T06:00:00,VAV-203 ZN-T,73.11,good
2026-07-10T06:00:00,VAV-203 ZN-SP,72,good
2026-07-10T06:00:00,VAV-203 DMP-CMD,85.0,good
2026-07-10T06:00:00,VAV-203 DMP-POS,70.69,good
2026-07-10T06:00:00,VAV-203 AIRFLOW,969.38,good
2026-07-10T06:00:00,VAV-203 HTG-CMD,85.0,good
2026-07-10T06:15:00,AHU-1 SAT,56.69,good
2026-07-10T06:15:00,AHU-1 RAT,75.84,good
2026-07-10T06:15:00,AHU-1 MAT,72.28,good
2026-07-10T06:15:00,AHU-1 DAT-SP,55,good
2026-07-10T06:15:00,AHU-1 SF-CMD,1,good
2026-07-10T06:15:00,AHU-1 SF-STS,1,good
2026-07-10T06:15:00,AHU-1 SF-VFD-SPD,84.93,good
2026-07-10T06:15:00,AHU-1 OA-DMP-CMD,84.93,good
2026-07-10T06:15:00,AHU-1 CHW-VLV-CMD,84.93,good
2026-07-10T06:15:00,AHU-1 SAF-ALM,0,good
2026-07-10T06:15:00,AHU-2 SAT,56.34,good
2026-07-10T06:15:00,AHU-2 RAT,75.1,good
2026-07-10T06:15:00,AHU-2 MAT,73.05,good
2026-07-10T06:15:00,AHU-2 DAT-SP,55,good
2026-07-10T06:15:00,AHU-2 SF-CMD,1,good
2026-07-10T06:15:00,AHU-2 SF-STS,1,good
2026-07-10T06:15:00,AHU-2 SF-VFD-SPD,84.93,good
2026-07-10T06:15:00,AHU-2 OA-DMP-CMD,84.93,good
2026-07-10T06:15:00,AHU-2 HW-VLV-CMD,84.93,good
2026-07-10T06:15:00,AHU-2 SMK-ALM,0,good
2026-07-10T06:15:00,RTU-1 SAT,56.53,good
2026-07-10T06:15:00,RTU-1 RAT,75.82,good
2026-07-10T06:15:00,RTU-1 CLG-SP,72,good
2026-07-10T06:15:00,RTU-1 SF-CMD,1,good
2026-07-10T06:15:00,RTU-1 SF-STS,1,good
2026-07-10T06:15:00,RTU-1 HTG-EN,1,good
2026-07-10T06:15:00,RTU-1 CMP-STS,1,good
2026-07-10T06:15:00,RTU-1 FLT-ALM,0,good
2026-07-10T06:15:00,CHLR-1 CHWS,42.74,good
2026-07-10T06:15:00,CHLR-1 CHWR,57.01,good
2026-07-10T06:15:00,CHLR-1 CHW-DP,14.69,good
2026-07-10T06:15:00,CHLR-1 ENABLE,1,good
2026-07-10T06:15:00,CHLR-1 RUN-STS,1,good
2026-07-10T06:15:00,CHLR-1 ALM,0,good
2026-07-10T06:15:00,CHLR-1 LWT-SP,72,good
2026-07-10T06:15:00,CHLR-1 KW,94.6,good
2026-07-10T06:15:00,BLR-1 HWS,170.34,good
2026-07-10T06:15:00,BLR-1 HWR,151.82,good
2026-07-10T06:15:00,BLR-1 HWS-SP,72,good
2026-07-10T06:15:00,BLR-1 ENABLE,1,good
2026-07-10T06:15:00,BLR-1 RUN-STS,1,good
2026-07-10T06:15:00,BLR-1 ALM,0,good
2026-07-10T06:15:00,BLR-1 MOD-CMD,84.93,good
2026-07-10T06:15:00,BLR-1 GAS-PRES,7.83,good
2026-07-10T06:15:00,CT-1 CWS,84.26,good
2026-07-10T06:15:00,CT-1 CWR,93.31,good
2026-07-10T06:15:00,CT-1 FAN-CMD,1,good
2026-07-10T06:15:00,CT-1 FAN-STS,1,good
2026-07-10T06:15:00,CT-1 FAN-SPD,84.93,good
2026-07-10T06:15:00,CT-1 BASIN-LVL,69.93,good
2026-07-10T06:15:00,CT-1 ALM,0,good
2026-07-10T06:15:00,PUMP-CHW-1 CMD,1,good
2026-07-10T06:15:00,PUMP-CHW-1 STS,1,good
2026-07-10T06:15:00,PUMP-CHW-1 SPD,84.93,good
2026-07-10T06:15:00,PUMP-CHW-1 DP,14.25,good
2026-07-10T06:15:00,PUMP-CHW-2 CMD,1,good
2026-07-10T06:15:00,PUMP-CHW-2 STS,1,good
2026-07-10T06:15:00,PUMP-CHW-2 SPD,84.93,good
2026-07-10T06:15:00,PUMP-CHW-2 DP,14.73,good
2026-07-10T06:15:00,PUMP-HW-1 CMD,1,good
2026-07-10T06:15:00,PUMP-HW-1 STS,1,good
2026-07-10T06:15:00,PUMP-HW-1 SPD,84.93,good
2026-07-10T06:15:00,PUMP-HW-1 DP,14.28,good
2026-07-10T06:15:00,PUMP-CW-1 CMD,1,good
2026-07-10T06:15:00,PUMP-CW-1 STS,1,good
2026-07-10T06:15:00,PUMP-CW-1 SPD,84.93,good
2026-07-10T06:15:00,PUMP-CW-1 DP,14.47,good
2026-07-10T06:15:00,VAV-101 ZN-T,73.21,good
2026-07-10T06:15:00,VAV-101 ZN-SP,72,good
2026-07-10T06:15:00,VAV-101 DMP-CMD,84.93,good
2026-07-10T06:15:00,VAV-101 DMP-POS,70.93,good
2026-07-10T06:15:00,VAV-101 AIRFLOW,1144.52,good
2026-07-10T06:15:00,VAV-101 HTG-CMD,84.93,good
2026-07-10T06:15:00,VAV-102 ZN-T,73.0,good
2026-07-10T06:15:00,VAV-102 ZN-SP,72,good
2026-07-10T06:15:00,VAV-102 DMP-CMD,84.93,good
2026-07-10T06:15:00,VAV-102 DMP-POS,70.93,good
2026-07-10T06:15:00,VAV-102 AIRFLOW,951.91,good
2026-07-10T06:15:00,VAV-201 ZN-T,73.0,good
2026-07-10T06:15:00,VAV-201 ZN-SP,72,good
2026-07-10T06:15:00,VAV-201 DMP-CMD,84.93,good
2026-07-10T06:15:00,VAV-201 DMP-POS,68.35,good
2026-07-10T06:15:00,VAV-201 AIRFLOW,1045.78,good
2026-07-10T06:15:00,VAV-201 HTG-CMD,84.93,good
2026-07-10T06:15:00,VAV-202 ZN-T,73.0,good
2026-07-10T06:15:00,VAV-202 ZN-SP,72,good
2026-07-10T06:15:00,VAV-202 DMP-CMD,84.93,good
2026-07-10T06:15:00,VAV-202 DMP-POS,71.76,good
2026-07-10T06:15:00,VAV-202 AIRFLOW,786.08,good
2026-07-10T06:15:00,VAV-203 ZN-T,72.97,good
2026-07-10T06:15:00,VAV-203 ZN-SP,72,good
2026-07-10T06:15:00,VAV-203 DMP-CMD,84.93,good
2026-07-10T06:15:00,VAV-203 DMP-POS,69.73,good
2026-07-10T06:15:00,VAV-203 AIRFLOW,983.75,good
2026-07-10T06:15:00,VAV-203 HTG-CMD,84.93,good
2026-07-10T06:30:00,AHU-1 SAT,56.7,good
2026-07-10T06:30:00,AHU-1 RAT,75.25,good
2026-07-10T06:30:00,AHU-1 MAT,72.97,good
2026-07-10T06:30:00,AHU-1 DAT-SP,55,good
2026-07-10T06:30:00,AHU-1 SF-CMD,1,good
2026-07-10T06:30:00,AHU-1 SF-STS,1,good
2026-07-10T06:30:00,AHU-1 SF-VFD-SPD,84.7,good
2026-07-10T06:30:00,AHU-1 OA-DMP-CMD,84.7,good
2026-07-10T06:30:00,AHU-1 CHW-VLV-CMD,84.7,good
2026-07-10T06:30:00,AHU-1 SAF-ALM,0,good
2026-07-10T06:30:00,AHU-2 SAT,56.51,good
2026-07-10T06:30:00,AHU-2 RAT,75.95,good
2026-07-10T06:30:00,AHU-2 MAT,72.64,good
2026-07-10T06:30:00,AHU-2 DAT-SP,55,good
2026-07-10T06:30:00,AHU-2 SF-CMD,1,good
2026-07-10T06:30:00,AHU-2 SF-STS,1,good
2026-07-10T06:30:00,AHU-2 SF-VFD-SPD,84.7,good
2026-07-10T06:30:00,AHU-2 OA-DMP-CMD,84.7,good
2026-07-10T06:30:00,AHU-2 HW-VLV-CMD,84.7,good
2026-07-10T06:30:00,AHU-2 SMK-ALM,0,good
2026-07-10T06:30:00,RTU-1 SAT,56.43,good
2026-07-10T06:30:00,RTU-1 RAT,75.32,good
2026-07-10T06:30:00,RTU-1 CLG-SP,72,good
2026-07-10T06:30:00,RTU-1 SF-CMD,1,good
2026-07-10T06:30:00,RTU-1 SF-STS,1,good
2026-07-10T06:30:00,RTU-1 HTG-EN,1,good
2026-07-10T06:30:00,RTU-1 CMP-STS,1,good
2026-07-10T06:30:00,RTU-1 FLT-ALM,0,good
2026-07-10T06:30:00,CHLR-1 CHWS,42.72,good
2026-07-10T06:30:00,CHLR-1 CHWR,57.34,good
2026-07-10T06:30:00,CHLR-1 CHW-DP,14.45,good
2026-07-10T06:30:00,CHLR-1 ENABLE,1,good
2026-07-10T06:30:00,CHLR-1 RUN-STS,1,good
2026-07-10T06:30:00,CHLR-1 ALM,0,good
2026-07-10T06:30:00,CHLR-1 LWT-SP,72,good
2026-07-10T06:30:00,CHLR-1 KW,93.5,good
2026-07-10T06:30:00,BLR-1 HWS,170.59,good
2026-07-10T06:30:00,BLR-1 HWR,152.01,good
2026-07-10T06:30:00,BLR-1 HWS-SP,72,good
2026-07-10T06:30:00,BLR-1 ENABLE,1,good
2026-07-10T06:30:00,BLR-1 RUN-STS,1,good
2026-07-10T06:30:00,BLR-1 ALM,0,good
2026-07-10T06:30:00,BLR-1 MOD-CMD,84.7,good
2026-07-10T06:30:00,BLR-1 GAS-PRES,7.8,good
2026-07-10T06:30:00,CT-1 CWS,84.15,good
2026-07-10T06:30:00,CT-1 CWR,93.31,good
2026-07-10T06:30:00,CT-1 FAN-CMD,1,good
2026-07-10T06:30:00,CT-1 FAN-STS,1,good
2026-07-10T06:30:00,CT-1 FAN-SPD,84.7,good
2026-07-10T06:30:00,CT-1 BASIN-LVL,68.33,good
2026-07-10T06:30:00,CT-1 ALM,0,good
2026-07-10T06:30:00,PUMP-CHW-1 CMD,1,good
2026-07-10T06:30:00,PUMP-CHW-1 STS,1,good
2026-07-10T06:30:00,PUMP-CHW-1 SPD,84.7,good
2026-07-10T06:30:00,PUMP-CHW-1 DP,14.52,good
2026-07-10T06:30:00,PUMP-CHW-2 CMD,1,good
2026-07-10T06:30:00,PUMP-CHW-2 STS,1,good
2026-07-10T06:30:00,PUMP-CHW-2 SPD,84.7,good
2026-07-10T06:30:00,PUMP-CHW-2 DP,14.22,good
2026-07-10T06:30:00,PUMP-HW-1 CMD,1,good
2026-07-10T06:30:00,PUMP-HW-1 STS,1,good
2026-07-10T06:30:00,PUMP-HW-1 SPD,84.7,good
2026-07-10T06:30:00,PUMP-HW-1 DP,14.64,good
2026-07-10T06:30:00,PUMP-CW-1 CMD,1,good
2026-07-10T06:30:00,PUMP-CW-1 STS,1,good
2026-07-10T06:30:00,PUMP-CW-1 SPD,84.7,good
2026-07-10T06:30:00,PUMP-CW-1 DP,14.3,good
2026-07-10T06:30:00,VAV-101 ZN-T,72.93,good
2026-07-10T06:30:00,VAV-101 ZN-SP,72,good
2026-07-10T06:30:00,VAV-101 DMP-CMD,84.7,good
2026-07-10T06:30:00,VAV-101 DMP-POS,71.31,good
2026-07-10T06:30:00,VAV-101 AIRFLOW,1118.88,good
2026-07-10T06:30:00,VAV-101 HTG-CMD,84.7,good
2026-07-10T06:30:00,VAV-102 ZN-T,72.88,good
2026-07-10T06:30:00,VAV-102 ZN-SP,72,good
2026-07-10T06:30:00,VAV-102 DMP-CMD,84.7,good
2026-07-10T06:30:00,VAV-102 DMP-POS,71.43,good
2026-07-10T06:30:00,VAV-102 AIRFLOW,945.04,good
2026-07-10T06:30:00,VAV-201 ZN-T,73.45,good
2026-07-10T06:30:00,VAV-201 ZN-SP,72,good
2026-07-10T06:30:00,VAV-201 DMP-CMD,84.7,good
2026-07-10T06:30:00,VAV-201 DMP-POS,68.41,good
2026-07-10T06:30:00,VAV-201 AIRFLOW,1030.53,good
2026-07-10T06:30:00,VAV-201 HTG-CMD,84.7,good
2026-07-10T06:30:00,VAV-202 ZN-T,72.96,good
2026-07-10T06:30:00,VAV-202 ZN-SP,72,good
2026-07-10T06:30:00,VAV-202 DMP-CMD,84.7,good
2026-07-10T06:30:00,VAV-202 DMP-POS,68.53,good
2026-07-10T06:30:00,VAV-202 AIRFLOW,810.54,good
2026-07-10T06:30:00,VAV-203 ZN-T,72.78,good
2026-07-10T06:30:00,VAV-203 ZN-SP,72,good
2026-07-10T06:30:00,VAV-203 DMP-CMD,84.7,good
2026-07-10T06:30:00,VAV-203 DMP-POS,67.89,good
2026-07-10T06:30:00,VAV-203 AIRFLOW,976.52,good
2026-07-10T06:30:00,VAV-203 HTG-CMD,84.7,good
2026-07-10T06:45:00,AHU-1 SAT,56.31,good
2026-07-10T06:45:00,AHU-1 RAT,75.51,good
2026-07-10T06:45:00,AHU-1 MAT,72.55,good
2026-07-10T06:45:00,AHU-1 DAT-SP,55,good
2026-07-10T06:45:00,AHU-1 SF-CMD,1,good
2026-07-10T06:45:00,AHU-1 SF-STS,1,good
2026-07-10T06:45:00,AHU-1 SF-VFD-SPD,84.33,good
2026-07-10T06:45:00,AHU-1 OA-DMP-CMD,84.33,good
2026-07-10T06:45:00,AHU-1 CHW-VLV-CMD,84.33,good
2026-07-10T06:45:00,AHU-1 SAF-ALM,0,good
2026-07-10T06:45:00,AHU-2 SAT,56.2,good
2026-07-10T06:45:00,AHU-2 RAT,75.84,good
2026-07-10T06:45:00,AHU-2 MAT,72.9,good
2026-07-10T06:45:00,AHU-2 DAT-SP,55,good
2026-07-10T06:45:00,AHU-2 SF-CMD,1,good
2026-07-10T06:45:00,AHU-2 SF-STS,1,good
2026-07-10T06:45:00,AHU-2 SF-VFD-SPD,84.33,good
2026-07-10T06:45:00,AHU-2 OA-DMP-CMD,84.33,good
2026-07-10T06:45:00,AHU-2 HW-VLV-CMD,84.33,good
2026-07-10T06:45:00,AHU-2 SMK-ALM,0,good
2026-07-10T06:45:00,RTU-1 SAT,56.62,good
2026-07-10T06:45:00,RTU-1 RAT,75.63,good
2026-07-10T06:45:00,RTU-1 CLG-SP,72,good
2026-07-10T06:45:00,RTU-1 SF-CMD,1,good
2026-07-10T06:45:00,RTU-1 SF-STS,1,good
2026-07-10T06:45:00,RTU-1 HTG-EN,1,good
2026-07-10T06:45:00,RTU-1 CMP-STS,1,good
2026-07-10T06:45:00,RTU-1 FLT-ALM,0,good
2026-07-10T06:45:00,CHLR-1 CHWS,42.84,good
2026-07-10T06:45:00,CHLR-1 CHWR,57.21,good
2026-07-10T06:45:00,CHLR-1 CHW-DP,14.22,good
2026-07-10T06:45:00,CHLR-1 ENABLE,1,good
2026-07-10T06:45:00,CHLR-1 RUN-STS,1,good
2026-07-10T06:45:00,CHLR-1 ALM,0,good
2026-07-10T06:45:00,CHLR-1 LWT-SP,72,good
2026-07-10T06:45:00,CHLR-1 KW,92.67,good
2026-07-10T06:45:00,BLR-1 HWS,170.81,good
2026-07-10T06:45:00,BLR-1 HWR,151.59,good
2026-07-10T06:45:00,BLR-1 HWS-SP,72,good
2026-07-10T06:45:00,BLR-1 ENABLE,1,good
2026-07-10T06:45:00,BLR-1 RUN-STS,1,good
2026-07-10T06:45:00,BLR-1 ALM,0,good
2026-07-10T06:45:00,BLR-1 MOD-CMD,84.33,good
2026-07-10T06:45:00,BLR-1 GAS-PRES,7.95,good
2026-07-10T06:45:00,CT-1 CWS,84.18,good
2026-07-10T06:45:00,CT-1 CWR,93.5,good
2026-07-10T06:45:00,CT-1 FAN-CMD,1,good
2026-07-10T06:45:00,CT-1 FAN-STS,1,good
2026-07-10T06:45:00,CT-1 FAN-SPD,84.33,good
2026-07-10T06:45:00,CT-1 BASIN-LVL,69.45,good
2026-07-10T06:45:00,CT-1 ALM,0,good
2026-07-10T06:45:00,PUMP-CHW-1 CMD,1,good
2026-07-10T06:45:00,PUMP-CHW-1 STS,1,good
2026-07-10T06:45:00,PUMP-CHW-1 SPD,84.33,good
2026-07-10T06:45:00,PUMP-CHW-1 DP,14.73,good
2026-07-10T06:45:00,PUMP-CHW-2 CMD,1,good
2026-07-10T06:45:00,PUMP-CHW-2 STS,1,good
2026-07-10T06:45:00,PUMP-CHW-2 SPD,84.33,good
2026-07-10T06:45:00,PUMP-CHW-2 DP,14.19,good
2026-07-10T06:45:00,PUMP-HW-1 CMD,1,good
2026-07-10T06:45:00,PUMP-HW-1 STS,1,good
2026-07-10T06:45:00,PUMP-HW-1 SPD,84.33,good
2026-07-10T06:45:00,PUMP-HW-1 DP,14.44,good
2026-07-10T06:45:00,PUMP-CW-1 CMD,1,good
2026-07-10T06:45:00,PUMP-CW-1 STS,1,good
2026-07-10T06:45:00,PUMP-CW-1 SPD,84.33,good
2026-07-10T06:45:00,PUMP-CW-1 DP,14.39,good
2026-07-10T06:45:00,VAV-101 ZN-T,73.4,good
2026-07-10T06:45:00,VAV-101 ZN-SP,72,good
2026-07-10T06:45:00,VAV-101 DMP-CMD,84.33,good
2026-07-10T06:45:00,VAV-101 DMP-POS,69.58,good
2026-07-10T06:45:00,VAV-101 AIRFLOW,1140.56,good
2026-07-10T06:45:00,VAV-101 HTG-CMD,84.33,good
2026-07-10T06:45:00,VAV-102 ZN-T,72.91,good
2026-07-10T06:45:00,VAV-102 ZN-SP,72,good
2026-07-10T06:45:00,VAV-102 DMP-CMD,84.33,good
2026-07-10T06:45:00,VAV-102 DMP-POS,67.94,good
2026-07-10T06:45:00,VAV-102 AIRFLOW,967.91,good
2026-07-10T06:45:00,VAV-201 ZN-T,72.9,good
2026-07-10T06:45:00,VAV-201 ZN-SP,72,good
2026-07-10T06:45:00,VAV-201 DMP-CMD,84.33,good
2026-07-10T06:45:00,VAV-201 DMP-POS,68.72,good
2026-07-10T06:45:00,VAV-201 AIRFLOW,1049.2,good
2026-07-10T06:45:00,VAV-201 HTG-CMD,84.33,good
2026-07-10T06:45:00,VAV-202 ZN-T,73.29,good
2026-07-10T06:45:00,VAV-202 ZN-SP,72,good
2026-07-10T06:45:00,VAV-202 DMP-CMD,84.33,good
2026-07-10T06:45:00,VAV-202 DMP-POS,68.92,good
2026-07-10T06:45:00,VAV-202 AIRFLOW,822.77,good
2026-07-10T06:45:00,VAV-203 ZN-T,73.27,good
2026-07-10T06:45:00,VAV-203 ZN-SP,72,good
2026-07-10T06:45:00,VAV-203 DMP-CMD,84.33,good
2026-07-10T06:45:00,VAV-203 DMP-POS,69.43,good
2026-07-10T06:45:00,VAV-203 AIRFLOW,967.8,good
2026-07-10T06:45:00,VAV-203 HTG-CMD,84.33,good
2026-07-10T07:00:00,AHU-1 SAT,56.21,good
2026-07-10T07:00:00,AHU-1 RAT,75.88,good
2026-07-10T07:00:00,AHU-1 MAT,73.3,good
2026-07-10T07:00:00,AHU-1 DAT-SP,55,good
2026-07-10T07:00:00,AHU-1 SF-CMD,1,good
2026-07-10T07:00:00,AHU-1 SF-STS,1,good
2026-07-10T07:00:00,AHU-1 SF-VFD-SPD,83.81,good
2026-07-10T07:00:00,AHU-1 OA-DMP-CMD,83.81,good
2026-07-10T07:00:00,AHU-1 CHW-VLV-CMD,83.81,good
2026-07-10T07:00:00,AHU-1 SAF-ALM,0,good
2026-07-10T07:00:00,AHU-2 SAT,56.54,good
2026-07-10T07:00:00,AHU-2 RAT,75.93,good
2026-07-10T07:00:00,AHU-2 MAT,73.16,good
2026-07-10T07:00:00,AHU-2 DAT-SP,55,good
2026-07-10T07:00:00,AHU-2 SF-CMD,1,good
2026-07-10T07:00:00,AHU-2 SF-STS,1,good
2026-07-10T07:00:00,AHU-2 SF-VFD-SPD,83.81,good
2026-07-10T07:00:00,AHU-2 OA-DMP-CMD,83.81,good
2026-07-10T07:00:00,AHU-2 HW-VLV-CMD,83.81,good
2026-07-10T07:00:00,AHU-2 SMK-ALM,1,good
2026-07-10T07:00:00,RTU-1 SAT,56.28,good
2026-07-10T07:00:00,RTU-1 RAT,75.68,good
2026-07-10T07:00:00,RTU-1 CLG-SP,72,good
2026-07-10T07:00:00,RTU-1 SF-CMD,1,good
2026-07-10T07:00:00,RTU-1 SF-STS,1,good
2026-07-10T07:00:00,RTU-1 HTG-EN,1,good
2026-07-10T07:00:00,RTU-1 CMP-STS,1,good
2026-07-10T07:00:00,RTU-1 FLT-ALM,1,good
2026-07-10T07:00:00,CHLR-1 CHWS,42.72,good
2026-07-10T07:00:00,CHLR-1 CHWR,57.13,good
2026-07-10T07:00:00,CHLR-1 CHW-DP,14.39,good
2026-07-10T07:00:00,CHLR-1 ENABLE,1,good
2026-07-10T07:00:00,CHLR-1 RUN-STS,1,good
2026-07-10T07:00:00,CHLR-1 ALM,0,good
2026-07-10T07:00:00,CHLR-1 LWT-SP,72,good
2026-07-10T07:00:00,CHLR-1 KW,92.05,good
2026-07-10T07:00:00,BLR-1 HWS,170.09,good
2026-07-10T07:00:00,BLR-1 HWR,151.92,good
2026-07-10T07:00:00,BLR-1 HWS-SP,72,good
2026-07-10T07:00:00,BLR-1 ENABLE,1,good
2026-07-10T07:00:00,BLR-1 RUN-STS,1,good
2026-07-10T07:00:00,BLR-1 ALM,0,good
2026-07-10T07:00:00,BLR-1 MOD-CMD,83.81,good
2026-07-10T07:00:00,BLR-1 GAS-PRES,7.92,good
2026-07-10T07:00:00,CT-1 CWS,83.86,good
2026-07-10T07:00:00,CT-1 CWR,93.29,good
2026-07-10T07:00:00,CT-1 FAN-CMD,1,good
2026-07-10T07:00:00,CT-1 FAN-STS,1,good
2026-07-10T07:00:00,CT-1 FAN-SPD,83.81,good
2026-07-10T07:00:00,CT-1 BASIN-LVL,71.01,good
2026-07-10T07:00:00,CT-1 ALM,0,good
2026-07-10T07:00:00,PUMP-CHW-1 CMD,1,good
2026-07-10T07:00:00,PUMP-CHW-1 STS,1,good
2026-07-10T07:00:00,PUMP-CHW-1 SPD,83.81,good
2026-07-10T07:00:00,PUMP-CHW-1 DP,14.16,good
2026-07-10T07:00:00,PUMP-CHW-2 CMD,1,good
2026-07-10T07:00:00,PUMP-CHW-2 STS,1,good
2026-07-10T07:00:00,PUMP-CHW-2 SPD,83.81,good
2026-07-10T07:00:00,PUMP-CHW-2 DP,14.61,good
2026-07-10T07:00:00,PUMP-HW-1 CMD,1,good
2026-07-10T07:00:00,PUMP-HW-1 STS,1,good
2026-07-10T07:00:00,PUMP-HW-1 SPD,83.81,good
2026-07-10T07:00:00,PUMP-HW-1 DP,14.17,good
2026-07-10T07:00:00,PUMP-CW-1 CMD,1,good
2026-07-10T07:00:00,PUMP-CW-1 STS,1,good
2026-07-10T07:00:00,PUMP-CW-1 SPD,83.81,good
2026-07-10T07:00:00,PUMP-CW-1 DP,14.17,good
2026-07-10T07:00:00,VAV-101 ZN-T,73.52,good
2026-07-10T07:00:00,VAV-101 ZN-SP,72,good
2026-07-10T07:00:00,VAV-101 DMP-CMD,83.81,good
2026-07-10T07:00:00,VAV-101 DMP-POS,70.57,good
2026-07-10T07:00:00,VAV-101 AIRFLOW,1124.25,good
2026-07-10T07:00:00,VAV-101 HTG-CMD,83.81,good
2026-07-10T07:00:00,VAV-102 ZN-T,73.4,good
2026-07-10T07:00:00,VAV-102 ZN-SP,72,good
2026-07-10T07:00:00,VAV-102 DMP-CMD,83.81,good
2026-07-10T07:00:00,VAV-102 DMP-POS,69.56,good
2026-07-10T07:00:00,VAV-102 AIRFLOW,954.89,good
2026-07-10T07:00:00,VAV-201 ZN-T,73.03,good
2026-07-10T07:00:00,VAV-201 ZN-SP,72,good
2026-07-10T07:00:00,VAV-201 DMP-CMD,83.81,good
2026-07-10T07:00:00,VAV-201 DMP-POS,68.73,good
2026-07-10T07:00:00,VAV-201 AIRFLOW,1048.46,good
2026-07-10T07:00:00,VAV-201 HTG-CMD,83.81,good
2026-07-10T07:00:00,VAV-202 ZN-T,73.53,good
2026-07-10T07:00:00,VAV-202 ZN-SP,72,good
2026-07-10T07:00:00,VAV-202 DMP-CMD,83.81,good
2026-07-10T07:00:00,VAV-202 DMP-POS,70.79,good
2026-07-10T07:00:00,VAV-202 AIRFLOW,810.26,good
2026-07-10T07:00:00,VAV-203 ZN-T,73.71,good
2026-07-10T07:00:00,VAV-203 ZN-SP,72,good
2026-07-10T07:00:00,VAV-203 DMP-CMD,83.81,good
2026-07-10T07:00:00,VAV-203 DMP-POS,69.72,good
2026-07-10T07:00:00,VAV-203 AIRFLOW,955.77,good
2026-07-10T07:00:00,VAV-203 HTG-CMD,83.81,good
2026-07-10T07:15:00,AHU-1 SAT,56.47,good
2026-07-10T07:15:00,AHU-1 RAT,75.55,good
2026-07-10T07:15:00,AHU-1 MAT,73.14,good
2026-07-10T07:15:00,AHU-1 DAT-SP,55,good
2026-07-10T07:15:00,AHU-1 SF-CMD,1,good
2026-07-10T07:15:00,AHU-1 SF-STS,1,good
2026-07-10T07:15:00,AHU-1 SF-VFD-SPD,83.14,good
2026-07-10T07:15:00,AHU-1 OA-DMP-CMD,83.14,good
2026-07-10T07:15:00,AHU-1 CHW-VLV-CMD,83.14,good
2026-07-10T07:15:00,AHU-1 SAF-ALM,0,good
2026-07-10T07:15:00,AHU-2 SAT,56.25,good
2026-07-10T07:15:00,AHU-2 RAT,75.47,good
2026-07-10T07:15:00,AHU-2 MAT,73.33,good
2026-07-10T07:15:00,AHU-2 DAT-SP,55,good
2026-07-10T07:15:00,AHU-2 SF-CMD,1,good
2026-07-10T07:15:00,AHU-2 SF-STS,1,good
2026-07-10T07:15:00,AHU-2 SF-VFD-SPD,83.14,good
2026-07-10T07:15:00,AHU-2 OA-DMP-CMD,83.14,good
2026-07-10T07:15:00,AHU-2 HW-VLV-CMD,83.14,good
2026-07-10T07:15:00,AHU-2 SMK-ALM,1,good
2026-07-10T07:15:00,RTU-1 SAT,56.34,good
2026-07-10T07:15:00,RTU-1 RAT,75.99,good
2026-07-10T07:15:00,RTU-1 CLG-SP,72,good
2026-07-10T07:15:00,RTU-1 SF-CMD,1,good
2026-07-10T07:15:00,RTU-1 SF-STS,1,good
2026-07-10T07:15:00,RTU-1 HTG-EN,1,good
2026-07-10T07:15:00,RTU-1 CMP-STS,1,good
2026-07-10T07:15:00,RTU-1 FLT-ALM,1,good
2026-07-10T07:15:00,CHLR-1 CHWS,42.77,good
2026-07-10T07:15:00,CHLR-1 CHWR,57.31,good
2026-07-10T07:15:00,CHLR-1 CHW-DP,14.57,good
2026-07-10T07:15:00,CHLR-1 ENABLE,1,good
2026-07-10T07:15:00,CHLR-1 RUN-STS,1,good
2026-07-10T07:15:00,CHLR-1 ALM,0,good
2026-07-10T07:15:00,CHLR-1 LWT-SP,72,good
2026-07-10T07:15:00,CHLR-1 KW,93.94,good
2026-07-10T07:15:00,BLR-1 HWS,170.62,good
2026-07-10T07:15:00,BLR-1 HWR,152.09,good
2026-07-10T07:15:00,BLR-1 HWS-SP,72,good
2026-07-10T07:15:00,BLR-1 ENABLE,1,good
2026-07-10T07:15:00,BLR-1 RUN-STS,1,good
2026-07-10T07:15:00,BLR-1 ALM,0,good
2026-07-10T07:15:00,BLR-1 MOD-CMD,83.14,good
2026-07-10T07:15:00,BLR-1 GAS-PRES,7.91,good
2026-07-10T07:15:00,CT-1 CWS,83.61,good
2026-07-10T07:15:00,CT-1 CWR,93.76,good
2026-07-10T07:15:00,CT-1 FAN-CMD,1,good
2026-07-10T07:15:00,CT-1 FAN-STS,1,good
2026-07-10T07:15:00,CT-1 FAN-SPD,83.14,good
2026-07-10T07:15:00,CT-1 BASIN-LVL,70.26,good
2026-07-10T07:15:00,CT-1 ALM,0,good
2026-07-10T07:15:00,PUMP-CHW-1 CMD,1,good
2026-07-10T07:15:00,PUMP-CHW-1 STS,1,good
2026-07-10T07:15:00,PUMP-CHW-1 SPD,83.14,good
2026-07-10T07:15:00,PUMP-CHW-1 DP,14.23,good
2026-07-10T07:15:00,PUMP-CHW-2 CMD,1,good
2026-07-10T07:15:00,PUMP-CHW-2 STS,1,good
2026-07-10T07:15:00,PUMP-CHW-2 SPD,83.14,good
2026-07-10T07:15:00,PUMP-CHW-2 DP,14.18,good
2026-07-10T07:15:00,PUMP-HW-1 CMD,1,good
2026-07-10T07:15:00,PUMP-HW-1 STS,1,good
2026-07-10T07:15:00,PUMP-HW-1 SPD,83.14,good
2026-07-10T07:15:00,PUMP-HW-1 DP,14.49,good
2026-07-10T07:15:00,PUMP-CW-1 CMD,1,good
2026-07-10T07:15:00,PUMP-CW-1 STS,1,good
2026-07-10T07:15:00,PUMP-CW-1 SPD,83.14,good
2026-07-10T07:15:00,PUMP-CW-1 DP,14.25,good
2026-07-10T07:15:00,VAV-101 ZN-T,73.28,good
2026-07-10T07:15:00,VAV-101 ZN-SP,72,good
2026-07-10T07:15:00,VAV-101 DMP-CMD,83.14,good
2026-07-10T07:15:00,VAV-101 DMP-POS,66.96,good
2026-07-10T07:15:00,VAV-101 AIRFLOW,1133.99,good
2026-07-10T07:15:00,VAV-101 HTG-CMD,83.14,good
2026-07-10T07:15:00,VAV-102 ZN-T,73.46,good
2026-07-10T07:15:00,VAV-102 ZN-SP,72,good
2026-07-10T07:15:00,VAV-102 DMP-CMD,83.14,good
2026-07-10T07:15:00,VAV-102 DMP-POS,68.54,good
2026-07-10T07:15:00,VAV-102 AIRFLOW,944.99,good
2026-07-10T07:15:00,VAV-201 ZN-T,73.51,good
2026-07-10T07:15:00,VAV-201 ZN-SP,72,good
2026-07-10T07:15:00,VAV-201 DMP-CMD,83.14,good
2026-07-10T07:15:00,VAV-201 DMP-POS,67.06,good
2026-07-10T07:15:00,VAV-201 AIRFLOW,1049.1,good
2026-07-10T07:15:00,VAV-201 HTG-CMD,83.14,good
2026-07-10T07:15:00,VAV-202 ZN-T,73.18,good
2026-07-10T07:15:00,VAV-202 ZN-SP,72,good
2026-07-10T07:15:00,VAV-202 DMP-CMD,83.14,good
2026-07-10T07:15:00,VAV-202 DMP-POS,68.62,good
2026-07-10T07:15:00,VAV-202 AIRFLOW,793.06,good
2026-07-10T07:15:00,VAV-203 ZN-T,73.3,good
2026-07-10T07:15:00,VAV-203 ZN-SP,72,good
2026-07-10T07:15:00,VAV-203 DMP-CMD,83.14,good
2026-07-10T07:15:00,VAV-203 DMP-POS,69.82,good
2026-07-10T07:15:00,VAV-203 AIRFLOW,970.39,good
2026-07-10T07:15:00,VAV-203 HTG-CMD,83.14,good
2026-07-10T07:30:00,AHU-1 SAT,56.43,good
2026-07-10T07:30:00,AHU-1 RAT,75.5,good
2026-07-10T07:30:00,AHU-1 MAT,72.55,good
2026-07-10T07:30:00,AHU-1 DAT-SP,55,good
2026-07-10T07:30:00,AHU-1 SF-CMD,1,good
2026-07-10T07:30:00,AHU-1 SF-STS,1,good
2026-07-10T07:30:00,AHU-1 SF-VFD-SPD,82.34,good
2026-07-10T07:30:00,AHU-1 OA-DMP-CMD,82.34,good
2026-07-10T07:30:00,AHU-1 CHW-VLV-CMD,82.34,good
2026-07-10T07:30:00,AHU-1 SAF-ALM,0,good
2026-07-10T07:30:00,AHU-2 SAT,56.18,good
2026-07-10T07:30:00,AHU-2 RAT,75.93,good
2026-07-10T07:30:00,AHU-2 MAT,73.17,good
2026-07-10T07:30:00,AHU-2 DAT-SP,55,good
2026-07-10T07:30:00,AHU-2 SF-CMD,1,good
2026-07-10T07:30:00,AHU-2 SF-STS,1,good
2026-07-10T07:30:00,AHU-2 SF-VFD-SPD,82.34,good
2026-07-10T07:30:00,AHU-2 OA-DMP-CMD,82.34,good
2026-07-10T07:30:00,AHU-2 HW-VLV-CMD,82.34,good
2026-07-10T07:30:00,AHU-2 SMK-ALM,1,good
2026-07-10T07:30:00,RTU-1 SAT,56.25,good
2026-07-10T07:30:00,RTU-1 RAT,75.97,good
2026-07-10T07:30:00,RTU-1 CLG-SP,72,good
2026-07-10T07:30:00,RTU-1 SF-CMD,1,good
2026-07-10T07:30:00,RTU-1 SF-STS,1,good
2026-07-10T07:30:00,RTU-1 HTG-EN,1,good
2026-07-10T07:30:00,RTU-1 CMP-STS,1,good
2026-07-10T07:30:00,RTU-1 FLT-ALM,1,good
2026-07-10T07:30:00,CHLR-1 CHWS,42.74,good
2026-07-10T07:30:00,CHLR-1 CHWR,57.15,good
2026-07-10T07:30:00,CHLR-1 CHW-DP,14.17,good
2026-07-10T07:30:00,CHLR-1 ENABLE,1,good
2026-07-10T07:30:00,CHLR-1 RUN-STS,1,good
2026-07-10T07:30:00,CHLR-1 ALM,0,good
2026-07-10T07:30:00,CHLR-1 LWT-SP,72,good
2026-07-10T07:30:00,CHLR-1 KW,92.65,good
2026-07-10T07:30:00,BLR-1 HWS,170.0,good
2026-07-10T07:30:00,BLR-1 HWR,151.94,good
2026-07-10T07:30:00,BLR-1 HWS-SP,72,good
2026-07-10T07:30:00,BLR-1 ENABLE,1,good
2026-07-10T07:30:00,BLR-1 RUN-STS,1,good
2026-07-10T07:30:00,BLR-1 ALM,0,good
2026-07-10T07:30:00,BLR-1 MOD-CMD,82.34,good
2026-07-10T07:30:00,BLR-1 GAS-PRES,7.83,good
2026-07-10T07:30:00,CT-1 CWS,83.95,good
2026-07-10T07:30:00,CT-1 CWR,93.48,good
2026-07-10T07:30:00,CT-1 FAN-CMD,1,good
2026-07-10T07:30:00,CT-1 FAN-STS,1,good
2026-07-10T07:30:00,CT-1 FAN-SPD,82.34,good
2026-07-10T07:30:00,CT-1 BASIN-LVL,69.15,good
2026-07-10T07:30:00,CT-1 ALM,0,good
2026-07-10T07:30:00,PUMP-CHW-1 CMD,1,good
2026-07-10T07:30:00,PUMP-CHW-1 STS,1,good
2026-07-10T07:30:00,PUMP-CHW-1 SPD,82.34,good
2026-07-10T07:30:00,PUMP-CHW-1 DP,14.04,good
2026-07-10T07:30:00,PUMP-CHW-2 CMD,1,good
2026-07-10T07:30:00,PUMP-CHW-2 STS,1,good
2026-07-10T07:30:00,PUMP-CHW-2 SPD,82.34,good
2026-07-10T07:30:00,PUMP-CHW-2 DP,14.25,good
2026-07-10T07:30:00,PUMP-HW-1 CMD,1,good
2026-07-10T07:30:00,PUMP-HW-1 STS,1,good
2026-07-10T07:30:00,PUMP-HW-1 SPD,82.34,good
2026-07-10T07:30:00,PUMP-HW-1 DP,14.37,good
2026-07-10T07:30:00,PUMP-CW-1 CMD,1,good
2026-07-10T07:30:00,PUMP-CW-1 STS,1,good
2026-07-10T07:30:00,PUMP-CW-1 SPD,82.34,good
2026-07-10T07:30:00,PUMP-CW-1 DP,14.01,good
2026-07-10T07:30:00,VAV-101 ZN-T,73.32,good
2026-07-10T07:30:00,VAV-101 ZN-SP,72,good
2026-07-10T07:30:00,VAV-101 DMP-CMD,82.34,good
2026-07-10T07:30:00,VAV-101 DMP-POS,67.32,good
2026-07-10T07:30:00,VAV-101 AIRFLOW,1101.3,good
2026-07-10T07:30:00,VAV-101 HTG-CMD,82.34,good
2026-07-10T07:30:00,VAV-102 ZN-T,73.28,good
2026-07-10T07:30:00,VAV-102 ZN-SP,72,good
2026-07-10T07:30:00,VAV-102 DMP-CMD,82.34,good
2026-07-10T07:30:00,VAV-102 DMP-POS,67.79,good
2026-07-10T07:30:00,VAV-102 AIRFLOW,936.72,good
2026-07-10T07:30:00,VAV-201 ZN-T,73.68,good
2026-07-10T07:30:00,VAV-201 ZN-SP,72,good
2026-07-10T07:30:00,VAV-201 DMP-CMD,82.34,good
2026-07-10T07:30:00,VAV-201 DMP-POS,67.18,good
2026-07-10T07:30:00,VAV-201 AIRFLOW,1031.32,good
2026-07-10T07:30:00,VAV-201 HTG-CMD,82.34,good
2026-07-10T07:30:00,VAV-202 ZN-T,73.64,good
2026-07-10T07:30:00,VAV-202 ZN-SP,72,good
2026-07-10T07:30:00,VAV-202 DMP-CMD,82.34,good
2026-07-10T07:30:00,VAV-202 DMP-POS,68.48,good
2026-07-10T07:30:00,VAV-202 AIRFLOW,810.34,good
2026-07-10T07:30:00,VAV-203 ZN-T,73.72,good
2026-07-10T07:30:00,VAV-203 ZN-SP,72,good
2026-07-10T07:30:00,VAV-203 DMP-CMD,82.34,good
2026-07-10T07:30:00,VAV-203 DMP-POS,66.77,good
2026-07-10T07:30:00,VAV-203 AIRFLOW,970.88,good
2026-07-10T07:30:00,VAV-203 HTG-CMD,82.34,good
2026-07-10T07:45:00,AHU-1 SAT,56.07,good
2026-07-10T07:45:00,AHU-1 RAT,75.5,good
2026-07-10T07:45:00,AHU-1 MAT,73.41,good
2026-07-10T07:45:00,AHU-1 DAT-SP,55,good
2026-07-10T07:45:00,AHU-1 SF-CMD,1,good
2026-07-10T07:45:00,AHU-1 SF-STS,1,good
2026-07-10T07:45:00,AHU-1 SF-VFD-SPD,81.39,good
2026-07-10T07:45:00,AHU-1 OA-DMP-CMD,81.39,good
2026-07-10T07:45:00,AHU-1 CHW-VLV-CMD,81.39,good
2026-07-10T07:45:00,AHU-1 SAF-ALM,0,good
2026-07-10T07:45:00,AHU-2 SAT,56.56,good
2026-07-10T07:45:00,AHU-2 RAT,75.94,good
2026-07-10T07:45:00,AHU-2 MAT,73.06,good
2026-07-10T07:45:00,AHU-2 DAT-SP,55,good
2026-07-10T07:45:00,AHU-2 SF-CMD,1,good
2026-07-10T07:45:00,AHU-2 SF-STS,1,good
2026-07-10T07:45:00,AHU-2 SF-VFD-SPD,81.39,good
2026-07-10T07:45:00,AHU-2 OA-DMP-CMD,81.39,good
2026-07-10T07:45:00,AHU-2 HW-VLV-CMD,81.39,good
2026-07-10T07:45:00,AHU-2 SMK-ALM,0,good
2026-07-10T07:45:00,RTU-1 SAT,56.47,good
2026-07-10T07:45:00,RTU-1 RAT,75.82,good
2026-07-10T07:45:00,RTU-1 CLG-SP,72,good
2026-07-10T07:45:00,RTU-1 SF-CMD,1,good
2026-07-10T07:45:00,RTU-1 SF-STS,1,good
2026-07-10T07:45:00,RTU-1 HTG-EN,1,good
2026-07-10T07:45:00,RTU-1 CMP-STS,1,good
2026-07-10T07:45:00,RTU-1 FLT-ALM,0,good
2026-07-10T07:45:00,CHLR-1 CHWS,42.64,good
2026-07-10T07:45:00,CHLR-1 CHWR,56.97,good
2026-07-10T07:45:00,CHLR-1 CHW-DP,14.14,good
2026-07-10T07:45:00,CHLR-1 ENABLE,1,good
2026-07-10T07:45:00,CHLR-1 RUN-STS,1,good
2026-07-10T07:45:00,CHLR-1 ALM,0,good
2026-07-10T07:45:00,CHLR-1 LWT-SP,72,good
2026-07-10T07:45:00,CHLR-1 KW,92.35,good
2026-07-10T07:45:00,BLR-1 HWS,170.34,good
2026-07-10T07:45:00,BLR-1 HWR,152.26,good
2026-07-10T07:45:00,BLR-1 HWS-SP,72,good
2026-07-10T07:45:00,BLR-1 ENABLE,1,good
2026-07-10T07:45:00,BLR-1 RUN-STS,1,good
2026-07-10T07:45:00,BLR-1 ALM,0,good
2026-07-10T07:45:00,BLR-1 MOD-CMD,81.39,good
2026-07-10T07:45:00,BLR-1 GAS-PRES,7.94,good
2026-07-10T07:45:00,CT-1 CWS,83.55,good
2026-07-10T07:45:00,CT-1 CWR,93.68,good
2026-07-10T07:45:00,CT-1 FAN-CMD,1,good
2026-07-10T07:45:00,CT-1 FAN-STS,1,good
2026-07-10T07:45:00,CT-1 FAN-SPD,81.39,good
2026-07-10T07:45:00,CT-1 BASIN-LVL,66.91,good
2026-07-10T07:45:00,CT-1 ALM,0,good
2026-07-10T07:45:00,PUMP-CHW-1 CMD,1,good
2026-07-10T07:45:00,PUMP-CHW-1 STS,1,good
2026-07-10T07:45:00,PUMP-CHW-1 SPD,81.39,good
2026-07-10T07:45:00,PUMP-CHW-1 DP,14.3,good
2026-07-10T07:45:00,PUMP-CHW-2 CMD,1,good
2026-07-10T07:45:00,PUMP-CHW-2 STS,1,good
2026-07-10T07:45:00,PUMP-CHW-2 SPD,81.39,good
2026-07-10T07:45:00,PUMP-CHW-2 DP,14.26,good
2026-07-10T07:45:00,PUMP-HW-1 CMD,1,good
2026-07-10T07:45:00,PUMP-HW-1 STS,1,good
2026-07-10T07:45:00,PUMP-HW-1 SPD,81.39,good
2026-07-10T07:45:00,PUMP-HW-1 DP,14.18,good
2026-07-10T07:45:00,PUMP-CW-1 CMD,1,good
2026-07-10T07:45:00,PUMP-CW-1 STS,1,good
2026-07-10T07:45:00,PUMP-CW-1 SPD,81.39,good
2026-07-10T07:45:00,PUMP-CW-1 DP,14.13,good
2026-07-10T07:45:00,VAV-101 ZN-T,73.41,good
2026-07-10T07:45:00,VAV-101 ZN-SP,72,good
2026-07-10T07:45:00,VAV-101 DMP-CMD,81.39,good
2026-07-10T07:45:00,VAV-101 DMP-POS,67.27,good
2026-07-10T07:45:00,VAV-101 AIRFLOW,1098.57,good
2026-07-10T07:45:00,VAV-101 HTG-CMD,81.39,good
2026-07-10T07:45:00,VAV-102 ZN-T,73.55,good
2026-07-10T07:45:00,VAV-102 ZN-SP,72,good
2026-07-10T07:45:00,VAV-102 DMP-CMD,81.39,good
2026-07-10T07:45:00,VAV-102 DMP-POS,66.39,good
2026-07-10T07:45:00,VAV-102 AIRFLOW,953.4,good
2026-07-10T07:45:00,VAV-201 ZN-T,73.87,good
2026-07-10T07:45:00,VAV-201 ZN-SP,72,good
2026-07-10T07:45:00,VAV-201 DMP-CMD,81.39,good
2026-07-10T07:45:00,VAV-201 DMP-POS,67.33,good
2026-07-10T07:45:00,VAV-201 AIRFLOW,1041.52,good
2026-07-10T07:45:00,VAV-201 HTG-CMD,81.39,good
2026-07-10T07:45:00,VAV-202 ZN-T,73.8,good
2026-07-10T07:45:00,VAV-202 ZN-SP,72,good
2026-07-10T07:45:00,VAV-202 DMP-CMD,81.39,good
2026-07-10T07:45:00,VAV-202 DMP-POS,69.2,good
2026-07-10T07:45:00,VAV-202 AIRFLOW,783.62,good
2026-07-10T07:45:00,VAV-203 ZN-T,73.26,good
2026-07-10T07:45:00,VAV-203 ZN-SP,72,good
2026-07-10T07:45:00,VAV-203 DMP-CMD,81.39,good
2026-07-10T07:45:00,VAV-203 DMP-POS,66.73,good
2026-07-10T07:45:00,VAV-203 AIRFLOW,957.1,good
2026-07-10T07:45:00,VAV-203 HTG-CMD,81.39,good
2026-07-10T08:00:00,AHU-1 SAT,56.46,good
2026-07-10T08:00:00,AHU-1 RAT,76.05,good
2026-07-10T08:00:00,AHU-1 MAT,72.63,good
2026-07-10T08:00:00,AHU-1 DAT-SP,55,good
2026-07-10T08:00:00,AHU-1 SF-CMD,1,good
2026-07-10T08:00:00,AHU-1 SF-STS,1,good
2026-07-10T08:00:00,AHU-1 SF-VFD-SPD,80.31,good
2026-07-10T08:00:00,AHU-1 OA-DMP-CMD,80.31,good
2026-07-10T08:00:00,AHU-1 CHW-VLV-CMD,80.31,good
2026-07-10T08:00:00,AHU-1 SAF-ALM,0,good
2026-07-10T08:00:00,AHU-2 SAT,56.46,good
2026-07-10T08:00:00,AHU-2 RAT,75.92,good
2026-07-10T08:00:00,AHU-2 MAT,73.21,good
2026-07-10T08:00:00,AHU-2 DAT-SP,55,good
2026-07-10T08:00:00,AHU-2 SF-CMD,1,good
2026-07-10T08:00:00,AHU-2 SF-STS,1,good
2026-07-10T08:00:00,AHU-2 SF-VFD-SPD,80.31,good
2026-07-10T08:00:00,AHU-2 OA-DMP-CMD,80.31,good
2026-07-10T08:00:00,AHU-2 HW-VLV-CMD,80.31,good
2026-07-10T08:00:00,AHU-2 SMK-ALM,0,good
2026-07-10T08:00:00,RTU-1 SAT,56.45,good
2026-07-10T08:00:00,RTU-1 RAT,75.88,good
2026-07-10T08:00:00,RTU-1 CLG-SP,72,good
2026-07-10T08:00:00,RTU-1 SF-CMD,1,good
2026-07-10T08:00:00,RTU-1 SF-STS,1,good
2026-07-10T08:00:00,RTU-1 HTG-EN,1,good
2026-07-10T08:00:00,RTU-1 CMP-STS,1,good
2026-07-10T08:00:00,RTU-1 FLT-ALM,0,good
2026-07-10T08:00:00,CHLR-1 CHWS,42.78,good
2026-07-10T08:00:00,CHLR-1 CHWR,57.16,good
2026-07-10T08:00:00,CHLR-1 CHW-DP,14.25,good
2026-07-10T08:00:00,CHLR-1 ENABLE,1,good
2026-07-10T08:00:00,CHLR-1 RUN-STS,1,good
2026-07-10T08:00:00,CHLR-1 ALM,0,good
2026-07-10T08:00:00,CHLR-1 LWT-SP,72,good
2026-07-10T08:00:00,CHLR-1 KW,91.09,good
2026-07-10T08:00:00,BLR-1 HWS,170.46,good
2026-07-10T08:00:00,BLR-1 HWR,152.09,good
2026-07-10T08:00:00,BLR-1 HWS-SP,72,good
2026-07-10T08:00:00,BLR-1 ENABLE,1,good
2026-07-10T08:00:00,BLR-1 RUN-STS,1,good
2026-07-10T08:00:00,BLR-1 ALM,0,good
2026-07-10T08:00:00,BLR-1 MOD-CMD,80.31,good
2026-07-10T08:00:00,BLR-1 GAS-PRES,7.78,good
2026-07-10T08:00:00,CT-1 CWS,83.47,good
2026-07-10T08:00:00,CT-1 CWR,93.4,good
2026-07-10T08:00:00,CT-1 FAN-CMD,1,good
2026-07-10T08:00:00,CT-1 FAN-STS,1,good
2026-07-10T08:00:00,CT-1 FAN-SPD,80.31,good
2026-07-10T08:00:00,CT-1 BASIN-LVL,66.53,good
2026-07-10T08:00:00,CT-1 ALM,0,good
2026-07-10T08:00:00,PUMP-CHW-1 CMD,1,good
2026-07-10T08:00:00,PUMP-CHW-1 STS,1,good
2026-07-10T08:00:00,PUMP-CHW-1 SPD,80.31,good
2026-07-10T08:00:00,PUMP-CHW-1 DP,14.03,good
2026-07-10T08:00:00,PUMP-CHW-2 CMD,1,good
2026-07-10T08:00:00,PUMP-CHW-2 STS,1,good
2026-07-10T08:00:00,PUMP-CHW-2 SPD,80.31,good
2026-07-10T08:00:00,PUMP-CHW-2 DP,13.9,good
2026-07-10T08:00:00,PUMP-HW-1 CMD,1,good
2026-07-10T08:00:00,PUMP-HW-1 STS,1,good
2026-07-10T08:00:00,PUMP-HW-1 SPD,80.31,good
2026-07-10T08:00:00,PUMP-HW-1 DP,14.17,good
2026-07-10T08:00:00,PUMP-CW-1 CMD,1,good
2026-07-10T08:00:00,PUMP-CW-1 STS,1,good
2026-07-10T08:00:00,PUMP-CW-1 SPD,80.31,good
2026-07-10T08:00:00,PUMP-CW-1 DP,14.05,good
2026-07-10T08:00:00,VAV-101 ZN-T,73.56,good
2026-07-10T08:00:00,VAV-101 ZN-SP,72,good
2026-07-10T08:00:00,VAV-101 DMP-CMD,80.31,good
2026-07-10T08:00:00,VAV-101 DMP-POS,65.55,good
2026-07-10T08:00:00,VAV-101 AIRFLOW,1120.57,good
2026-07-10T08:00:00,VAV-101 HTG-CMD,80.31,good
2026-07-10T08:00:00,VAV-102 ZN-T,73.26,good
2026-07-10T08:00:00,VAV-102 ZN-SP,72,good
2026-07-10T08:00:00,VAV-102 DMP-CMD,80.31,good
2026-07-10T08:00:00,VAV-102 DMP-POS,68.78,good
2026-07-10T08:00:00,VAV-102 AIRFLOW,963.33,good
2026-07-10T08:00:00,VAV-201 ZN-T,73.69,good
2026-07-10T08:00:00,VAV-201 ZN-SP,72,good
2026-07-10T08:00:00,VAV-201 DMP-CMD,80.31,good
2026-07-10T08:00:00,VAV-201 DMP-POS,67.35,good
2026-07-10T08:00:00,VAV-201 AIRFLOW,1026.72,good
2026-07-10T08:00:00,VAV-201 HTG-CMD,80.31,good
2026-07-10T08:00:00,VAV-202 ZN-T,73.64,good
2026-07-10T08:00:00,VAV-202 ZN-SP,72,good
2026-07-10T08:00:00,VAV-202 DMP-CMD,80.31,good
2026-07-10T08:00:00,VAV-202 DMP-POS,68.49,good
2026-07-10T08:00:00,VAV-202 AIRFLOW,806.77,good
2026-07-10T08:00:00,VAV-203 ZN-T,73.56,good
2026-07-10T08:00:00,VAV-203 ZN-SP,72,good
2026-07-10T08:00:00,VAV-203 DMP-CMD,80.31,good
2026-07-10T08:00:00,VAV-203 DMP-POS,68.56,good
2026-07-10T08:00:00,VAV-203 AIRFLOW,955.19,good
2026-07-10T08:00:00,VAV-203 HTG-CMD,80.31,good
2026-07-10T08:15:00,AHU-1 SAT,56.14,good
2026-07-10T08:15:00,AHU-1 RAT,75.94,good
2026-07-10T08:15:00,AHU-1 MAT,72.54,good
2026-07-10T08:15:00,AHU-1 DAT-SP,55,good
2026-07-10T08:15:00,AHU-1 SF-CMD,1,good
2026-07-10T08:15:00,AHU-1 SF-STS,1,good
2026-07-10T08:15:00,AHU-1 SF-VFD-SPD,79.1,good
2026-07-10T08:15:00,AHU-1 OA-DMP-CMD,79.1,good
2026-07-10T08:15:00,AHU-1 CHW-VLV-CMD,79.1,good
2026-07-10T08:15:00,AHU-1 SAF-ALM,0,good
2026-07-10T08:15:00,AHU-2 SAT,55.98,good
2026-07-10T08:15:00,AHU-2 RAT,75.64,good
2026-07-10T08:15:00,AHU-2 MAT,73.29,good
2026-07-10T08:15:00,AHU-2 DAT-SP,55,good
2026-07-10T08:15:00,AHU-2 SF-CMD,1,good
2026-07-10T08:15:00,AHU-2 SF-STS,1,good
2026-07-10T08:15:00,AHU-2 SF-VFD-SPD,79.1,good
2026-07-10T08:15:00,AHU-2 OA-DMP-CMD,79.1,good
2026-07-10T08:15:00,AHU-2 HW-VLV-CMD,79.1,good
2026-07-10T08:15:00,AHU-2 SMK-ALM,0,good
2026-07-10T08:15:00,RTU-1 SAT,56.15,good
2026-07-10T08:15:00,RTU-1 RAT,76.13,good
2026-07-10T08:15:00,RTU-1 CLG-SP,72,good
2026-07-10T08:15:00,RTU-1 SF-CMD,1,good
2026-07-10T08:15:00,RTU-1 SF-STS,1,good
2026-07-10T08:15:00,RTU-1 HTG-EN,1,good
2026-07-10T08:15:00,RTU-1 CMP-STS,1,good
2026-07-10T08:15:00,RTU-1 FLT-ALM,0,good
2026-07-10T08:15:00,CHLR-1 CHWS,42.67,good
2026-07-10T08:15:00,CHLR-1 CHWR,56.98,good
2026-07-10T08:15:00,CHLR-1 CHW-DP,13.93,good
2026-07-10T08:15:00,CHLR-1 ENABLE,1,good
2026-07-10T08:15:00,CHLR-1 RUN-STS,1,good
2026-07-10T08:15:00,CHLR-1 ALM,0,good
2026-07-10T08:15:00,CHLR-1 LWT-SP,72,good
2026-07-10T08:15:00,CHLR-1 KW,89.72,good
2026-07-10T08:15:00,BLR-1 HWS,170.03,good
2026-07-10T08:15:00,BLR-1 HWR,151.98,good
2026-07-10T08:15:00,BLR-1 HWS-SP,72,good
2026-07-10T08:15:00,BLR-1 ENABLE,1,good
2026-07-10T08:15:00,BLR-1 RUN-STS,1,good
2026-07-10T08:15:00,BLR-1 ALM,0,good
2026-07-10T08:15:00,BLR-1 MOD-CMD,79.1,good
2026-07-10T08:15:00,BLR-1 GAS-PRES,7.76,good
2026-07-10T08:15:00,CT-1 CWS,83.59,good
2026-07-10T08:15:00,CT-1 CWR,93.27,good
2026-07-10T08:15:00,CT-1 FAN-CMD,1,good
2026-07-10T08:15:00,CT-1 FAN-STS,1,good
2026-07-10T08:15:00,CT-1 FAN-SPD,79.1,good
2026-07-10T08:15:00,CT-1 BASIN-LVL,66.26,good
2026-07-10T08:15:00,CT-1 ALM,0,good
2026-07-10T08:15:00,PUMP-CHW-1 CMD,1,good
2026-07-10T08:15:00,PUMP-CHW-1 STS,1,good
2026-07-10T08:15:00,PUMP-CHW-1 SPD,79.1,good
2026-07-10T08:15:00,PUMP-CHW-1 DP,13.98,good
2026-07-10T08:15:00,PUMP-CHW-2 CMD,1,good
2026-07-10T08:15:00,PUMP-CHW-2 STS,1,good
2026-07-10T08:15:00,PUMP-CHW-2 SPD,79.1,good
2026-07-10T08:15:00,PUMP-CHW-2 DP,14.14,good
2026-07-10T08:15:00,PUMP-HW-1 CMD,1,good
2026-07-10T08:15:00,PUMP-HW-1 STS,1,good
2026-07-10T08:15:00,PUMP-HW-1 SPD,79.1,good
2026-07-10T08:15:00,PUMP-HW-1 DP,14.25,good
2026-07-10T08:15:00,PUMP-CW-1 CMD,1,good
2026-07-10T08:15:00,PUMP-CW-1 STS,1,good
2026-07-10T08:15:00,PUMP-CW-1 SPD,79.1,good
2026-07-10T08:15:00,PUMP-CW-1 DP,14.17,good
2026-07-10T08:15:00,VAV-101 ZN-T,73.3,good
2026-07-10T08:15:00,VAV-101 ZN-SP,72,good
2026-07-10T08:15:00,VAV-101 DMP-CMD,79.1,good
2026-07-10T08:15:00,VAV-101 DMP-POS,65.01,good
2026-07-10T08:15:00,VAV-101 AIRFLOW,1109.36,good
2026-07-10T08:15:00,VAV-101 HTG-CMD,79.1,good
2026-07-10T08:15:00,VAV-102 ZN-T,73.48,good
2026-07-10T08:15:00,VAV-102 ZN-SP,72,good
2026-07-10T08:15:00,VAV-102 DMP-CMD,79.1,good
2026-07-10T08:15:00,VAV-102 DMP-POS,67.52,good
2026-07-10T08:15:00,VAV-102 AIRFLOW,951.03,good
2026-07-10T08:15:00,VAV-201 ZN-T,73.98,good
2026-07-10T08:15:00,VAV-201 ZN-SP,72,good
2026-07-10T08:15:00,VAV-201 DMP-CMD,79.1,good
2026-07-10T08:15:00,VAV-201 DMP-POS,68.12,good
2026-07-10T08:15:00,VAV-201 AIRFLOW,1016.83,good
2026-07-10T08:15:00,VAV-201 HTG-CMD,79.1,good
2026-07-10T08:15:00,VAV-202 ZN-T,73.72,good
2026-07-10T08:15:00,VAV-202 ZN-SP,72,good
2026-07-10T08:15:00,VAV-202 DMP-CMD,79.1,good
2026-07-10T08:15:00,VAV-202 DMP-POS,65.2,good
2026-07-10T08:15:00,VAV-202 AIRFLOW,781.3,good
2026-07-10T08:15:00,VAV-203 ZN-T,74.02,good
2026-07-10T08:15:00,VAV-203 ZN-SP,72,good
2026-07-10T08:15:00,VAV-203 DMP-CMD,79.1,good
2026-07-10T08:15:00,VAV-203 DMP-POS,67.42,good
2026-07-10T08:15:00,VAV-203 AIRFLOW,940.44,good
2026-07-10T08:15:00,VAV-203 HTG-CMD,79.1,good
2026-07-10T08:30:00,AHU-1 SAT,56.25,good
2026-07-10T08:30:00,AHU-1 RAT,76.33,good
2026-07-10T08:30:00,AHU-1 MAT,72.62,good
2026-07-10T08:30:00,AHU-1 DAT-SP,55,good
2026-07-10T08:30:00,AHU-1 SF-CMD,1,good
2026-07-10T08:30:00,AHU-1 SF-STS,1,good
2026-07-10T08:30:00,AHU-1 SF-VFD-SPD,77.77,good
2026-07-10T08:30:00,AHU-1 OA-DMP-CMD,77.77,good
2026-07-10T08:30:00,AHU-1 CHW-VLV-CMD,77.77,good
2026-07-10T08:30:00,AHU-1 SAF-ALM,0,good
2026-07-10T08:30:00,AHU-2 SAT,56.12,good
2026-07-10T08:30:00,AHU-2 RAT,76.21,good
2026-07-10T08:30:00,AHU-2 MAT,73.12,good
2026-07-10T08:30:00,AHU-2 DAT-SP,55,good
2026-07-10T08:30:00,AHU-2 SF-CMD,1,good
2026-07-10T08:30:00,AHU-2 SF-STS,1,good
2026-07-10T08:30:00,AHU-2 SF-VFD-SPD,77.77,good
2026-07-10T08:30:00,AHU-2 OA-DMP-CMD,77.77,good
2026-07-10T08:30:00,AHU-2 HW-VLV-CMD,77.77,good
2026-07-10T08:30:00,AHU-2 SMK-ALM,0,good
2026-07-10T08:30:00,RTU-1 SAT,56.29,good
2026-07-10T08:30:00,RTU-1 RAT,76.24,good
2026-07-10T08:30:00,RTU-1 CLG-SP,72,good
2026-07-10T08:30:00,RTU-1 SF-CMD,1,good
2026-07-10T08:30:00,RTU-1 SF-STS,1,good
2026-07-10T08:30:00,RTU-1 HTG-EN,1,good
2026-07-10T08:30:00,RTU-1 CMP-STS,1,good
2026-07-10T08:30:00,RTU-1 FLT-ALM,0,good
2026-07-10T08:30:00,CHLR-1 CHWS,42.68,good
2026-07-10T08:30:00,CHLR-1 CHWR,57.15,good
2026-07-10T08:30:00,CHLR-1 CHW-DP,14.0,good
2026-07-10T08:30:00,CHLR-1 ENABLE,1,good
2026-07-10T08:30:00,CHLR-1 RUN-STS,1,good
2026-07-10T08:30:00,CHLR-1 ALM,0,good
2026-07-10T08:30:00,CHLR-1 LWT-SP,72,good
2026-07-10T08:30:00,CHLR-1 KW,89.86,good
2026-07-10T08:30:00,BLR-1 HWS,169.92,good
2026-07-10T08:30:00,BLR-1 HWR,151.83,good
2026-07-10T08:30:00,BLR-1 HWS-SP,72,good
2026-07-10T08:30:00,BLR-1 ENABLE,1,good
2026-07-10T08:30:00,BLR-1 RUN-STS,1,good
2026-07-10T08:30:00,BLR-1 ALM,0,good
2026-07-10T08:30:00,BLR-1 MOD-CMD,77.77,good
2026-07-10T08:30:00,BLR-1 GAS-PRES,7.79,good
2026-07-10T08:30:00,CT-1 CWS,83.39,good
2026-07-10T08:30:00,CT-1 CWR,93.17,good
2026-07-10T08:30:00,CT-1 FAN-CMD,1,good
2026-07-10T08:30:00,CT-1 FAN-STS,1,good
2026-07-10T08:30:00,CT-1 FAN-SPD,77.77,good
2026-07-10T08:30:00,CT-1 BASIN-LVL,67.66,good
2026-07-10T08:30:00,CT-1 ALM,0,good
2026-07-10T08:30:00,PUMP-CHW-1 CMD,1,good
2026-07-10T08:30:00,PUMP-CHW-1 STS,1,good
2026-07-10T08:30:00,PUMP-CHW-1 SPD,77.77,good
2026-07-10T08:30:00,PUMP-CHW-1 DP,13.98,good
2026-07-10T08:30:00,PUMP-CHW-2 CMD,1,good
2026-07-10T08:30:00,PUMP-CHW-2 STS,1,good
2026-07-10T08:30:00,PUMP-CHW-2 SPD,77.77,good
2026-07-10T08:30:00,PUMP-CHW-2 DP,13.82,good
2026-07-10T08:30:00,PUMP-HW-1 CMD,1,good
2026-07-10T08:30:00,PUMP-HW-1 STS,1,good
2026-07-10T08:30:00,PUMP-HW-1 SPD,77.77,good
2026-07-10T08:30:00,PUMP-HW-1 DP,13.77,good
2026-07-10T08:30:00,PUMP-CW-1 CMD,1,good
2026-07-10T08:30:00,PUMP-CW-1 STS,1,good
2026-07-10T08:30:00,PUMP-CW-1 SPD,77.77,good
2026-07-10T08:30:00,PUMP-CW-1 DP,13.73,good
2026-07-10T08:30:00,VAV-101 ZN-T,73.97,good
2026-07-10T08:30:00,VAV-101 ZN-SP,72,good
2026-07-10T08:30:00,VAV-101 DMP-CMD,77.77,good
2026-07-10T08:30:00,VAV-101 DMP-POS,64.27,good
2026-07-10T08:30:00,VAV-101 AIRFLOW,1107.46,good
2026-07-10T08:30:00,VAV-101 HTG-CMD,77.77,good
2026-07-10T08:30:00,VAV-102 ZN-T,73.96,good
2026-07-10T08:30:00,VAV-102 ZN-SP,72,good
2026-07-10T08:30:00,VAV-102 DMP-CMD,77.77,good
2026-07-10T08:30:00,VAV-102 DMP-POS,67.4,good
2026-07-10T08:30:00,VAV-102 AIRFLOW,921.47,good
2026-07-10T08:30:00,VAV-201 ZN-T,73.56,good
2026-07-10T08:30:00,VAV-201 ZN-SP,72,good
2026-07-10T08:30:00,VAV-201 DMP-CMD,77.77,good
2026-07-10T08:30:00,VAV-201 DMP-POS,66.93,good
2026-07-10T08:30:00,VAV-201 AIRFLOW,1003.53,good
2026-07-10T08:30:00,VAV-201 HTG-CMD,77.77,good
2026-07-10T08:30:00,VAV-202 ZN-T,73.6,good
2026-07-10T08:30:00,VAV-202 ZN-SP,72,good
2026-07-10T08:30:00,VAV-202 DMP-CMD,77.77,good
2026-07-10T08:30:00,VAV-202 DMP-POS,64.52,good
2026-07-10T08:30:00,VAV-202 AIRFLOW,796.56,good
2026-07-10T08:30:00,VAV-203 ZN-T,73.91,good
2026-07-10T08:30:00,VAV-203 ZN-SP,72,good
2026-07-10T08:30:00,VAV-203 DMP-CMD,77.77,good
2026-07-10T08:30:00,VAV-203 DMP-POS,67.1,good
2026-07-10T08:30:00,VAV-203 AIRFLOW,926.58,good
2026-07-10T08:30:00,VAV-203 HTG-CMD,77.77,good
2026-07-10T08:45:00,AHU-1 SAT,56.09,good
2026-07-10T08:45:00,AHU-1 RAT,75.92,good
2026-07-10T08:45:00,AHU-1 MAT,72.87,good
2026-07-10T08:45:00,AHU-1 DAT-SP,55,good
2026-07-10T08:45:00,AHU-1 SF-CMD,1,good
2026-07-10T08:45:00,AHU-1 SF-STS,1,good
2026-07-10T08:45:00,AHU-1 SF-VFD-SPD,76.31,good
2026-07-10T08:45:00,AHU-1 OA-DMP-CMD,76.31,good
2026-07-10T08:45:00,AHU-1 CHW-VLV-CMD,76.31,good
2026-07-10T08:45:00,AHU-1 SAF-ALM,0,good
2026-07-10T08:45:00,AHU-2 SAT,55.97,good
2026-07-10T08:45:00,AHU-2 RAT,75.95,good
2026-07-10T08:45:00,AHU-2 MAT,72.48,good
2026-07-10T08:45:00,AHU-2 DAT-SP,55,good
2026-07-10T08:45:00,AHU-2 SF-CMD,1,good
2026-07-10T08:45:00,AHU-2 SF-STS,1,good
2026-07-10T08:45:00,AHU-2 SF-VFD-SPD,76.31,good
2026-07-10T08:45:00,AHU-2 OA-DMP-CMD,76.31,good
2026-07-10T08:45:00,AHU-2 HW-VLV-CMD,76.31,good
2026-07-10T08:45:00,AHU-2 SMK-ALM,0,good
2026-07-10T08:45:00,RTU-1 SAT,56.28,good
2026-07-10T08:45:00,RTU-1 RAT,75.95,good
2026-07-10T08:45:00,RTU-1 CLG-SP,72,good
2026-07-10T08:45:00,RTU-1 SF-CMD,1,good
2026-07-10T08:45:00,RTU-1 SF-STS,1,good
2026-07-10T08:45:00,RTU-1 HTG-EN,1,good
2026-07-10T08:45:00,RTU-1 CMP-STS,1,good
2026-07-10T08:45:00,RTU-1 FLT-ALM,0,good
2026-07-10T08:45:00,CHLR-1 CHWS,42.61,good
2026-07-10T08:45:00,CHLR-1 CHWR,56.97,good
2026-07-10T08:45:00,CHLR-1 CHW-DP,14.06,good
2026-07-10T08:45:00,CHLR-1 ENABLE,1,good
2026-07-10T08:45:00,CHLR-1 RUN-STS,1,good
2026-07-10T08:45:00,CHLR-1 ALM,0,good
2026-07-10T08:45:00,CHLR-1 LWT-SP,72,good
2026-07-10T08:45:00,CHLR-1 KW,88.41,good
2026-07-10T08:45:00,BLR-1 HWS,170.15,good
2026-07-10T08:45:00,BLR-1 HWR,151.79,good
2026-07-10T08:45:00,BLR-1 HWS-SP,72,good
2026-07-10T08:45:00,BLR-1 ENABLE,1,good
2026-07-10T08:45:00,BLR-1 RUN-STS,1,good
2026-07-10T08:45:00,BLR-1 ALM,0,good
2026-07-10T08:45:00,BLR-1 MOD-CMD,76.31,good
2026-07-10T08:45:00,BLR-1 GAS-PRES,7.89,good
2026-07-10T08:45:00,CT-1 CWS,83.79,good
2026-07-10T08:45:00,CT-1 CWR,93.26,good
2026-07-10T08:45:00,CT-1 FAN-CMD,1,good
2026-07-10T08:45:00,CT-1 FAN-STS,1,good
2026-07-10T08:45:00,CT-1 FAN-SPD,76.31,good
2026-07-10T08:45:00,CT-1 BASIN-LVL,64.16,good
2026-07-10T08:45:00,CT-1 ALM,0,good
2026-07-10T08:45:00,PUMP-CHW-1 CMD,1,good
2026-07-10T08:45:00,PUMP-CHW-1 STS,1,good
2026-07-10T08:45:00,PUMP-CHW-1 SPD,76.31,good
2026-07-10T08:45:00,PUMP-CHW-1 DP,13.81,good
2026-07-10T08:45:00,PUMP-CHW-2 CMD,1,good
2026-07-10T08:45:00,PUMP-CHW-2 STS,1,good
2026-07-10T08:45:00,PUMP-CHW-2 SPD,76.31,good
2026-07-10T08:45:00,PUMP-CHW-2 DP,13.9,good
2026-07-10T08:45:00,PUMP-HW-1 CMD,1,good
2026-07-10T08:45:00,PUMP-HW-1 STS,1,good
2026-07-10T08:45:00,PUMP-HW-1 SPD,76.31,good
2026-07-10T08:45:00,PUMP-HW-1 DP,14.16,good
2026-07-10T08:45:00,PUMP-CW-1 CMD,1,good
2026-07-10T08:45:00,PUMP-CW-1 STS,1,good
2026-07-10T08:45:00,PUMP-CW-1 SPD,76.31,good
2026-07-10T08:45:00,PUMP-CW-1 DP,14.07,good
2026-07-10T08:45:00,VAV-101 ZN-T,73.97,good
2026-07-10T08:45:00,VAV-101 ZN-SP,72,good
2026-07-10T08:45:00,VAV-101 DMP-CMD,76.31,good
2026-07-10T08:45:00,VAV-101 DMP-POS,63.59,good
2026-07-10T08:45:00,VAV-101 AIRFLOW,1080.52,good
2026-07-10T08:45:00,VAV-101 HTG-CMD,76.31,good
2026-07-10T08:45:00,VAV-102 ZN-T,73.84,good
2026-07-10T08:45:00,VAV-102 ZN-SP,72,good
2026-07-10T08:45:00,VAV-102 DMP-CMD,76.31,good
2026-07-10T08:45:00,VAV-102 DMP-POS,66.53,good
2026-07-10T08:45:00,VAV-102 AIRFLOW,936.91,good
2026-07-10T08:45:00,VAV-201 ZN-T,73.41,good
2026-07-10T08:45:00,VAV-201 ZN-SP,72,good
2026-07-10T08:45:00,VAV-201 DMP-CMD,76.31,good
2026-07-10T08:45:00,VAV-201 DMP-POS,66.42,good
2026-07-10T08:45:00,VAV-201 AIRFLOW,1026.67,good
2026-07-10T08:45:00,VAV-201 HTG-CMD,76.31,good
2026-07-10T08:45:00,VAV-202 ZN-T,73.56,good
2026-07-10T08:45:00,VAV-202 ZN-SP,72,good
2026-07-10T08:45:00,VAV-202 DMP-CMD,76.31,good
2026-07-10T08:45:00,VAV-202 DMP-POS,66.09,good
2026-07-10T08:45:00,VAV-202 AIRFLOW,769.85,good
2026-07-10T08:45:00,VAV-203 ZN-T,74.05,good
2026-07-10T08:45:00,VAV-203 ZN-SP,72,good
2026-07-10T08:45:00,VAV-203 DMP-CMD,76.31,good
2026-07-10T08:45:00,VAV-203 DMP-POS,63.63,good
2026-07-10T08:45:00,VAV-203 AIRFLOW,932.23,good
2026-07-10T08:45:00,VAV-203 HTG-CMD,76.31,good
2026-07-10T09:00:00,AHU-1 SAT,56.33,good
2026-07-10T09:00:00,AHU-1 RAT,75.78,good
2026-07-10T09:00:00,AHU-1 MAT,72.51,good
2026-07-10T09:00:00,AHU-1 DAT-SP,55,good
2026-07-10T09:00:00,AHU-1 SF-CMD,1,good
2026-07-10T09:00:00,AHU-1 SF-STS,1,good
2026-07-10T09:00:00,AHU-1 SF-VFD-SPD,74.75,good
2026-07-10T09:00:00,AHU-1 OA-DMP-CMD,74.75,good
2026-07-10T09:00:00,AHU-1 CHW-VLV-CMD,74.75,good
2026-07-10T09:00:00,AHU-1 SAF-ALM,0,good
2026-07-10T09:00:00,AHU-2 SAT,55.97,good
2026-07-10T09:00:00,AHU-2 RAT,75.62,good
2026-07-10T09:00:00,AHU-2 MAT,72.11,good
2026-07-10T09:00:00,AHU-2 DAT-SP,55,good
2026-07-10T09:00:00,AHU-2 SF-CMD,1,good
2026-07-10T09:00:00,AHU-2 SF-STS,1,good
2026-07-10T09:00:00,AHU-2 SF-VFD-SPD,74.75,good
2026-07-10T09:00:00,AHU-2 OA-DMP-CMD,74.75,good
2026-07-10T09:00:00,AHU-2 HW-VLV-CMD,74.75,good
2026-07-10T09:00:00,AHU-2 SMK-ALM,0,good
2026-07-10T09:00:00,RTU-1 SAT,56.06,good
2026-07-10T09:00:00,RTU-1 RAT,75.79,good
2026-07-10T09:00:00,RTU-1 CLG-SP,72,good
2026-07-10T09:00:00,RTU-1 SF-CMD,1,good
2026-07-10T09:00:00,RTU-1 SF-STS,1,good
2026-07-10T09:00:00,RTU-1 HTG-EN,1,good
2026-07-10T09:00:00,RTU-1 CMP-STS,1,good
2026-07-10T09:00:00,RTU-1 FLT-ALM,0,good
2026-07-10T09:00:00,CHLR-1 CHWS,42.66,good
2026-07-10T09:00:00,CHLR-1 CHWR,56.95,good
2026-07-10T09:00:00,CHLR-1 CHW-DP,13.48,good
2026-07-10T09:00:00,CHLR-1 ENABLE,1,good
2026-07-10T09:00:00,CHLR-1 RUN-STS,1,good
2026-07-10T09:00:00,CHLR-1 ALM,0,good
2026-07-10T09:00:00,CHLR-1 LWT-SP,72,good
2026-07-10T09:00:00,CHLR-1 KW,89.45,good
2026-07-10T09:00:00,BLR-1 HWS,170.04,good
2026-07-10T09:00:00,BLR-1 HWR,151.97,good
2026-07-10T09:00:00,BLR-1 HWS-SP,72,good
2026-07-10T09:00:00,BLR-1 ENABLE,1,good
2026-07-10T09:00:00,BLR-1 RUN-STS,1,good
2026-07-10T09:00:00,BLR-1 ALM,0,good
2026-07-10T09:00:00,BLR-1 MOD-CMD,74.75,good
2026-07-10T09:00:00,BLR-1 GAS-PRES,7.84,good
2026-07-10T09:00:00,CT-1 CWS,83.2,good
2026-07-10T09:00:00,CT-1 CWR,93.08,good
2026-07-10T09:00:00,CT-1 FAN-CMD,1,good
2026-07-10T09:00:00,CT-1 FAN-STS,1,good
2026-07-10T09:00:00,CT-1 FAN-SPD,74.75,good
2026-07-10T09:00:00,CT-1 BASIN-LVL,65.46,good
2026-07-10T09:00:00,CT-1 ALM,0,good
2026-07-10T09:00:00,PUMP-CHW-1 CMD,1,good
2026-07-10T09:00:00,PUMP-CHW-1 STS,1,good
2026-07-10T09:00:00,PUMP-CHW-1 SPD,74.75,good
2026-07-10T09:00:00,PUMP-CHW-1 DP,13.89,good
2026-07-10T09:00:00,PUMP-CHW-2 CMD,1,good
2026-07-10T09:00:00,PUMP-CHW-2 STS,1,good
2026-07-10T09:00:00,PUMP-CHW-2 SPD,74.75,good
2026-07-10T09:00:00,PUMP-CHW-2 DP,13.55,good
2026-07-10T09:00:00,PUMP-HW-1 CMD,1,good
2026-07-10T09:00:00,PUMP-HW-1 STS,1,good
2026-07-10T09:00:00,PUMP-HW-1 SPD,74.75,good
2026-07-10T09:00:00,PUMP-HW-1 DP,13.89,good
2026-07-10T09:00:00,PUMP-CW-1 CMD,1,good
2026-07-10T09:00:00,PUMP-CW-1 STS,1,good
2026-07-10T09:00:00,PUMP-CW-1 SPD,74.75,good
2026-07-10T09:00:00,PUMP-CW-1 DP,13.74,good
2026-07-10T09:00:00,VAV-101 ZN-T,73.36,good
2026-07-10T09:00:00,VAV-101 ZN-SP,72,good
2026-07-10T09:00:00,VAV-101 DMP-CMD,74.75,good
2026-07-10T09:00:00,VAV-101 DMP-POS,62.46,good
2026-07-10T09:00:00,VAV-101 AIRFLOW,1074.18,good
2026-07-10T09:00:00,VAV-101 HTG-CMD,74.75,good
2026-07-10T09:00:00,VAV-102 ZN-T,74.03,good
2026-07-10T09:00:00,VAV-102 ZN-SP,72,good
2026-07-10T09:00:00,VAV-102 DMP-CMD,74.75,good
2026-07-10T09:00:00,VAV-102 DMP-POS,64.34,good
2026-07-10T09:00:00,VAV-102 AIRFLOW,938.18,good
2026-07-10T09:00:00,VAV-201 ZN-T,73.78,good
2026-07-10T09:00:00,VAV-201 ZN-SP,72,good
2026-07-10T09:00:00,VAV-201 DMP-CMD,74.75,good
2026-07-10T09:00:00,VAV-201 DMP-POS,62.59,good
2026-07-10T09:00:00,VAV-201 AIRFLOW,998.04,good
2026-07-10T09:00:00,VAV-201 HTG-CMD,74.75,good
2026-07-10T09:00:00,VAV-202 ZN-T,73.6,good
2026-07-10T09:00:00,VAV-202 ZN-SP,72,good
2026-07-10T09:00:00,VAV-202 DMP-CMD,74.75,good
2026-07-10T09:00:00,VAV-202 DMP-POS,62.33,good
2026-07-10T09:00:00,VAV-202 AIRFLOW,771.04,good
2026-07-10T09:00:00,VAV-203 ZN-T,73.99,good
2026-07-10T09:00:00,VAV-203 ZN-SP,72,good
2026-07-10T09:00:00,VAV-203 DMP-CMD,74.75,good
2026-07-10T09:00:00,VAV-203 DMP-POS,63.97,good
2026-07-10T09:00:00,VAV-203 AIRFLOW,913.53,good
2026-07-10T09:00:00,VAV-203 HTG-CMD,74.75,good
2026-07-10T09:15:00,AHU-1 SAT,56.23,good
2026-07-10T09:15:00,AHU-1 RAT,76.07,good
2026-07-10T09:15:00,AHU-1 MAT,71.92,good
2026-07-10T09:15:00,AHU-1 DAT-SP,55,good
2026-07-10T09:15:00,AHU-1 SF-CMD,1,good
2026-07-10T09:15:00,AHU-1 SF-STS,1,good
2026-07-10T09:15:00,AHU-1 SF-VFD-SPD,73.08,good
2026-07-10T09:15:00,AHU-1 OA-DMP-CMD,73.08,good
2026-07-10T09:15:00,AHU-1 CHW-VLV-CMD,73.08,good
2026-07-10T09:15:00,AHU-1 SAF-ALM,0,good
2026-07-10T09:15:00,AHU-2 SAT,56.0,good
2026-07-10T09:15:00,AHU-2 RAT,75.79,good
2026-07-10T09:15:00,AHU-2 MAT,72.04,good
2026-07-10T09:15:00,AHU-2 DAT-SP,55,good
2026-07-10T09:15:00,AHU-2 SF-CMD,1,good
2026-07-10T09:15:00,AHU-2 SF-STS,1,good
2026-07-10T09:15:00,AHU-2 SF-VFD-SPD,73.08,good
2026-07-10T09:15:00,AHU-2 OA-DMP-CMD,73.08,good
2026-07-10T09:15:00,AHU-2 HW-VLV-CMD,73.08,good
2026-07-10T09:15:00,AHU-2 SMK-ALM,0,good
2026-07-10T09:15:00,RTU-1 SAT,55.95,good
2026-07-10T09:15:00,RTU-1 RAT,76.09,good
2026-07-10T09:15:00,RTU-1 CLG-SP,72,good
2026-07-10T09:15:00,RTU-1 SF-CMD,1,good
2026-07-10T09:15:00,RTU-1 SF-STS,1,good
2026-07-10T09:15:00,RTU-1 HTG-EN,1,good
2026-07-10T09:15:00,RTU-1 CMP-STS,1,good
2026-07-10T09:15:00,RTU-1 FLT-ALM,0,good
2026-07-10T09:15:00,CHLR-1 CHWS,42.48,good
2026-07-10T09:15:00,CHLR-1 CHWR,56.92,good
2026-07-10T09:15:00,CHLR-1 CHW-DP,13.75,good
2026-07-10T09:15:00,CHLR-1 ENABLE,1,good
2026-07-10T09:15:00,CHLR-1 RUN-STS,1,good
2026-07-10T09:15:00,CHLR-1 ALM,0,good
2026-07-10T09:15:00,CHLR-1 LWT-SP,72,good
2026-07-10T09:15:00,CHLR-1 KW,85.21,good
2026-07-10T09:15:00,BLR-1 HWS,170.03,good
2026-07-10T09:15:00,BLR-1 HWR,151.45,good
2026-07-10T09:15:00,BLR-1 HWS-SP,72,good
2026-07-10T09:15:00,BLR-1 ENABLE,1,good
2026-07-10T09:15:00,BLR-1 RUN-STS,1,good
2026-07-10T09:15:00,BLR-1 ALM,0,good
2026-07-10T09:15:00,BLR-1 MOD-CMD,73.08,good
2026-07-10T09:15:00,BLR-1 GAS-PRES,7.77,good
2026-07-10T09:15:00,CT-1 CWS,83.32,good
2026-07-10T09:15:00,CT-1 CWR,93.42,good
2026-07-10T09:15:00,CT-1 FAN-CMD,1,good
2026-07-10T09:15:00,CT-1 FAN-STS,1,good
2026-07-10T09:15:00,CT-1 FAN-SPD,73.08,good
2026-07-10T09:15:00,CT-1 BASIN-LVL,63.4,good
2026-07-10T09:15:00,CT-1 ALM,0,good
2026-07-10T09:15:00,PUMP-CHW-1 CMD,1,good
2026-07-10T09:15:00,PUMP-CHW-1 STS,1,good
2026-07-10T09:15:00,PUMP-CHW-1 SPD,73.08,good
2026-07-10T09:15:00,PUMP-CHW-1 DP,13.58,good
2026-07-10T09:15:00,PUMP-CHW-2 CMD,1,good
2026-07-10T09:15:00,PUMP-CHW-2 STS,1,good
2026-07-10T09:15:00,PUMP-CHW-2 SPD,73.08,good
2026-07-10T09:15:00,PUMP-CHW-2 DP,13.63,good
2026-07-10T09:15:00,PUMP-HW-1 CMD,1,good
2026-07-10T09:15:00,PUMP-HW-1 STS,1,good
2026-07-10T09:15:00,PUMP-HW-1 SPD,73.08,good
2026-07-10T09:15:00,PUMP-HW-1 DP,13.73,good
2026-07-10T09:15:00,PUMP-CW-1 CMD,1,good
2026-07-10T09:15:00,PUMP-CW-1 STS,1,good
2026-07-10T09:15:00,PUMP-CW-1 SPD,73.08,good
2026-07-10T09:15:00,PUMP-CW-1 DP,13.94,good
2026-07-10T09:15:00,VAV-101 ZN-T,73.58,good
2026-07-10T09:15:00,VAV-101 ZN-SP,72,good
2026-07-10T09:15:00,VAV-101 DMP-CMD,73.08,good
2026-07-10T09:15:00,VAV-101 DMP-POS,61.25,good
2026-07-10T09:15:00,VAV-101 AIRFLOW,1088.46,good
2026-07-10T09:15:00,VAV-101 HTG-CMD,73.08,good
2026-07-10T09:15:00,VAV-102 ZN-T,73.66,good
2026-07-10T09:15:00,VAV-102 ZN-SP,72,good
2026-07-10T09:15:00,VAV-102 DMP-CMD,73.08,good
2026-07-10T09:15:00,VAV-102 DMP-POS,64.12,good
2026-07-10T09:15:00,VAV-102 AIRFLOW,928.21,good
2026-07-10T09:15:00,VAV-201 ZN-T,74.0,good
2026-07-10T09:15:00,VAV-201 ZN-SP,72,good
2026-07-10T09:15:00,VAV-201 DMP-CMD,73.08,good
2026-07-10T09:15:00,VAV-201 DMP-POS,64.13,good
2026-07-10T09:15:00,VAV-201 AIRFLOW,993.3,good
2026-07-10T09:15:00,VAV-201 HTG-CMD,73.08,good
2026-07-10T09:15:00,VAV-202 ZN-T,73.42,good
2026-07-10T09:15:00,VAV-202 ZN-SP,72,good
2026-07-10T09:15:00,VAV-202 DMP-CMD,73.08,good
2026-07-10T09:15:00,VAV-202 DMP-POS,63.37,good
2026-07-10T09:15:00,VAV-202 AIRFLOW,781.77,good
2026-07-10T09:15:00,VAV-203 ZN-T,73.52,good
2026-07-10T09:15:00,VAV-203 ZN-SP,72,good
2026-07-10T09:15:00,VAV-203 DMP-CMD,73.08,good
2026-07-10T09:15:00,VAV-203 DMP-POS,64.3,good
2026-07-10T09:15:00,VAV-203 AIRFLOW,921.66,good
2026-07-10T09:15:00,VAV-203 HTG-CMD,73.08,good
2026-07-10T09:30:00,AHU-1 SAT,56.03,good
2026-07-10T09:30:00,AHU-1 RAT,76.09,good
2026-07-10T09:30:00,AHU-1 MAT,72.53,good
2026-07-10T09:30:00,AHU-1 DAT-SP,55,good
2026-07-10T09:30:00,AHU-1 SF-CMD,1,good
2026-07-10T09:30:00,AHU-1 SF-STS,1,good
2026-07-10T09:30:00,AHU-1 SF-VFD-SPD,71.31,good
2026-07-10T09:30:00,AHU-1 OA-DMP-CMD,71.31,good
2026-07-10T09:30:00,AHU-1 CHW-VLV-CMD,71.31,good
2026-07-10T09:30:00,AHU-1 SAF-ALM,0,good
2026-07-10T09:30:00,AHU-2 SAT,55.65,good
2026-07-10T09:30:00,AHU-2 RAT,76.21,good
2026-07-10T09:30:00,AHU-2 MAT,72.18,good
2026-07-10T09:30:00,AHU-2 DAT-SP,55,good
2026-07-10T09:30:00,AHU-2 SF-CMD,1,good
2026-07-10T09:30:00,AHU-2 SF-STS,1,good
2026-07-10T09:30:00,AHU-2 SF-VFD-SPD,71.31,good
2026-07-10T09:30:00,AHU-2 OA-DMP-CMD,71.31,good
2026-07-10T09:30:00,AHU-2 HW-VLV-CMD,71.31,good
2026-07-10T09:30:00,AHU-2 SMK-ALM,0,good
2026-07-10T09:30:00,RTU-1 SAT,55.79,good
2026-07-10T09:30:00,RTU-1 RAT,75.62,good
2026-07-10T09:30:00,RTU-1 CLG-SP,72,good
2026-07-10T09:30:00,RTU-1 SF-CMD,1,good
2026-07-10T09:30:00,RTU-1 SF-STS,1,good
2026-07-10T09:30:00,RTU-1 HTG-EN,1,good
2026-07-10T09:30:00,RTU-1 CMP-STS,1,good
2026-07-10T09:30:00,RTU-1 FLT-ALM,0,good
2026-07-10T09:30:00,CHLR-1 CHWS,42.43,good
2026-07-10T09:30:00,CHLR-1 CHWR,56.72,good
2026-07-10T09:30:00,CHLR-1 CHW-DP,13.78,good
2026-07-10T09:30:00,CHLR-1 ENABLE,1,good
2026-07-10T09:30:00,CHLR-1 RUN-STS,1,good
2026-07-10T09:30:00,CHLR-1 ALM,0,good
2026-07-10T09:30:00,CHLR-1 LWT-SP,72,good
2026-07-10T09:30:00,CHLR-1 KW,86.02,good
2026-07-10T09:30:00,BLR-1 HWS,169.91,good
2026-07-10T09:30:00,BLR-1 HWR,151.77,good
2026-07-10T09:30:00,BLR-1 HWS-SP,72,good
2026-07-10T09:30:00,BLR-1 ENABLE,1,good
2026-07-10T09:30:00,BLR-1 RUN-STS,1,good
2026-07-10T09:30:00,BLR-1 ALM,0,good
2026-07-10T09:30:00,BLR-1 MOD-CMD,71.31,good
2026-07-10T09:30:00,BLR-1 GAS-PRES,7.69,good
2026-07-10T09:30:00,CT-1 CWS,83.37,good
2026-07-10T09:30:00,CT-1 CWR,92.85,good
2026-07-10T09:30:00,CT-1 FAN-CMD,1,good
2026-07-10T09:30:00,CT-1 FAN-STS,1,good
2026-07-10T09:30:00,CT-1 FAN-SPD,71.31,good
2026-07-10T09:30:00,CT-1 BASIN-LVL,61.6,good
2026-07-10T09:30:00,CT-1 ALM,0,good
2026-07-10T09:30:00,PUMP-CHW-1 CMD,1,good
2026-07-10T09:30:00,PUMP-CHW-1 STS,1,good
2026-07-10T09:30:00,PUMP-CHW-1 SPD,71.31,good
2026-07-10T09:30:00,PUMP-CHW-1 DP,13.69,good
2026-07-10T09:30:00,PUMP-CHW-2 CMD,1,good
2026-07-10T09:30:00,PUMP-CHW-2 STS,1,good
2026-07-10T09:30:00,PUMP-CHW-2 SPD,71.31,good
2026-07-10T09:30:00,PUMP-CHW-2 DP,13.74,good
2026-07-10T09:30:00,PUMP-HW-1 CMD,1,good
2026-07-10T09:30:00,PUMP-HW-1 STS,1,good
2026-07-10T09:30:00,PUMP-HW-1 SPD,71.31,good
2026-07-10T09:30:00,PUMP-HW-1 DP,13.42,good
2026-07-10T09:30:00,PUMP-CW-1 CMD,1,good
2026-07-10T09:30:00,PUMP-CW-1 STS,1,good
2026-07-10T09:30:00,PUMP-CW-1 SPD,71.31,good
2026-07-10T09:30:00,PUMP-CW-1 DP,13.3,good
2026-07-10T09:30:00,VAV-101 ZN-T,73.69,good
2026-07-10T09:30:00,VAV-101 ZN-SP,72,good
2026-07-10T09:30:00,VAV-101 DMP-CMD,71.31,good
2026-07-10T09:30:00,VAV-101 DMP-POS,63.73,good
2026-07-10T09:30:00,VAV-101 AIRFLOW,1079.22,good
2026-07-10T09:30:00,VAV-101 HTG-CMD,71.31,good
2026-07-10T09:30:00,VAV-102 ZN-T,74.11,good
2026-07-10T09:30:00,VAV-102 ZN-SP,72,good
2026-07-10T09:30:00,VAV-102 DMP-CMD,71.31,good
2026-07-10T09:30:00,VAV-102 DMP-POS,61.72,good
2026-07-10T09:30:00,VAV-102 AIRFLOW,935.65,good
2026-07-10T09:30:00,VAV-201 ZN-T,73.79,good
2026-07-10T09:30:00,VAV-201 ZN-SP,72,good
2026-07-10T09:30:00,VAV-201 DMP-CMD,71.31,good
2026-07-10T09:30:00,VAV-201 DMP-POS,62.17,good
2026-07-10T09:30:00,VAV-201 AIRFLOW,1010.07,good
2026-07-10T09:30:00,VAV-201 HTG-CMD,71.31,good
2026-07-10T09:30:00,VAV-202 ZN-T,73.81,good
2026-07-10T09:30:00,VAV-202 ZN-SP,72,good
2026-07-10T09:30:00,VAV-202 DMP-CMD,71.31,good
2026-07-10T09:30:00,VAV-202 DMP-POS,63.38,good
2026-07-10T09:30:00,VAV-202 AIRFLOW,773.0,good
2026-07-10T09:30:00,VAV-203 ZN-T,73.46,good
2026-07-10T09:30:00,VAV-203 ZN-SP,72,good
2026-07-10T09:30:00,VAV-203 DMP-CMD,71.31,good
2026-07-10T09:30:00,VAV-203 DMP-POS,62.59,good
2026-07-10T09:30:00,VAV-203 AIRFLOW,929.6,good
2026-07-10T09:30:00,VAV-203 HTG-CMD,71.31,good
2026-07-10T09:45:00,AHU-1 SAT,55.86,good
2026-07-10T09:45:00,AHU-1 RAT,75.82,good
2026-07-10T09:45:00,AHU-1 MAT,71.59,good
2026-07-10T09:45:00,AHU-1 DAT-SP,55,good
2026-07-10T09:45:00,AHU-1 SF-CMD,1,good
2026-07-10T09:45:00,AHU-1 SF-STS,1,good
2026-07-10T09:45:00,AHU-1 SF-VFD-SPD,69.44,good
2026-07-10T09:45:00,AHU-1 OA-DMP-CMD,69.44,good
2026-07-10T09:45:00,AHU-1 CHW-VLV-CMD,69.44,good
2026-07-10T09:45:00,AHU-1 SAF-ALM,0,good
2026-07-10T09:45:00,AHU-2 SAT,55.93,good
2026-07-10T09:45:00,AHU-2 RAT,75.81,good
2026-07-10T09:45:00,AHU-2 MAT,72.12,good
2026-07-10T09:45:00,AHU-2 DAT-SP,55,good
2026-07-10T09:45:00,AHU-2 SF-CMD,1,good
2026-07-10T09:45:00,AHU-2 SF-STS,1,good
2026-07-10T09:45:00,AHU-2 SF-VFD-SPD,69.44,good
2026-07-10T09:45:00,AHU-2 OA-DMP-CMD,69.44,good
2026-07-10T09:45:00,AHU-2 HW-VLV-CMD,69.44,good
2026-07-10T09:45:00,AHU-2 SMK-ALM,0,good
2026-07-10T09:45:00,RTU-1 SAT,55.79,good
2026-07-10T09:45:00,RTU-1 RAT,76.12,good
2026-07-10T09:45:00,RTU-1 CLG-SP,72,good
2026-07-10T09:45:00,RTU-1 SF-CMD,1,good
2026-07-10T09:45:00,RTU-1 SF-STS,1,good
2026-07-10T09:45:00,RTU-1 HTG-EN,1,good
2026-07-10T09:45:00,RTU-1 CMP-STS,1,good
2026-07-10T09:45:00,RTU-1 FLT-ALM,0,good
2026-07-10T09:45:00,CHLR-1 CHWS,42.41,good
2026-07-10T09:45:00,CHLR-1 CHWR,56.67,good
2026-07-10T09:45:00,CHLR-1 CHW-DP,13.61,good
2026-07-10T09:45:00,CHLR-1 ENABLE,1,good
2026-07-10T09:45:00,CHLR-1 RUN-STS,1,good
2026-07-10T09:45:00,CHLR-1 ALM,0,good
2026-07-10T09:45:00,CHLR-1 LWT-SP,72,good
2026-07-10T09:45:00,CHLR-1 KW,84.41,good
2026-07-10T09:45:00,BLR-1 HWS,169.79,good
2026-07-10T09:45:00,BLR-1 HWR,151.49,good
2026-07-10T09:45:00,BLR-1 HWS-SP,72,good
2026-07-10T09:45:00,BLR-1 ENABLE,1,good
2026-07-10T09:45:00,BLR-1 RUN-STS,1,good
2026-07-10T09:45:00,BLR-1 ALM,0,good
2026-07-10T09:45:00,BLR-1 MOD-CMD,69.44,good
2026-07-10T09:45:00,BLR-1 GAS-PRES,7.82,good
2026-07-10T09:45:00,CT-1 CWS,83.38,good
2026-07-10T09:45:00,CT-1 CWR,92.69,good
2026-07-10T09:45:00,CT-1 FAN-CMD,1,good
2026-07-10T09:45:00,CT-1 FAN-STS,1,good
2026-07-10T09:45:00,CT-1 FAN-SPD,69.44,good
2026-07-10T09:45:00,CT-1 BASIN-LVL,61.66,good
2026-07-10T09:45:00,CT-1 ALM,0,good
2026-07-10T09:45:00,PUMP-CHW-1 CMD,1,good
2026-07-10T09:45:00,PUMP-CHW-1 STS,1,good
2026-07-10T09:45:00,PUMP-CHW-1 SPD,69.44,good
2026-07-10T09:45:00,PUMP-CHW-1 DP,13.31,good
2026-07-10T09:45:00,PUMP-CHW-2 CMD,1,good
2026-07-10T09:45:00,PUMP-CHW-2 STS,1,good
2026-07-10T09:45:00,PUMP-CHW-2 SPD,69.44,good
2026-07-10T09:45:00,PUMP-CHW-2 DP,13.57,good
2026-07-10T09:45:00,PUMP-HW-1 CMD,1,good
2026-07-10T09:45:00,PUMP-HW-1 STS,1,good
2026-07-10T09:45:00,PUMP-HW-1 SPD,69.44,good
2026-07-10T09:45:00,PUMP-HW-1 DP,13.5,good
2026-07-10T09:45:00,PUMP-CW-1 CMD,1,good
2026-07-10T09:45:00,PUMP-CW-1 STS,1,good
2026-07-10T09:45:00,PUMP-CW-1 SPD,69.44,good
2026-07-10T09:45:00,PUMP-CW-1 DP,13.66,good
2026-07-10T09:45:00,VAV-101 ZN-T,73.51,good
2026-07-10T09:45:00,VAV-101 ZN-SP,72,good
2026-07-10T09:45:00,VAV-101 DMP-CMD,69.44,good
2026-07-10T09:45:00,VAV-101 DMP-POS,61.54,good
2026-07-10T09:45:00,VAV-101 AIRFLOW,1072.92,good
2026-07-10T09:45:00,VAV-101 HTG-CMD,69.44,good
2026-07-10T09:45:00,VAV-102 ZN-T,73.43,good
2026-07-10T09:45:00,VAV-102 ZN-SP,72,good
2026-07-10T09:45:00,VAV-102 DMP-CMD,69.44,good
2026-07-10T09:45:00,VAV-102 DMP-POS,59.38,good
2026-07-10T09:45:00,VAV-102 AIRFLOW,921.14,good
2026-07-10T09:45:00,VAV-201 ZN-T,73.69,good
2026-07-10T09:45:00,VAV-201 ZN-SP,72,good
2026-07-10T09:45:00,VAV-201 DMP-CMD,69.44,good
2026-07-10T09:45:00,VAV-201 DMP-POS,60.64,good
2026-07-10T09:45:00,VAV-201 AIRFLOW,988.53,good
2026-07-10T09:45:00,VAV-201 HTG-CMD,69.44,good
2026-07-10T09:45:00,VAV-202 ZN-T,73.88,good
2026-07-10T09:45:00,VAV-202 ZN-SP,72,good
2026-07-10T09:45:00,VAV-202 DMP-CMD,69.44,good
2026-07-10T09:45:00,VAV-202 DMP-POS,61.83,good
2026-07-10T09:45:00,VAV-202 AIRFLOW,776.29,good
2026-07-10T09:45:00,VAV-203 ZN-T,73.7,good
2026-07-10T09:45:00,VAV-203 ZN-SP,72,good
2026-07-10T09:45:00,VAV-203 DMP-CMD,69.44,good
2026-07-10T09:45:00,VAV-203 DMP-POS,62.16,good
2026-07-10T09:45:00,VAV-203 AIRFLOW,912.96,good
2026-07-10T09:45:00,VAV-203 HTG-CMD,69.44,good
2026-07-10T10:00:00,AHU-1 SAT,55.77,good
2026-07-10T10:00:00,AHU-1 RAT,75.86,good
2026-07-10T10:00:00,AHU-1 MAT,71.94,good
2026-07-10T10:00:00,AHU-1 DAT-SP,55,good
2026-07-10T10:00:00,AHU-1 SF-CMD,1,good
2026-07-10T10:00:00,AHU-1 SF-STS,1,good
2026-07-10T10:00:00,AHU-1 SF-VFD-SPD,67.5,good
2026-07-10T10:00:00,AHU-1 OA-DMP-CMD,67.5,good
2026-07-10T10:00:00,AHU-1 CHW-VLV-CMD,67.5,good
2026-07-10T10:00:00,AHU-1 SAF-ALM,0,good
2026-07-10T10:00:00,AHU-2 SAT,55.6,good
2026-07-10T10:00:00,AHU-2 RAT,75.63,good
2026-07-10T10:00:00,AHU-2 MAT,72.02,good
2026-07-10T10:00:00,AHU-2 DAT-SP,55,good
2026-07-10T10:00:00,AHU-2 SF-CMD,1,good
2026-07-10T10:00:00,AHU-2 SF-STS,1,good
2026-07-10T10:00:00,AHU-2 SF-VFD-SPD,67.5,good
2026-07-10T10:00:00,AHU-2 OA-DMP-CMD,67.5,good
2026-07-10T10:00:00,AHU-2 HW-VLV-CMD,67.5,good
2026-07-10T10:00:00,AHU-2 SMK-ALM,0,good
2026-07-10T10:00:00,RTU-1 SAT,55.75,good
2026-07-10T10:00:00,RTU-1 RAT,75.85,good
2026-07-10T10:00:00,RTU-1 CLG-SP,72,good
2026-07-10T10:00:00,RTU-1 SF-CMD,1,good
2026-07-10T10:00:00,RTU-1 SF-STS,1,good
2026-07-10T10:00:00,RTU-1 HTG-EN,1,good
2026-07-10T10:00:00,RTU-1 CMP-STS,1,good
2026-07-10T10:00:00,RTU-1 FLT-ALM,0,good
2026-07-10T10:00:00,CHLR-1 CHWS,42.41,good
2026-07-10T10:00:00,CHLR-1 CHWR,56.7,good
2026-07-10T10:00:00,CHLR-1 CHW-DP,13.11,good
2026-07-10T10:00:00,CHLR-1 ENABLE,1,good
2026-07-10T10:00:00,CHLR-1 RUN-STS,1,good
2026-07-10T10:00:00,CHLR-1 ALM,0,good
2026-07-10T10:00:00,CHLR-1 LWT-SP,72,good
2026-07-10T10:00:00,CHLR-1 KW,83.79,good
2026-07-10T10:00:00,BLR-1 HWS,169.65,good
2026-07-10T10:00:00,BLR-1 HWR,151.42,good
2026-07-10T10:00:00,BLR-1 HWS-SP,72,good
2026-07-10T10:00:00,BLR-1 ENABLE,1,good
2026-07-10T10:00:00,BLR-1 RUN-STS,1,good
2026-07-10T10:00:00,BLR-1 ALM,0,good
2026-07-10T10:00:00,BLR-1 MOD-CMD,67.5,good
2026-07-10T10:00:00,BLR-1 GAS-PRES,7.78,good
2026-07-10T10:00:00,CT-1 CWS,82.99,good
2026-07-10T10:00:00,CT-1 CWR,92.61,good
2026-07-10T10:00:00,CT-1 FAN-CMD,1,good
2026-07-10T10:00:00,CT-1 FAN-STS,1,good
2026-07-10T10:00:00,CT-1 FAN-SPD,67.5,good
2026-07-10T10:00:00,CT-1 BASIN-LVL,61.41,good
2026-07-10T10:00:00,CT-1 ALM,0,good
2026-07-10T10:00:00,PUMP-CHW-1 CMD,1,good
2026-07-10T10:00:00,PUMP-CHW-1 STS,1,good
2026-07-10T10:00:00,PUMP-CHW-1 SPD,67.5,good
2026-07-10T10:00:00,PUMP-CHW-1 DP,13.22,good
2026-07-10T10:00:00,PUMP-CHW-2 CMD,1,good
2026-07-10T10:00:00,PUMP-CHW-2 STS,1,good
2026-07-10T10:00:00,PUMP-CHW-2 SPD,67.5,good
2026-07-10T10:00:00,PUMP-CHW-2 DP,13.49,good
2026-07-10T10:00:00,PUMP-HW-1 CMD,1,good
2026-07-10T10:00:00,PUMP-HW-1 STS,1,good
2026-07-10T10:00:00,PUMP-HW-1 SPD,67.5,good
2026-07-10T10:00:00,PUMP-HW-1 DP,13.22,good
2026-07-10T10:00:00,PUMP-CW-1 CMD,1,good
2026-07-10T10:00:00,PUMP-CW-1 STS,1,good
2026-07-10T10:00:00,PUMP-CW-1 SPD,67.5,good
2026-07-10T10:00:00,PUMP-CW-1 DP,13.0,good
2026-07-10T10:00:00,VAV-101 ZN-T,73.94,good
2026-07-10T10:00:00,VAV-101 ZN-SP,72,good
2026-07-10T10:00:00,VAV-101 DMP-CMD,67.5,good
2026-07-10T10:00:00,VAV-101 DMP-POS,61.38,good
2026-07-10T10:00:00,VAV-101 AIRFLOW,1046.28,good
2026-07-10T10:00:00,VAV-101 HTG-CMD,67.5,good
2026-07-10T10:00:00,VAV-102 ZN-T,73.68,good
2026-07-10T10:00:00,VAV-102 ZN-SP,72,good
2026-07-10T10:00:00,VAV-102 DMP-CMD,67.5,good
2026-07-10T10:00:00,VAV-102 DMP-POS,58.26,good
2026-07-10T10:00:00,VAV-102 AIRFLOW,904.69,good
2026-07-10T10:00:00,VAV-201 ZN-T,74.11,good
2026-07-10T10:00:00,VAV-201 ZN-SP,72,good
2026-07-10T10:00:00,VAV-201 DMP-CMD,67.5,good
2026-07-10T10:00:00,VAV-201 DMP-POS,61.41,good
2026-07-10T10:00:00,VAV-201 AIRFLOW,986.72,good
2026-07-10T10:00:00,VAV-201 HTG-CMD,67.5,good
2026-07-10T10:00:00,VAV-202 ZN-T,74.14,good
2026-07-10T10:00:00,VAV-202 ZN-SP,72,good
2026-07-10T10:00:00,VAV-202 DMP-CMD,67.5,good
2026-07-10T10:00:00,VAV-202 DMP-POS,60.55,good
2026-07-10T10:00:00,VAV-202 AIRFLOW,764.25,good
2026-07-10T10:00:00,VAV-203 ZN-T,73.81,good
2026-07-10T10:00:00,VAV-203 ZN-SP,72,good
2026-07-10T10:00:00,VAV-203 DMP-CMD,67.5,good
2026-07-10T10:00:00,VAV-203 DMP-POS,58.49,good
2026-07-10T10:00:00,VAV-203 AIRFLOW,891.04,good
2026-07-10T10:00:00,VAV-203 HTG-CMD,67.5,good
2026-07-10T10:15:00,AHU-1 SAT,55.45,good
2026-07-10T10:15:00,AHU-1 RAT,76.14,good
2026-07-10T10:15:00,AHU-1 MAT,71.07,good
2026-07-10T10:15:00,AHU-1 DAT-SP,55,good
2026-07-10T10:15:00,AHU-1 SF-CMD,1,good
2026-07-10T10:15:00,AHU-1 SF-STS,1,good
2026-07-10T10:15:00,AHU-1 SF-VFD-SPD,65.48,good
2026-07-10T10:15:00,AHU-1 OA-DMP-CMD,65.48,good
2026-07-10T10:15:00,AHU-1 CHW-VLV-CMD,65.48,good
2026-07-10T10:15:00,AHU-1 SAF-ALM,0,good
2026-07-10T10:15:00,AHU-2 SAT,55.7,good
2026-07-10T10:15:00,AHU-2 RAT,75.8,good
2026-07-10T10:15:00,AHU-2 MAT,71.84,good
2026-07-10T10:15:00,AHU-2 DAT-SP,55,good
2026-07-10T10:15:00,AHU-2 SF-CMD,1,good
2026-07-10T10:15:00,AHU-2 SF-STS,1,good
2026-07-10T10:15:00,AHU-2 SF-VFD-SPD,65.48,good
2026-07-10T10:15:00,AHU-2 OA-DMP-CMD,65.48,good
2026-07-10T10:15:00,AHU-2 HW-VLV-CMD,65.48,good
2026-07-10T10:15:00,AHU-2 SMK-ALM,0,good
2026-07-10T10:15:00,RTU-1 SAT,55.69,good
2026-07-10T10:15:00,RTU-1 RAT,75.99,good
2026-07-10T10:15:00,RTU-1 CLG-SP,72,good
2026-07-10T10:15:00,RTU-1 SF-CMD,1,good
2026-07-10T10:15:00,RTU-1 SF-STS,1,good
2026-07-10T10:15:00,RTU-1 HTG-EN,1,good
2026-07-10T10:15:00,RTU-1 CMP-STS,1,good
2026-07-10T10:15:00,RTU-1 FLT-ALM,0,good
2026-07-10T10:15:00,CHLR-1 CHWS,42.27,good
2026-07-10T10:15:00,CHLR-1 CHWR,56.66,good
2026-07-10T10:15:00,CHLR-1 CHW-DP,13.41,good
2026-07-10T10:15:00,CHLR-1 ENABLE,1,good
2026-07-10T10:15:00,CHLR-1 RUN-STS,1,good
2026-07-10T10:15:00,CHLR-1 ALM,0,good
2026-07-10T10:15:00,CHLR-1 LWT-SP,72,good
2026-07-10T10:15:00,CHLR-1 KW,83.84,good
2026-07-10T10:15:00,BLR-1 HWS,169.13,good
2026-07-10T10:15:00,BLR-1 HWR,151.73,good
2026-07-10T10:15:00,BLR-1 HWS-SP,72,good
2026-07-10T10:15:00,BLR-1 ENABLE,1,good
2026-07-10T10:15:00,BLR-1 RUN-STS,1,good
2026-07-10T10:15:00,BLR-1 ALM,0,good
2026-07-10T10:15:00,BLR-1 MOD-CMD,65.48,good
2026-07-10T10:15:00,BLR-1 GAS-PRES,7.74,good
2026-07-10T10:15:00,CT-1 CWS,82.63,good
2026-07-10T10:15:00,CT-1 CWR,93.0,good
2026-07-10T10:15:00,CT-1 FAN-CMD,1,good
2026-07-10T10:15:00,CT-1 FAN-STS,1,good
2026-07-10T10:15:00,CT-1 FAN-SPD,65.48,good
2026-07-10T10:15:00,CT-1 BASIN-LVL,59.42,good
2026-07-10T10:15:00,CT-1 ALM,0,good
2026-07-10T10:15:00,PUMP-CHW-1 CMD,1,good
2026-07-10T10:15:00,PUMP-CHW-1 STS,1,good
2026-07-10T10:15:00,PUMP-CHW-1 SPD,65.48,good
2026-07-10T10:15:00,PUMP-CHW-1 DP,13.08,good
2026-07-10T10:15:00,PUMP-CHW-2 CMD,1,good
2026-07-10T10:15:00,PUMP-CHW-2 STS,1,good
2026-07-10T10:15:00,PUMP-CHW-2 SPD,65.48,good
2026-07-10T10:15:00,PUMP-CHW-2 DP,13.21,good
2026-07-10T10:15:00,PUMP-HW-1 CMD,1,good
2026-07-10T10:15:00,PUMP-HW-1 STS,1,good
2026-07-10T10:15:00,PUMP-HW-1 SPD,65.48,good
2026-07-10T10:15:00,PUMP-HW-1 DP,13.01,good
2026-07-10T10:15:00,PUMP-CW-1 CMD,1,good
2026-07-10T10:15:00,PUMP-CW-1 STS,1,good
2026-07-10T10:15:00,PUMP-CW-1 SPD,65.48,good
2026-07-10T10:15:00,PUMP-CW-1 DP,13.33,good
2026-07-10T10:15:00,VAV-101 ZN-T,74.01,good
2026-07-10T10:15:00,VAV-101 ZN-SP,72,good
2026-07-10T10:15:00,VAV-101 DMP-CMD,65.48,good
2026-07-10T10:15:00,VAV-101 DMP-POS,59.4,good
2026-07-10T10:15:00,VAV-101 AIRFLOW,1032.29,good
2026-07-10T10:15:00,VAV-101 HTG-CMD,65.48,good
2026-07-10T10:15:00,VAV-102 ZN-T,74.16,good
2026-07-10T10:15:00,VAV-102 ZN-SP,72,good
2026-07-10T10:15:00,VAV-102 DMP-CMD,65.48,good
2026-07-10T10:15:00,VAV-102 DMP-POS,58.58,good
2026-07-10T10:15:00,VAV-102 AIRFLOW,912.16,good
2026-07-10T10:15:00,VAV-201 ZN-T,73.43,good
2026-07-10T10:15:00,VAV-201 ZN-SP,72,good
2026-07-10T10:15:00,VAV-201 DMP-CMD,65.48,good
2026-07-10T10:15:00,VAV-201 DMP-POS,57.34,good
2026-07-10T10:15:00,VAV-201 AIRFLOW,956.49,good
2026-07-10T10:15:00,VAV-201 HTG-CMD,65.48,good
2026-07-10T10:15:00,VAV-202 ZN-T,73.52,good
2026-07-10T10:15:00,VAV-202 ZN-SP,72,good
2026-07-10T10:15:00,VAV-202 DMP-CMD,65.48,good
2026-07-10T10:15:00,VAV-202 DMP-POS,58.14,good
2026-07-10T10:15:00,VAV-202 AIRFLOW,754.81,good
2026-07-10T10:15:00,VAV-203 ZN-T,73.67,good
2026-07-10T10:15:00,VAV-203 ZN-SP,72,good
2026-07-10T10:15:00,VAV-203 DMP-CMD,65.48,good
2026-07-10T10:15:00,VAV-203 DMP-POS,60.61,good
2026-07-10T10:15:00,VAV-203 AIRFLOW,911.53,good
2026-07-10T10:15:00,VAV-203 HTG-CMD,65.48,good
2026-07-10T10:30:00,AHU-1 SAT,55.78,good
2026-07-10T10:30:00,AHU-1 RAT,75.66,good
2026-07-10T10:30:00,AHU-1 MAT,71.41,good
2026-07-10T10:30:00,AHU-1 DAT-SP,55,good
2026-07-10T10:30:00,AHU-1 SF-CMD,1,good
2026-07-10T10:30:00,AHU-1 SF-STS,1,good
2026-07-10T10:30:00,AHU-1 SF-VFD-SPD,63.39,good
2026-07-10T10:30:00,AHU-1 OA-DMP-CMD,63.39,good
2026-07-10T10:30:00,AHU-1 CHW-VLV-CMD,63.39,good
2026-07-10T10:30:00,AHU-1 SAF-ALM,0,good
2026-07-10T10:30:00,AHU-2 SAT,55.6,good
2026-07-10T10:30:00,AHU-2 RAT,75.56,good
2026-07-10T10:30:00,AHU-2 MAT,71.08,good
2026-07-10T10:30:00,AHU-2 DAT-SP,55,good
2026-07-10T10:30:00,AHU-2 SF-CMD,1,good
2026-07-10T10:30:00,AHU-2 SF-STS,1,good
2026-07-10T10:30:00,AHU-2 SF-VFD-SPD,63.39,good
2026-07-10T10:30:00,AHU-2 OA-DMP-CMD,63.39,good
2026-07-10T10:30:00,AHU-2 HW-VLV-CMD,63.39,good
2026-07-10T10:30:00,AHU-2 SMK-ALM,0,good
2026-07-10T10:30:00,RTU-1 SAT,55.59,good
2026-07-10T10:30:00,RTU-1 RAT,75.86,good
2026-07-10T10:30:00,RTU-1 CLG-SP,72,good
2026-07-10T10:30:00,RTU-1 SF-CMD,1,good
2026-07-10T10:30:00,RTU-1 SF-STS,1,good
2026-07-10T10:30:00,RTU-1 HTG-EN,1,good
2026-07-10T10:30:00,RTU-1 CMP-STS,1,good
2026-07-10T10:30:00,RTU-1 FLT-ALM,0,good
2026-07-10T10:30:00,CHLR-1 CHWS,42.24,good
2026-07-10T10:30:00,CHLR-1 CHWR,56.85,good
2026-07-10T10:30:00,CHLR-1 CHW-DP,12.75,good
2026-07-10T10:30:00,CHLR-1 ENABLE,1,good
2026-07-10T10:30:00,CHLR-1 RUN-STS,1,good
2026-07-10T10:30:00,CHLR-1 ALM,0,good
2026-07-10T10:30:00,CHLR-1 LWT-SP,72,good
2026-07-10T10:30:00,CHLR-1 KW,82.52,good
2026-07-10T10:30:00,BLR-1 HWS,169.13,good
2026-07-10T10:30:00,BLR-1 HWR,151.51,good
2026-07-10T10:30:00,BLR-1 HWS-SP,72,good
2026-07-10T10:30:00,BLR-1 ENABLE,1,good
2026-07-10T10:30:00,BLR-1 RUN-STS,1,good
2026-07-10T10:30:00,BLR-1 ALM,0,good
2026-07-10T10:30:00,BLR-1 MOD-CMD,63.39,good
2026-07-10T10:30:00,BLR-1 GAS-PRES,7.72,good
2026-07-10T10:30:00,CT-1 CWS,82.8,good
2026-07-10T10:30:00,CT-1 CWR,92.79,good
2026-07-10T10:30:00,CT-1 FAN-CMD,1,good
2026-07-10T10:30:00,CT-1 FAN-STS,1,good
2026-07-10T10:30:00,CT-1 FAN-SPD,63.39,good
2026-07-10T10:30:00,CT-1 BASIN-LVL,55.77,good
2026-07-10T10:30:00,CT-1 ALM,0,good
2026-07-10T10:30:00,PUMP-CHW-1 CMD,1,good
2026-07-10T10:30:00,PUMP-CHW-1 STS,1,good
2026-07-10T10:30:00,PUMP-CHW-1 SPD,63.39,good
2026-07-10T10:30:00,PUMP-CHW-1 DP,12.68,good
2026-07-10T10:30:00,PUMP-CHW-2 CMD,1,good
2026-07-10T10:30:00,PUMP-CHW-2 STS,1,good
2026-07-10T10:30:00,PUMP-CHW-2 SPD,63.39,good
2026-07-10T10:30:00,PUMP-CHW-2 DP,13.04,good
2026-07-10T10:30:00,PUMP-HW-1 CMD,1,good
2026-07-10T10:30:00,PUMP-HW-1 STS,1,good
2026-07-10T10:30:00,PUMP-HW-1 SPD,63.39,good
2026-07-10T10:30:00,PUMP-HW-1 DP,13.0,good
2026-07-10T10:30:00,PUMP-CW-1 CMD,1,good
2026-07-10T10:30:00,PUMP-CW-1 STS,1,good
2026-07-10T10:30:00,PUMP-CW-1 SPD,63.39,good
2026-07-10T10:30:00,PUMP-CW-1 DP,13.05,good
2026-07-10T10:30:00,VAV-101 ZN-T,73.99,good
2026-07-10T10:30:00,VAV-101 ZN-SP,72,good
2026-07-10T10:30:00,VAV-101 DMP-CMD,63.39,good
2026-07-10T10:30:00,VAV-101 DMP-POS,57.32,good
2026-07-10T10:30:00,VAV-101 AIRFLOW,1041.81,good
2026-07-10T10:30:00,VAV-101 HTG-CMD,63.39,good
2026-07-10T10:30:00,VAV-102 ZN-T,73.77,good
2026-07-10T10:30:00,VAV-102 ZN-SP,72,good
2026-07-10T10:30:00,VAV-102 DMP-CMD,63.39,good
2026-07-10T10:30:00,VAV-102 DMP-POS,58.16,good
2026-07-10T10:30:00,VAV-102 AIRFLOW,879.8,good
2026-07-10T10:30:00,VAV-201 ZN-T,74.14,good
2026-07-10T10:30:00,VAV-201 ZN-SP,72,good
2026-07-10T10:30:00,VAV-201 DMP-CMD,63.39,good
2026-07-10T10:30:00,VAV-201 DMP-POS,57.59,good
2026-07-10T10:30:00,VAV-201 AIRFLOW,974.42,good
2026-07-10T10:30:00,VAV-201 HTG-CMD,63.39,good
2026-07-10T10:30:00,VAV-202 ZN-T,73.92,good
2026-07-10T10:30:00,VAV-202 ZN-SP,72,good
2026-07-10T10:30:00,VAV-202 DMP-CMD,63.39,good
2026-07-10T10:30:00,VAV-202 DMP-POS,56.84,good
2026-07-10T10:30:00,VAV-202 AIRFLOW,723.1,good
2026-07-10T10:30:00,VAV-203 ZN-T,73.42,good
2026-07-10T10:30:00,VAV-203 ZN-SP,72,good
2026-07-10T10:30:00,VAV-203 DMP-CMD,63.39,good
2026-07-10T10:30:00,VAV-203 DMP-POS,57.41,good
2026-07-10T10:30:00,VAV-203 AIRFLOW,887.59,good
2026-07-10T10:30:00,VAV-203 HTG-CMD,63.39,good
2026-07-10T10:45:00,AHU-1 SAT,55.3,good
2026-07-10T10:45:00,AHU-1 RAT,75.89,good
2026-07-10T10:45:00,AHU-1 MAT,70.8,good
2026-07-10T10:45:00,AHU-1 DAT-SP,55,good
2026-07-10T10:45:00,AHU-1 SF-CMD,1,good
2026-07-10T10:45:00,AHU-1 SF-STS,1,good
2026-07-10T10:45:00,AHU-1 SF-VFD-SPD,61.25,good
2026-07-10T10:45:00,AHU-1 OA-DMP-CMD,61.25,good
2026-07-10T10:45:00,AHU-1 CHW-VLV-CMD,61.25,good
2026-07-10T10:45:00,AHU-1 SAF-ALM,0,good
2026-07-10T10:45:00,AHU-2 SAT,55.61,good
2026-07-10T10:45:00,AHU-2 RAT,75.99,good
2026-07-10T10:45:00,AHU-2 MAT,71.35,good
2026-07-10T10:45:00,AHU-2 DAT-SP,55,good
2026-07-10T10:45:00,AHU-2 SF-CMD,1,good
2026-07-10T10:45:00,AHU-2 SF-STS,1,good
2026-07-10T10:45:00,AHU-2 SF-VFD-SPD,61.25,good
2026-07-10T10:45:00,AHU-2 OA-DMP-CMD,61.25,good
2026-07-10T10:45:00,AHU-2 HW-VLV-CMD,61.25,good
2026-07-10T10:45:00,AHU-2 SMK-ALM,0,good
2026-07-10T10:45:00,RTU-1 SAT,55.77,good
2026-07-10T10:45:00,RTU-1 RAT,75.51,good
2026-07-10T10:45:00,RTU-1 CLG-SP,72,good
2026-07-10T10:45:00,RTU-1 SF-CMD,1,good
2026-07-10T10:45:00,RTU-1 SF-STS,1,good
2026-07-10T10:45:00,RTU-1 HTG-EN,1,good
2026-07-10T10:45:00,RTU-1 CMP-STS,1,good
2026-07-10T10:45:00,RTU-1 FLT-ALM,0,good
2026-07-10T10:45:00,CHLR-1 CHWS,42.23,good
2026-07-10T10:45:00,CHLR-1 CHWR,56.63,good
2026-07-10T10:45:00,CHLR-1 CHW-DP,12.7,good
2026-07-10T10:45:00,CHLR-1 ENABLE,1,good
2026-07-10T10:45:00,CHLR-1 RUN-STS,1,good
2026-07-10T10:45:00,CHLR-1 ALM,0,good
2026-07-10T10:45:00,CHLR-1 LWT-SP,72,good
2026-07-10T10:45:00,CHLR-1 KW,80.65,good
2026-07-10T10:45:00,BLR-1 HWS,168.62,good
2026-07-10T10:45:00,BLR-1 HWR,151.13,good
2026-07-10T10:45:00,BLR-1 HWS-SP,72,good
2026-07-10T10:45:00,BLR-1 ENABLE,1,good
2026-07-10T10:45:00,BLR-1 RUN-STS,1,good
2026-07-10T10:45:00,BLR-1 ALM,0,good
2026-07-10T10:45:00,BLR-1 MOD-CMD,61.25,good
2026-07-10T10:45:00,BLR-1 GAS-PRES,7.55,good
2026-07-10T10:45:00,CT-1 CWS,82.52,good
2026-07-10T10:45:00,CT-1 CWR,92.4,good
2026-07-10T10:45:00,CT-1 FAN-CMD,1,good
2026-07-10T10:45:00,CT-1 FAN-STS,1,good
2026-07-10T10:45:00,CT-1 FAN-SPD,61.25,good
2026-07-10T10:45:00,CT-1 BASIN-LVL,56.89,good
2026-07-10T10:45:00,CT-1 ALM,0,good
2026-07-10T10:45:00,PUMP-CHW-1 CMD,1,good
2026-07-10T10:45:00,PUMP-CHW-1 STS,1,good
2026-07-10T10:45:00,PUMP-CHW-1 SPD,61.25,good
2026-07-10T10:45:00,PUMP-CHW-1 DP,12.65,good
2026-07-10T10:45:00,PUMP-CHW-2 CMD,1,good
2026-07-10T10:45:00,PUMP-CHW-2 STS,1,good
2026-07-10T10:45:00,PUMP-CHW-2 SPD,61.25,good
2026-07-10T10:45:00,PUMP-CHW-2 DP,13.02,good
2026-07-10T10:45:00,PUMP-HW-1 CMD,1,good
2026-07-10T10:45:00,PUMP-HW-1 STS,1,good
2026-07-10T10:45:00,PUMP-HW-1 SPD,61.25,good
2026-07-10T10:45:00,PUMP-HW-1 DP,12.6,good
2026-07-10T10:45:00,PUMP-CW-1 CMD,1,good
2026-07-10T10:45:00,PUMP-CW-1 STS,1,good
2026-07-10T10:45:00,PUMP-CW-1 SPD,61.25,good
2026-07-10T10:45:00,PUMP-CW-1 DP,12.7,good
2026-07-10T10:45:00,VAV-101 ZN-T,73.81,good
2026-07-10T10:45:00,VAV-101 ZN-SP,72,good
2026-07-10T10:45:00,VAV-101 DMP-CMD,61.25,good
2026-07-10T10:45:00,VAV-101 DMP-POS,55.68,good
2026-07-10T10:45:00,VAV-101 AIRFLOW,1037.78,good
2026-07-10T10:45:00,VAV-101 HTG-CMD,61.25,good
2026-07-10T10:45:00,VAV-102 ZN-T,73.75,good
2026-07-10T10:45:00,VAV-102 ZN-SP,72,good
2026-07-10T10:45:00,VAV-102 DMP-CMD,61.25,good
2026-07-10T10:45:00,VAV-102 DMP-POS,56.49,good
2026-07-10T10:45:00,VAV-102 AIRFLOW,880.45,good
2026-07-10T10:45:00,VAV-201 ZN-T,73.59,good
2026-07-10T10:45:00,VAV-201 ZN-SP,72,good
2026-07-10T10:45:00,VAV-201 DMP-CMD,61.25,good
2026-07-10T10:45:00,VAV-201 DMP-POS,54.52,good
2026-07-10T10:45:00,VAV-201 AIRFLOW,971.69,good
2026-07-10T10:45:00,VAV-201 HTG-CMD,61.25,good
2026-07-10T10:45:00,VAV-202 ZN-T,73.75,good
2026-07-10T10:45:00,VAV-202 ZN-SP,72,good
2026-07-10T10:45:00,VAV-202 DMP-CMD,61.25,good
2026-07-10T10:45:00,VAV-202 DMP-POS,58.3,good
2026-07-10T10:45:00,VAV-202 AIRFLOW,722.36,good
2026-07-10T10:45:00,VAV-203 ZN-T,73.63,good
2026-07-10T10:45:00,VAV-203 ZN-SP,72,good
2026-07-10T10:45:00,VAV-203 DMP-CMD,61.25,good
2026-07-10T10:45:00,VAV-203 DMP-POS,54.63,good
2026-07-10T10:45:00,VAV-203 AIRFLOW,880.3,good
2026-07-10T10:45:00,VAV-203 HTG-CMD,61.25,good
2026-07-10T11:00:00,AHU-1 SAT,55.62,good
2026-07-10T11:00:00,AHU-1 RAT,75.87,good
2026-07-10T11:00:00,AHU-1 MAT,70.66,good
2026-07-10T11:00:00,AHU-1 DAT-SP,55,good
2026-07-10T11:00:00,AHU-1 SF-CMD,1,good
2026-07-10T11:00:00,AHU-1 SF-STS,1,good
2026-07-10T11:00:00,AHU-1 SF-VFD-SPD,59.06,good
2026-07-10T11:00:00,AHU-1 OA-DMP-CMD,59.06,good
2026-07-10T11:00:00,AHU-1 CHW-VLV-CMD,59.06,good
2026-07-10T11:00:00,AHU-1 SAF-ALM,0,good
2026-07-10T11:00:00,AHU-2 SAT,55.41,good
2026-07-10T11:00:00,AHU-2 RAT,76.02,good
2026-07-10T11:00:00,AHU-2 MAT,70.62,good
2026-07-10T11:00:00,AHU-2 DAT-SP,55,good
2026-07-10T11:00:00,AHU-2 SF-CMD,1,good
2026-07-10T11:00:00,AHU-2 SF-STS,1,good
2026-07-10T11:00:00,AHU-2 SF-VFD-SPD,59.06,good
2026-07-10T11:00:00,AHU-2 OA-DMP-CMD,59.06,good
2026-07-10T11:00:00,AHU-2 HW-VLV-CMD,59.06,good
2026-07-10T11:00:00,AHU-2 SMK-ALM,0,good
2026-07-10T11:00:00,RTU-1 SAT,55.62,good
2026-07-10T11:00:00,RTU-1 RAT,75.93,good
2026-07-10T11:00:00,RTU-1 CLG-SP,72,good
2026-07-10T11:00:00,RTU-1 SF-CMD,1,good
2026-07-10T11:00:00,RTU-1 SF-STS,1,good
2026-07-10T11:00:00,RTU-1 HTG-EN,1,good
2026-07-10T11:00:00,RTU-1 CMP-STS,1,good
2026-07-10T11:00:00,RTU-1 FLT-ALM,0,good
2026-07-10T11:00:00,CHLR-1 CHWS,42.26,good
2026-07-10T11:00:00,CHLR-1 CHWR,56.48,good
2026-07-10T11:00:00,CHLR-1 CHW-DP,12.59,good
2026-07-10T11:00:00,CHLR-1 ENABLE,1,good
2026-07-10T11:00:00,CHLR-1 RUN-STS,1,good
2026-07-10T11:00:00,CHLR-1 ALM,0,good
2026-07-10T11:00:00,CHLR-1 LWT-SP,72,good
2026-07-10T11:00:00,CHLR-1 KW,79.94,good
2026-07-10T11:00:00,BLR-1 HWS,168.4,good
2026-07-10T11:00:00,BLR-1 HWR,151.27,good
2026-07-10T11:00:00,BLR-1 HWS-SP,72,good
2026-07-10T11:00:00,BLR-1 ENABLE,1,good
2026-07-10T11:00:00,BLR-1 RUN-STS,1,good
2026-07-10T11:00:00,BLR-1 ALM,0,good
2026-07-10T11:00:00,BLR-1 MOD-CMD,59.06,good
2026-07-10T11:00:00,BLR-1 GAS-PRES,7.52,good
2026-07-10T11:00:00,CT-1 CWS,82.52,good
2026-07-10T11:00:00,CT-1 CWR,92.49,good
2026-07-10T11:00:00,CT-1 FAN-CMD,1,good
2026-07-10T11:00:00,CT-1 FAN-STS,1,good
2026-07-10T11:00:00,CT-1 FAN-SPD,59.06,good
2026-07-10T11:00:00,CT-1 BASIN-LVL,54.3,good
2026-07-10T11:00:00,CT-1 ALM,0,good
2026-07-10T11:00:00,PUMP-CHW-1 CMD,1,good
2026-07-10T11:00:00,PUMP-CHW-1 STS,1,good
2026-07-10T11:00:00,PUMP-CHW-1 SPD,59.06,good
2026-07-10T11:00:00,PUMP-CHW-1 DP,12.94,good
2026-07-10T11:00:00,PUMP-CHW-2 CMD,1,good
2026-07-10T11:00:00,PUMP-CHW-2 STS,1,good
2026-07-10T11:00:00,PUMP-CHW-2 SPD,59.06,good
2026-07-10T11:00:00,PUMP-CHW-2 DP,12.76,good
2026-07-10T11:00:00,PUMP-HW-1 CMD,1,good
2026-07-10T11:00:00,PUMP-HW-1 STS,1,good
2026-07-10T11:00:00,PUMP-HW-1 SPD,59.06,good
2026-07-10T11:00:00,PUMP-HW-1 DP,12.42,good
2026-07-10T11:00:00,PUMP-CW-1 CMD,1,good
2026-07-10T11:00:00,PUMP-CW-1 STS,1,good
2026-07-10T11:00:00,PUMP-CW-1 SPD,59.06,good
2026-07-10T11:00:00,PUMP-CW-1 DP,12.93,good
2026-07-10T11:00:00,VAV-101 ZN-T,73.63,good
2026-07-10T11:00:00,VAV-101 ZN-SP,72,good
2026-07-10T11:00:00,VAV-101 DMP-CMD,59.06,good
2026-07-10T11:00:00,VAV-101 DMP-POS,56.36,good
2026-07-10T11:00:00,VAV-101 AIRFLOW,1011.61,good
2026-07-10T11:00:00,VAV-101 HTG-CMD,59.06,good
2026-07-10T11:00:00,VAV-102 ZN-T,74.07,good
2026-07-10T11:00:00,VAV-102 ZN-SP,72,good
2026-07-10T11:00:00,VAV-102 DMP-CMD,59.06,good
2026-07-10T11:00:00,VAV-102 DMP-POS,56.2,good
2026-07-10T11:00:00,VAV-102 AIRFLOW,860.57,good
2026-07-10T11:00:00,VAV-201 ZN-T,73.72,good
2026-07-10T11:00:00,VAV-201 ZN-SP,72,good
2026-07-10T11:00:00,VAV-201 DMP-CMD,59.06,good
2026-07-10T11:00:00,VAV-201 DMP-POS,55.18,good
2026-07-10T11:00:00,VAV-201 AIRFLOW,927.14,good
2026-07-10T11:00:00,VAV-201 HTG-CMD,59.06,good
2026-07-10T11:00:00,VAV-202 ZN-T,73.42,good
2026-07-10T11:00:00,VAV-202 ZN-SP,72,good
2026-07-10T11:00:00,VAV-202 DMP-CMD,59.06,good
2026-07-10T11:00:00,VAV-202 DMP-POS,54.51,good
2026-07-10T11:00:00,VAV-202 AIRFLOW,726.13,good
2026-07-10T11:00:00,VAV-203 ZN-T,73.68,good
2026-07-10T11:00:00,VAV-203 ZN-SP,72,good
2026-07-10T11:00:00,VAV-203 DMP-CMD,59.06,good
2026-07-10T11:00:00,VAV-203 DMP-POS,55.6,good
2026-07-10T11:00:00,VAV-203 AIRFLOW,873.23,good
2026-07-10T11:00:00,VAV-203 HTG-CMD,59.06,good
2026-07-10T11:15:00,AHU-1 SAT,55.19,good
2026-07-10T11:15:00,AHU-1 RAT,75.77,good
2026-07-10T11:15:00,AHU-1 MAT,70.03,good
2026-07-10T11:15:00,AHU-1 DAT-SP,55,good
2026-07-10T11:15:00,AHU-1 SF-CMD,1,good
2026-07-10T11:15:00,AHU-1 SF-STS,1,good
2026-07-10T11:15:00,AHU-1 SF-VFD-SPD,56.83,good
2026-07-10T11:15:00,AHU-1 OA-DMP-CMD,56.83,good
2026-07-10T11:15:00,AHU-1 CHW-VLV-CMD,56.83,good
2026-07-10T11:15:00,AHU-1 SAF-ALM,0,good
2026-07-10T11:15:00,AHU-2 SAT,55.59,good
2026-07-10T11:15:00,AHU-2 RAT,75.87,good
2026-07-10T11:15:00,AHU-2 MAT,70.17,good
2026-07-10T11:15:00,AHU-2 DAT-SP,55,good
2026-07-10T11:15:00,AHU-2 SF-CMD,1,good
2026-07-10T11:15:00,AHU-2 SF-STS,1,good
2026-07-10T11:15:00,AHU-2 SF-VFD-SPD,56.83,good
2026-07-10T11:15:00,AHU-2 OA-DMP-CMD,56.83,good
2026-07-10T11:15:00,AHU-2 HW-VLV-CMD,56.83,good
2026-07-10T11:15:00,AHU-2 SMK-ALM,0,good
2026-07-10T11:15:00,RTU-1 SAT,55.19,good
2026-07-10T11:15:00,RTU-1 RAT,75.94,good
2026-07-10T11:15:00,RTU-1 CLG-SP,72,good
2026-07-10T11:15:00,RTU-1 SF-CMD,1,good
2026-07-10T11:15:00,RTU-1 SF-STS,1,good
2026-07-10T11:15:00,RTU-1 HTG-EN,1,good
2026-07-10T11:15:00,RTU-1 CMP-STS,1,good
2026-07-10T11:15:00,RTU-1 FLT-ALM,0,good
2026-07-10T11:15:00,CHLR-1 CHWS,42.16,good
2026-07-10T11:15:00,CHLR-1 CHWR,56.55,good
2026-07-10T11:15:00,CHLR-1 CHW-DP,12.37,good
2026-07-10T11:15:00,CHLR-1 ENABLE,1,good
2026-07-10T11:15:00,CHLR-1 RUN-STS,1,good
2026-07-10T11:15:00,CHLR-1 ALM,0,good
2026-07-10T11:15:00,CHLR-1 LWT-SP,72,good
2026-07-10T11:15:00,CHLR-1 KW,79.77,good
2026-07-10T11:15:00,BLR-1 HWS,168.38,good
2026-07-10T11:15:00,BLR-1 HWR,151.26,good
2026-07-10T11:15:00,BLR-1 HWS-SP,72,good
2026-07-10T11:15:00,BLR-1 ENABLE,1,good
2026-07-10T11:15:00,BLR-1 RUN-STS,1,good
2026-07-10T11:15:00,BLR-1 ALM,0,good
2026-07-10T11:15:00,BLR-1 MOD-CMD,56.83,good
2026-07-10T11:15:00,BLR-1 GAS-PRES,7.67,good
2026-07-10T11:15:00,CT-1 CWS,82.44,good
2026-07-10T11:15:00,CT-1 CWR,92.37,good
2026-07-10T11:15:00,CT-1 FAN-CMD,1,good
2026-07-10T11:15:00,CT-1 FAN-STS,1,good
2026-07-10T11:15:00,CT-1 FAN-SPD,56.83,good
2026-07-10T11:15:00,CT-1 BASIN-LVL,54.8,good
2026-07-10T11:15:00,CT-1 ALM,0,good
2026-07-10T11:15:00,PUMP-CHW-1 CMD,1,good
2026-07-10T11:15:00,PUMP-CHW-1 STS,1,good
2026-07-10T11:15:00,PUMP-CHW-1 SPD,56.83,good
2026-07-10T11:15:00,PUMP-CHW-1 DP,12.6,good
2026-07-10T11:15:00,PUMP-CHW-2 CMD,1,good
2026-07-10T11:15:00,PUMP-CHW-2 STS,1,good
2026-07-10T11:15:00,PUMP-CHW-2 SPD,56.83,good
2026-07-10T11:15:00,PUMP-CHW-2 DP,12.2,good
2026-07-10T11:15:00,PUMP-HW-1 CMD,1,good
2026-07-10T11:15:00,PUMP-HW-1 STS,1,good
2026-07-10T11:15:00,PUMP-HW-1 SPD,56.83,good
2026-07-10T11:15:00,PUMP-HW-1 DP,12.47,good
2026-07-10T11:15:00,PUMP-CW-1 CMD,1,good
2026-07-10T11:15:00,PUMP-CW-1 STS,1,good
2026-07-10T11:15:00,PUMP-CW-1 SPD,56.83,good
2026-07-10T11:15:00,PUMP-CW-1 DP,12.77,good
2026-07-10T11:15:00,VAV-101 ZN-T,73.9,good
2026-07-10T11:15:00,VAV-101 ZN-SP,72,good
2026-07-10T11:15:00,VAV-101 DMP-CMD,56.83,good
2026-07-10T11:15:00,VAV-101 DMP-POS,55.01,good
2026-07-10T11:15:00,VAV-101 AIRFLOW,1011.78,good
2026-07-10T11:15:00,VAV-101 HTG-CMD,56.83,good
2026-07-10T11:15:00,VAV-102 ZN-T,73.85,good
2026-07-10T11:15:00,VAV-102 ZN-SP,72,good
2026-07-10T11:15:00,VAV-102 DMP-CMD,56.83,good
2026-07-10T11:15:00,VAV-102 DMP-POS,54.24,good
2026-07-10T11:15:00,VAV-102 AIRFLOW,851.4,good
2026-07-10T11:15:00,VAV-201 ZN-T,73.78,good
2026-07-10T11:15:00,VAV-201 ZN-SP,72,good
2026-07-10T11:15:00,VAV-201 DMP-CMD,56.83,good
2026-07-10T11:15:00,VAV-201 DMP-POS,54.38,good
2026-07-10T11:15:00,VAV-201 AIRFLOW,950.28,good
2026-07-10T11:15:00,VAV-201 HTG-CMD,56.83,good
2026-07-10T11:15:00,VAV-202 ZN-T,73.39,good
2026-07-10T11:15:00,VAV-202 ZN-SP,72,good
2026-07-10T11:15:00,VAV-202 DMP-CMD,56.83,good
2026-07-10T11:15:00,VAV-202 DMP-POS,54.62,good
2026-07-10T11:15:00,VAV-202 AIRFLOW,701.75,good
2026-07-10T11:15:00,VAV-203 ZN-T,74.03,good
2026-07-10T11:15:00,VAV-203 ZN-SP,72,good
2026-07-10T11:15:00,VAV-203 DMP-CMD,56.83,good
2026-07-10T11:15:00,VAV-203 DMP-POS,52.34,good
2026-07-10T11:15:00,VAV-203 AIRFLOW,845.34,good
2026-07-10T11:15:00,VAV-203 HTG-CMD,56.83,good
2026-07-10T11:30:00,AHU-1 SAT,55.08,good
2026-07-10T11:30:00,AHU-1 RAT,75.33,good
2026-07-10T11:30:00,AHU-1 MAT,70.23,good
2026-07-10T11:30:00,AHU-1 DAT-SP,55,good
2026-07-10T11:30:00,AHU-1 SF-CMD,1,good
2026-07-10T11:30:00,AHU-1 SF-STS,1,good
2026-07-10T11:30:00,AHU-1 SF-VFD-SPD,54.57,good
2026-07-10T11:30:00,AHU-1 OA-DMP-CMD,54.57,good
2026-07-10T11:30:00,AHU-1 CHW-VLV-CMD,54.57,good
2026-07-10T11:30:00,AHU-1 SAF-ALM,0,good
2026-07-10T11:30:00,AHU-2 SAT,55.14,good
2026-07-10T11:30:00,AHU-2 RAT,75.82,good
2026-07-10T11:30:00,AHU-2 MAT,70.46,good
2026-07-10T11:30:00,AHU-2 DAT-SP,55,good
2026-07-10T11:30:00,AHU-2 SF-CMD,1,good
2026-07-10T11:30:00,AHU-2 SF-STS,1,good
2026-07-10T11:30:00,AHU-2 SF-VFD-SPD,54.57,good
2026-07-10T11:30:00,AHU-2 OA-DMP-CMD,54.57,good
2026-07-10T11:30:00,AHU-2 HW-VLV-CMD,54.57,good
2026-07-10T11:30:00,AHU-2 SMK-ALM,0,good
2026-07-10T11:30:00,RTU-1 SAT,55.42,good
2026-07-10T11:30:00,RTU-1 RAT,75.79,good
2026-07-10T11:30:00,RTU-1 CLG-SP,72,good
2026-07-10T11:30:00,RTU-1 SF-CMD,1,good
2026-07-10T11:30:00,RTU-1 SF-STS,1,good
2026-07-10T11:30:00,RTU-1 HTG-EN,1,good
2026-07-10T11:30:00,RTU-1 CMP-STS,1,good
2026-07-10T11:30:00,RTU-1 FLT-ALM,0,good
2026-07-10T11:30:00,CHLR-1 CHWS,42.02,good
2026-07-10T11:30:00,CHLR-1 CHWR,56.25,good
2026-07-10T11:30:00,CHLR-1 CHW-DP,12.15,good
2026-07-10T11:30:00,CHLR-1 ENABLE,1,good
2026-07-10T11:30:00,CHLR-1 RUN-STS,1,good
2026-07-10T11:30:00,CHLR-1 ALM,0,good
2026-07-10T11:30:00,CHLR-1 LWT-SP,72,good
2026-07-10T11:30:00,CHLR-1 KW,76.65,good
2026-07-10T11:30:00,BLR-1 HWS,168.46,good
2026-07-10T11:30:00,BLR-1 HWR,151.03,good
2026-07-10T11:30:00,BLR-1 HWS-SP,72,good
2026-07-10T11:30:00,BLR-1 ENABLE,1,good
2026-07-10T11:30:00,BLR-1 RUN-STS,1,good
2026-07-10T11:30:00,BLR-1 ALM,0,good
2026-07-10T11:30:00,BLR-1 MOD-CMD,54.57,good
2026-07-10T11:30:00,BLR-1 GAS-PRES,7.51,good
2026-07-10T11:30:00,CT-1 CWS,82.06,good
2026-07-10T11:30:00,CT-1 CWR,92.29,good
2026-07-10T11:30:00,CT-1 FAN-CMD,1,good
2026-07-10T11:30:00,CT-1 FAN-STS,1,good
2026-07-10T11:30:00,CT-1 FAN-SPD,54.57,good
2026-07-10T11:30:00,CT-1 BASIN-LVL,51.98,good
2026-07-10T11:30:00,CT-1 ALM,0,good
2026-07-10T11:30:00,PUMP-CHW-1 CMD,1,good
2026-07-10T11:30:00,PUMP-CHW-1 STS,1,good
2026-07-10T11:30:00,PUMP-CHW-1 SPD,54.57,good
2026-07-10T11:30:00,PUMP-CHW-1 DP,12.24,good
2026-07-10T11:30:00,PUMP-CHW-2 CMD,1,good
2026-07-10T11:30:00,PUMP-CHW-2 STS,1,good
2026-07-10T11:30:00,PUMP-CHW-2 SPD,54.57,good
2026-07-10T11:30:00,PUMP-CHW-2 DP,12.49,good
2026-07-10T11:30:00,PUMP-HW-1 CMD,1,good
2026-07-10T11:30:00,PUMP-HW-1 STS,1,good
2026-07-10T11:30:00,PUMP-HW-1 SPD,54.57,good
2026-07-10T11:30:00,PUMP-HW-1 DP,12.46,good
2026-07-10T11:30:00,PUMP-CW-1 CMD,1,good
2026-07-10T11:30:00,PUMP-CW-1 STS,1,good
2026-07-10T11:30:00,PUMP-CW-1 SPD,54.57,good
2026-07-10T11:30:00,PUMP-CW-1 DP,12.41,good
2026-07-10T11:30:00,VAV-101 ZN-T,73.78,good
2026-07-10T11:30:00,VAV-101 ZN-SP,72,good
2026-07-10T11:30:00,VAV-101 DMP-CMD,54.57,good
2026-07-10T11:30:00,VAV-101 DMP-POS,53.05,good
2026-07-10T11:30:00,VAV-101 AIRFLOW,986.88,good
2026-07-10T11:30:00,VAV-101 HTG-CMD,54.57,good
2026-07-10T11:30:00,VAV-102 ZN-T,73.43,good
2026-07-10T11:30:00,VAV-102 ZN-SP,72,good
2026-07-10T11:30:00,VAV-102 DMP-CMD,54.57,good
2026-07-10T11:30:00,VAV-102 DMP-POS,52.84,good
2026-07-10T11:30:00,VAV-102 AIRFLOW,845.44,good
2026-07-10T11:30:00,VAV-201 ZN-T,74.01,good
2026-07-10T11:30:00,VAV-201 ZN-SP,72,good
2026-07-10T11:30:00,VAV-201 DMP-CMD,54.57,good
2026-07-10T11:30:00,VAV-201 DMP-POS,51.8,good
2026-07-10T11:30:00,VAV-201 AIRFLOW,919.38,good
2026-07-10T11:30:00,VAV-201 HTG-CMD,54.57,good
2026-07-10T11:30:00,VAV-202 ZN-T,73.39,good
2026-07-10T11:30:00,VAV-202 ZN-SP,72,good
2026-07-10T11:30:00,VAV-202 DMP-CMD,54.57,good
2026-07-10T11:30:00,VAV-202 DMP-POS,53.43,good
2026-07-10T11:30:00,VAV-202 AIRFLOW,706.39,good
2026-07-10T11:30:00,VAV-203 ZN-T,73.51,good
2026-07-10T11:30:00,VAV-203 ZN-SP,72,good
2026-07-10T11:30:00,VAV-203 DMP-CMD,54.57,good
2026-07-10T11:30:00,VAV-203 DMP-POS,54.35,good
2026-07-10T11:30:00,VAV-203 AIRFLOW,868.26,good
2026-07-10T11:30:00,VAV-203 HTG-CMD,54.57,good
2026-07-10T11:45:00,AHU-1 SAT,54.96,good
2026-07-10T11:45:00,AHU-1 RAT,75.22,good
2026-07-10T11:45:00,AHU-1 MAT,69.87,good
2026-07-10T11:45:00,AHU-1 DAT-SP,55,good
2026-07-10T11:45:00,AHU-1 SF-CMD,1,good
2026-07-10T11:45:00,AHU-1 SF-STS,1,good
2026-07-10T11:45:00,AHU-1 SF-VFD-SPD,52.29,good
2026-07-10T11:45:00,AHU-1 OA-DMP-CMD,52.29,good
2026-07-10T11:45:00,AHU-1 CHW-VLV-CMD,52.29,good
2026-07-10T11:45:00,AHU-1 SAF-ALM,0,good
2026-07-10T11:45:00,AHU-2 SAT,55.03,good
2026-07-10T11:45:00,AHU-2 RAT,75.91,good
2026-07-10T11:45:00,AHU-2 MAT,70.01,good
2026-07-10T11:45:00,AHU-2 DAT-SP,55,good
2026-07-10T11:45:00,AHU-2 SF-CMD,1,good
2026-07-10T11:45:00,AHU-2 SF-STS,1,good
2026-07-10T11:45:00,AHU-2 SF-VFD-SPD,52.29,good
2026-07-10T11:45:00,AHU-2 OA-DMP-CMD,52.29,good
2026-07-10T11:45:00,AHU-2 HW-VLV-CMD,52.29,good
2026-07-10T11:45:00,AHU-2 SMK-ALM,0,good
2026-07-10T11:45:00,RTU-1 SAT,55.37,good
2026-07-10T11:45:00,RTU-1 RAT,75.77,good
2026-07-10T11:45:00,RTU-1 CLG-SP,72,good
2026-07-10T11:45:00,RTU-1 SF-CMD,1,good
2026-07-10T11:45:00,RTU-1 SF-STS,1,good
2026-07-10T11:45:00,RTU-1 HTG-EN,1,good
2026-07-10T11:45:00,RTU-1 CMP-STS,1,good
2026-07-10T11:45:00,RTU-1 FLT-ALM,0,good
2026-07-10T11:45:00,CHLR-1 CHWS,42.01,good
2026-07-10T11:45:00,CHLR-1 CHWR,56.23,good
2026-07-10T11:45:00,CHLR-1 CHW-DP,12.29,good
2026-07-10T11:45:00,CHLR-1 ENABLE,1,good
2026-07-10T11:45:00,CHLR-1 RUN-STS,1,good
2026-07-10T11:45:00,CHLR-1 ALM,0,good
2026-07-10T11:45:00,CHLR-1 LWT-SP,72,good
2026-07-10T11:45:00,CHLR-1 KW,75.56,good
2026-07-10T11:45:00,BLR-1 HWS,168.12,good
2026-07-10T11:45:00,BLR-1 HWR,150.7,good
2026-07-10T11:45:00,BLR-1 HWS-SP,72,good
2026-07-10T11:45:00,BLR-1 ENABLE,1,good
2026-07-10T11:45:00,BLR-1 RUN-STS,1,good
2026-07-10T11:45:00,BLR-1 ALM,0,good
2026-07-10T11:45:00,BLR-1 MOD-CMD,52.29,good
2026-07-10T11:45:00,BLR-1 GAS-PRES,7.52,good
2026-07-10T11:45:00,CT-1 CWS,81.95,good
2026-07-10T11:45:00,CT-1 CWR,91.92,good
2026-07-10T11:45:00,CT-1 FAN-CMD,1,good
2026-07-10T11:45:00,CT-1 FAN-STS,1,good
2026-07-10T11:45:00,CT-1 FAN-SPD,52.29,good
2026-07-10T11:45:00,CT-1 BASIN-LVL,53.04,good
2026-07-10T11:45:00,CT-1 ALM,0,good
2026-07-10T11:45:00,PUMP-CHW-1 CMD,1,good
2026-07-10T11:45:00,PUMP-CHW-1 STS,1,good
2026-07-10T11:45:00,PUMP-CHW-1 SPD,52.29,good
2026-07-10T11:45:00,PUMP-CHW-1 DP,12.28,good
2026-07-10T11:45:00,PUMP-CHW-2 CMD,1,good
2026-07-10T11:45:00,PUMP-CHW-2 STS,1,good
2026-07-10T11:45:00,PUMP-CHW-2 SPD,52.29,good
2026-07-10T11:45:00,PUMP-CHW-2 DP,11.95,good
2026-07-10T11:45:00,PUMP-HW-1 CMD,1,good
2026-07-10T11:45:00,PUMP-HW-1 STS,1,good
2026-07-10T11:45:00,PUMP-HW-1 SPD,52.29,good
2026-07-10T11:45:00,PUMP-HW-1 DP,12.23,good
2026-07-10T11:45:00,PUMP-CW-1 CMD,1,good
2026-07-10T11:45:00,PUMP-CW-1 STS,1,good
2026-07-10T11:45:00,PUMP-CW-1 SPD,52.29,good
2026-07-10T11:45:00,PUMP-CW-1 DP,12.22,good
2026-07-10T11:45:00,VAV-101 ZN-T,73.37,good
2026-07-10T11:45:00,VAV-101 ZN-SP,72,good
2026-07-10T11:45:00,VAV-101 DMP-CMD,52.29,good
2026-07-10T11:45:00,VAV-101 DMP-POS,51.99,good
2026-07-10T11:45:00,VAV-101 AIRFLOW,990.86,good
2026-07-10T11:45:00,VAV-101 HTG-CMD,52.29,good
2026-07-10T11:45:00,VAV-102 ZN-T,73.69,good
2026-07-10T11:45:00,VAV-102 ZN-SP,72,good
2026-07-10T11:45:00,VAV-102 DMP-CMD,52.29,good
2026-07-10T11:45:00,VAV-102 DMP-POS,49.52,good
2026-07-10T11:45:00,VAV-102 AIRFLOW,844.77,good
2026-07-10T11:45:00,VAV-201 ZN-T,73.75,good
2026-07-10T11:45:00,VAV-201 ZN-SP,72,good
2026-07-10T11:45:00,VAV-201 DMP-CMD,52.29,good
2026-07-10T11:45:00,VAV-201 DMP-POS,49.71,good
2026-07-10T11:45:00,VAV-201 AIRFLOW,929.76,good
2026-07-10T11:45:00,VAV-201 HTG-CMD,52.29,good
2026-07-10T11:45:00,VAV-202 ZN-T,73.18,good
2026-07-10T11:45:00,VAV-202 ZN-SP,72,good
2026-07-10T11:45:00,VAV-202 DMP-CMD,52.29,good
2026-07-10T11:45:00,VAV-202 DMP-POS,51.51,good
2026-07-10T11:45:00,VAV-202 AIRFLOW,724.03,good
2026-07-10T11:45:00,VAV-203 ZN-T,73.5,good
2026-07-10T11:45:00,VAV-203 ZN-SP,72,good
2026-07-10T11:45:00,VAV-203 DMP-CMD,52.29,good
2026-07-10T11:45:00,VAV-203 DMP-POS,53.05,good
2026-07-10T11:45:00,VAV-203 AIRFLOW,863.38,good
2026-07-10T11:45:00,VAV-203 HTG-CMD,52.29,good
2026-07-10T12:00:00,AHU-1 SAT,54.99,good
2026-07-10T12:00:00,AHU-1 RAT,75.19,good
2026-07-10T12:00:00,AHU-1 MAT,69.8,good
2026-07-10T12:00:00,AHU-1 DAT-SP,55,good
2026-07-10T12:00:00,AHU-1 SF-CMD,1,good
2026-07-10T12:00:00,AHU-1 SF-STS,1,good
2026-07-10T12:00:00,AHU-1 SF-VFD-SPD,50.0,good
2026-07-10T12:00:00,AHU-1 OA-DMP-CMD,50.0,good
2026-07-10T12:00:00,AHU-1 CHW-VLV-CMD,50.0,good
2026-07-10T12:00:00,AHU-1 SAF-ALM,0,good
2026-07-10T12:00:00,AHU-2 SAT,54.89,good
2026-07-10T12:00:00,AHU-2 RAT,75.55,good
2026-07-10T12:00:00,AHU-2 MAT,69.74,good
2026-07-10T12:00:00,AHU-2 DAT-SP,55,good
2026-07-10T12:00:00,AHU-2 SF-CMD,1,good
2026-07-10T12:00:00,AHU-2 SF-STS,1,good
2026-07-10T12:00:00,AHU-2 SF-VFD-SPD,50.0,good
2026-07-10T12:00:00,AHU-2 OA-DMP-CMD,50.0,good
2026-07-10T12:00:00,AHU-2 HW-VLV-CMD,50.0,good
2026-07-10T12:00:00,AHU-2 SMK-ALM,0,good
2026-07-10T12:00:00,RTU-1 SAT,54.75,good
2026-07-10T12:00:00,RTU-1 RAT,75.49,good
2026-07-10T12:00:00,RTU-1 CLG-SP,72,good
2026-07-10T12:00:00,RTU-1 SF-CMD,1,good
2026-07-10T12:00:00,RTU-1 SF-STS,1,good
2026-07-10T12:00:00,RTU-1 HTG-EN,1,good
2026-07-10T12:00:00,RTU-1 CMP-STS,1,good
2026-07-10T12:00:00,RTU-1 FLT-ALM,0,good
2026-07-10T12:00:00,CHLR-1 CHWS,42.01,good
2026-07-10T12:00:00,CHLR-1 CHWR,56.33,good
2026-07-10T12:00:00,CHLR-1 CHW-DP,12.26,good
2026-07-10T12:00:00,CHLR-1 ENABLE,1,good
2026-07-10T12:00:00,CHLR-1 RUN-STS,1,good
2026-07-10T12:00:00,CHLR-1 ALM,0,good
2026-07-10T12:00:00,CHLR-1 LWT-SP,72,good
2026-07-10T12:00:00,CHLR-1 KW,76.65,good
2026-07-10T12:00:00,BLR-1 HWS,167.74,good
2026-07-10T12:00:00,BLR-1 HWR,151.08,good
2026-07-10T12:00:00,BLR-1 HWS-SP,72,good
2026-07-10T12:00:00,BLR-1 ENABLE,1,good
2026-07-10T12:00:00,BLR-1 RUN-STS,1,good
2026-07-10T12:00:00,BLR-1 ALM,0,good
2026-07-10T12:00:00,BLR-1 MOD-CMD,50.0,good
2026-07-10T12:00:00,BLR-1 GAS-PRES,7.44,good
2026-07-10T12:00:00,CT-1 CWS,82.25,good
2026-07-10T12:00:00,CT-1 CWR,92.04,good
2026-07-10T12:00:00,CT-1 FAN-CMD,1,good
2026-07-10T12:00:00,CT-1 FAN-STS,1,good
2026-07-10T12:00:00,CT-1 FAN-SPD,50.0,good
2026-07-10T12:00:00,CT-1 BASIN-LVL,49.59,good
2026-07-10T12:00:00,CT-1 ALM,0,good
2026-07-10T12:00:00,PUMP-CHW-1 CMD,1,good
2026-07-10T12:00:00,PUMP-CHW-1 STS,1,good
2026-07-10T12:00:00,PUMP-CHW-1 SPD,50.0,good
2026-07-10T12:00:00,PUMP-CHW-1 DP,12.0,good
2026-07-10T12:00:00,PUMP-CHW-2 CMD,1,good
2026-07-10T12:00:00,PUMP-CHW-2 STS,1,good
2026-07-10T12:00:00,PUMP-CHW-2 SPD,50.0,good
2026-07-10T12:00:00,PUMP-CHW-2 DP,12.26,good
2026-07-10T12:00:00,PUMP-HW-1 CMD,1,good
2026-07-10T12:00:00,PUMP-HW-1 STS,1,good
2026-07-10T12:00:00,PUMP-HW-1 SPD,50.0,good
2026-07-10T12:00:00,PUMP-HW-1 DP,12.28,good
2026-07-10T12:00:00,PUMP-CW-1 CMD,1,good
2026-07-10T12:00:00,PUMP-CW-1 STS,1,good
2026-07-10T12:00:00,PUMP-CW-1 SPD,50.0,good
2026-07-10T12:00:00,PUMP-CW-1 DP,12.26,good
2026-07-10T12:00:00,VAV-101 ZN-T,73.82,good
2026-07-10T12:00:00,VAV-101 ZN-SP,72,good
2026-07-10T12:00:00,VAV-101 DMP-CMD,50.0,good
2026-07-10T12:00:00,VAV-101 DMP-POS,48.04,good
2026-07-10T12:00:00,VAV-101 AIRFLOW,982.72,good
2026-07-10T12:00:00,VAV-101 HTG-CMD,50.0,good
2026-07-10T12:00:00,VAV-102 ZN-T,73.2,good
2026-07-10T12:00:00,VAV-102 ZN-SP,72,good
2026-07-10T12:00:00,VAV-102 DMP-CMD,50.0,good
2026-07-10T12:00:00,VAV-102 DMP-POS,51.93,good
2026-07-10T12:00:00,VAV-102 AIRFLOW,831.38,good
2026-07-10T12:00:00,VAV-201 ZN-T,73.91,good
2026-07-10T12:00:00,VAV-201 ZN-SP,72,good
2026-07-10T12:00:00,VAV-201 DMP-CMD,50.0,good
2026-07-10T12:00:00,VAV-201 DMP-POS,50.17,good
2026-07-10T12:00:00,VAV-201 AIRFLOW,909.76,good
2026-07-10T12:00:00,VAV-201 HTG-CMD,50.0,good
2026-07-10T12:00:00,VAV-202 ZN-T,73.87,good
2026-07-10T12:00:00,VAV-202 ZN-SP,72,good
2026-07-10T12:00:00,VAV-202 DMP-CMD,50.0,good
2026-07-10T12:00:00,VAV-202 DMP-POS,51.4,good
2026-07-10T12:00:00,VAV-202 AIRFLOW,698.72,good
2026-07-10T12:00:00,VAV-203 ZN-T,73.27,good
2026-07-10T12:00:00,VAV-203 ZN-SP,72,good
2026-07-10T12:00:00,VAV-203 DMP-CMD,50.0,good
2026-07-10T12:00:00,VAV-203 DMP-POS,48.45,good
2026-07-10T12:00:00,VAV-203 AIRFLOW,826.5,good
2026-07-10T12:00:00,VAV-203 HTG-CMD,50.0,good
2026-07-10T12:15:00,AHU-1 SAT,54.88,good
2026-07-10T12:15:00,AHU-1 RAT,75.15,good
2026-07-10T12:15:00,AHU-1 MAT,68.66,good
2026-07-10T12:15:00,AHU-1 DAT-SP,55,good
2026-07-10T12:15:00,AHU-1 SF-CMD,0,good
2026-07-10T12:15:00,AHU-1 SF-STS,1,good
2026-07-10T12:15:00,AHU-1 SF-VFD-SPD,47.71,good
2026-07-10T12:15:00,AHU-1 OA-DMP-CMD,47.71,good
2026-07-10T12:15:00,AHU-1 CHW-VLV-CMD,47.71,good
2026-07-10T12:15:00,AHU-1 SAF-ALM,0,good
2026-07-10T12:15:00,AHU-2 SAT,55.04,good
2026-07-10T12:15:00,AHU-2 RAT,75.57,good
2026-07-10T12:15:00,AHU-2 MAT,69.04,good
2026-07-10T12:15:00,AHU-2 DAT-SP,55,good
2026-07-10T12:15:00,AHU-2 SF-CMD,0,good
2026-07-10T12:15:00,AHU-2 SF-STS,1,good
2026-07-10T12:15:00,AHU-2 SF-VFD-SPD,47.71,good
2026-07-10T12:15:00,AHU-2 OA-DMP-CMD,47.71,good
2026-07-10T12:15:00,AHU-2 HW-VLV-CMD,47.71,good
2026-07-10T12:15:00,AHU-2 SMK-ALM,0,good
2026-07-10T12:15:00,RTU-1 SAT,55.06,good
2026-07-10T12:15:00,RTU-1 RAT,75.08,good
2026-07-10T12:15:00,RTU-1 CLG-SP,72,good
2026-07-10T12:15:00,RTU-1 SF-CMD,0,good
2026-07-10T12:15:00,RTU-1 SF-STS,1,good
2026-07-10T12:15:00,RTU-1 HTG-EN,0,good
2026-07-10T12:15:00,RTU-1 CMP-STS,1,good
2026-07-10T12:15:00,RTU-1 FLT-ALM,0,good
2026-07-10T12:15:00,CHLR-1 CHWS,42.02,good
2026-07-10T12:15:00,CHLR-1 CHWR,56.32,good
2026-07-10T12:15:00,CHLR-1 CHW-DP,12.03,good
2026-07-10T12:15:00,CHLR-1 ENABLE,0,good
2026-07-10T12:15:00,CHLR-1 RUN-STS,1,good
2026-07-10T12:15:00,CHLR-1 ALM,0,good
2026-07-10T12:15:00,CHLR-1 LWT-SP,72,good
2026-07-10T12:15:00,CHLR-1 KW,73.88,good
2026-07-10T12:15:00,BLR-1 HWS,167.51,good
2026-07-10T12:15:00,BLR-1 HWR,150.79,good
2026-07-10T12:15:00,BLR-1 HWS-SP,72,good
2026-07-10T12:15:00,BLR-1 ENABLE,0,good
2026-07-10T12:15:00,BLR-1 RUN-STS,1,good
2026-07-10T12:15:00,BLR-1 ALM,0,good
2026-07-10T12:15:00,BLR-1 MOD-CMD,47.71,good
2026-07-10T12:15:00,BLR-1 GAS-PRES,7.41,good
2026-07-10T12:15:00,CT-1 CWS,81.65,good
2026-07-10T12:15:00,CT-1 CWR,91.48,good
2026-07-10T12:15:00,CT-1 FAN-CMD,0,good
2026-07-10T12:15:00,CT-1 FAN-STS,1,good
2026-07-10T12:15:00,CT-1 FAN-SPD,47.71,good
2026-07-10T12:15:00,CT-1 BASIN-LVL,47.68,good
2026-07-10T12:15:00,CT-1 ALM,0,good
2026-07-10T12:15:00,PUMP-CHW-1 CMD,0,good
2026-07-10T12:15:00,PUMP-CHW-1 STS,1,good
2026-07-10T12:15:00,PUMP-CHW-1 SPD,47.71,good
2026-07-10T12:15:00,PUMP-CHW-1 DP,11.69,good
2026-07-10T12:15:00,PUMP-CHW-2 CMD,0,good
2026-07-10T12:15:00,PUMP-CHW-2 STS,1,good
2026-07-10T12:15:00,PUMP-CHW-2 SPD,47.71,good
2026-07-10T12:15:00,PUMP-CHW-2 DP,11.68,good
2026-07-10T12:15:00,PUMP-HW-1 CMD,0,good
2026-07-10T12:15:00,PUMP-HW-1 STS,1,good
2026-07-10T12:15:00,PUMP-HW-1 SPD,47.71,good
2026-07-10T12:15:00,PUMP-HW-1 DP,11.99,good
2026-07-10T12:15:00,PUMP-CW-1 CMD,0,good
2026-07-10T12:15:00,PUMP-CW-1 STS,1,good
2026-07-10T12:15:00,PUMP-CW-1 SPD,47.71,good
2026-07-10T12:15:00,PUMP-CW-1 DP,12.11,good
2026-07-10T12:15:00,VAV-101 ZN-T,73.29,good
2026-07-10T12:15:00,VAV-101 ZN-SP,72,good
2026-07-10T12:15:00,VAV-101 DMP-CMD,47.71,good
2026-07-10T12:15:00,VAV-101 DMP-POS,49.58,good
2026-07-10T12:15:00,VAV-101 AIRFLOW,950.84,good
2026-07-10T12:15:00,VAV-101 HTG-CMD,47.71,good
2026-07-10T12:15:00,VAV-102 ZN-T,73.57,good
2026-07-10T12:15:00,VAV-102 ZN-SP,72,good
2026-07-10T12:15:00,VAV-102 DMP-CMD,47.71,good
2026-07-10T12:15:00,VAV-102 DMP-POS,49.46,good
2026-07-10T12:15:00,VAV-102 AIRFLOW,814.24,good
2026-07-10T12:15:00,VAV-201 ZN-T,73.14,good
2026-07-10T12:15:00,VAV-201 ZN-SP,72,good
2026-07-10T12:15:00,VAV-201 DMP-CMD,47.71,good
2026-07-10T12:15:00,VAV-201 DMP-POS,47.92,good
2026-07-10T12:15:00,VAV-201 AIRFLOW,897.29,good
2026-07-10T12:15:00,VAV-201 HTG-CMD,47.71,good
2026-07-10T12:15:00,VAV-202 ZN-T,73.45,good
2026-07-10T12:15:00,VAV-202 ZN-SP,72,good
2026-07-10T12:15:00,VAV-202 DMP-CMD,47.71,good
2026-07-10T12:15:00,VAV-202 DMP-POS,50.27,good
2026-07-10T12:15:00,VAV-202 AIRFLOW,701.27,good
2026-07-10T12:15:00,VAV-203 ZN-T,73.3,good
2026-07-10T12:15:00,VAV-203 ZN-SP,72,good
2026-07-10T12:15:00,VAV-203 DMP-CMD,47.71,good
2026-07-10T12:15:00,VAV-203 DMP-POS,47.16,good
2026-07-10T12:15:00,VAV-203 AIRFLOW,848.4,good
2026-07-10T12:15:00,VAV-203 HTG-CMD,47.71,good
2026-07-10T12:30:00,AHU-1 SAT,54.68,good
2026-07-10T12:30:00,AHU-1 RAT,75.33,good
2026-07-10T12:30:00,AHU-1 MAT,68.31,good
2026-07-10T12:30:00,AHU-1 DAT-SP,55,good
2026-07-10T12:30:00,AHU-1 SF-CMD,0,good
2026-07-10T12:30:00,AHU-1 SF-STS,1,good
2026-07-10T12:30:00,AHU-1 SF-VFD-SPD,45.43,good
2026-07-10T12:30:00,AHU-1 OA-DMP-CMD,45.43,good
2026-07-10T12:30:00,AHU-1 CHW-VLV-CMD,45.43,good
2026-07-10T12:30:00,AHU-1 SAF-ALM,0,good
2026-07-10T12:30:00,AHU-2 SAT,54.58,good
2026-07-10T12:30:00,AHU-2 RAT,74.96,good
2026-07-10T12:30:00,AHU-2 MAT,68.84,good
2026-07-10T12:30:00,AHU-2 DAT-SP,55,good
2026-07-10T12:30:00,AHU-2 SF-CMD,0,good
2026-07-10T12:30:00,AHU-2 SF-STS,1,good
2026-07-10T12:30:00,AHU-2 SF-VFD-SPD,45.43,good
2026-07-10T12:30:00,AHU-2 OA-DMP-CMD,45.43,good
2026-07-10T12:30:00,AHU-2 HW-VLV-CMD,45.43,good
2026-07-10T12:30:00,AHU-2 SMK-ALM,0,good
2026-07-10T12:30:00,RTU-1 SAT,54.87,good
2026-07-10T12:30:00,RTU-1 RAT,75.17,good
2026-07-10T12:30:00,RTU-1 CLG-SP,72,good
2026-07-10T12:30:00,RTU-1 SF-CMD,0,good
2026-07-10T12:30:00,RTU-1 SF-STS,1,good
2026-07-10T12:30:00,RTU-1 HTG-EN,0,good
2026-07-10T12:30:00,RTU-1 CMP-STS,1,good
2026-07-10T12:30:00,RTU-1 FLT-ALM,0,good
2026-07-10T12:30:00,CHLR-1 CHWS,41.91,good
2026-07-10T12:30:00,CHLR-1 CHWR,56.07,good
2026-07-10T12:30:00,CHLR-1 CHW-DP,11.7,good
2026-07-10T12:30:00,CHLR-1 ENABLE,0,good
2026-07-10T12:30:00,CHLR-1 RUN-STS,1,good
2026-07-10T12:30:00,CHLR-1 ALM,0,good
2026-07-10T12:30:00,CHLR-1 LWT-SP,72,good
2026-07-10T12:30:00,CHLR-1 KW,73.31,good
2026-07-10T12:30:00,BLR-1 HWS,167.45,good
2026-07-10T12:30:00,BLR-1 HWR,150.33,good
2026-07-10T12:30:00,BLR-1 HWS-SP,72,good
2026-07-10T12:30:00,BLR-1 ENABLE,0,good
2026-07-10T12:30:00,BLR-1 RUN-STS,1,good
2026-07-10T12:30:00,BLR-1 ALM,0,good
2026-07-10T12:30:00,BLR-1 MOD-CMD,45.43,good
2026-07-10T12:30:00,BLR-1 GAS-PRES,7.5,good
2026-07-10T12:30:00,CT-1 CWS,81.96,good
2026-07-10T12:30:00,CT-1 CWR,91.17,good
2026-07-10T12:30:00,CT-1 FAN-CMD,0,good
2026-07-10T12:30:00,CT-1 FAN-STS,1,good
2026-07-10T12:30:00,CT-1 FAN-SPD,45.43,good
2026-07-10T12:30:00,CT-1 BASIN-LVL,47.18,good
2026-07-10T12:30:00,CT-1 ALM,0,good
2026-07-10T12:30:00,PUMP-CHW-1 CMD,0,good
2026-07-10T12:30:00,PUMP-CHW-1 STS,1,good
2026-07-10T12:30:00,PUMP-CHW-1 SPD,45.43,good
2026-07-10T12:30:00,PUMP-CHW-1 DP,11.8,good
2026-07-10T12:30:00,PUMP-CHW-2 CMD,0,good
2026-07-10T12:30:00,PUMP-CHW-2 STS,1,good
2026-07-10T12:30:00,PUMP-CHW-2 SPD,45.43,good
2026-07-10T12:30:00,PUMP-CHW-2 DP,11.42,good
2026-07-10T12:30:00,PUMP-HW-1 CMD,0,good
2026-07-10T12:30:00,PUMP-HW-1 STS,1,good
2026-07-10T12:30:00,PUMP-HW-1 SPD,45.43,good
2026-07-10T12:30:00,PUMP-HW-1 DP,11.71,good
2026-07-10T12:30:00,PUMP-CW-1 CMD,0,good
2026-07-10T12:30:00,PUMP-CW-1 STS,1,good
2026-07-10T12:30:00,PUMP-CW-1 SPD,45.43,good
2026-07-10T12:30:00,PUMP-CW-1 DP,11.41,good
2026-07-10T12:30:00,VAV-101 ZN-T,73.41,good
2026-07-10T12:30:00,VAV-101 ZN-SP,72,good
2026-07-10T12:30:00,VAV-101 DMP-CMD,45.43,good
2026-07-10T12:30:00,VAV-101 DMP-POS,47.41,good
2026-07-10T12:30:00,VAV-101 AIRFLOW,963.72,good
2026-07-10T12:30:00,VAV-101 HTG-CMD,45.43,good
2026-07-10T12:30:00,VAV-102 ZN-T,73.09,good
2026-07-10T12:30:00,VAV-102 ZN-SP,72,good
2026-07-10T12:30:00,VAV-102 DMP-CMD,45.43,good
2026-07-10T12:30:00,VAV-102 DMP-POS,46.7,good
2026-07-10T12:30:00,VAV-102 AIRFLOW,824.37,good
2026-07-10T12:30:00,VAV-201 ZN-T,73.07,good
2026-07-10T12:30:00,VAV-201 ZN-SP,72,good
2026-07-10T12:30:00,VAV-201 DMP-CMD,45.43,good
2026-07-10T12:30:00,VAV-201 DMP-POS,46.21,good
2026-07-10T12:30:00,VAV-201 AIRFLOW,895.51,good
2026-07-10T12:30:00,VAV-201 HTG-CMD,45.43,good
2026-07-10T12:30:00,VAV-202 ZN-T,73.05,good
2026-07-10T12:30:00,VAV-202 ZN-SP,72,good
2026-07-10T12:30:00,VAV-202 DMP-CMD,45.43,good
2026-07-10T12:30:00,VAV-202 DMP-POS,47.43,good
2026-07-10T12:30:00,VAV-202 AIRFLOW,698.64,good
2026-07-10T12:30:00,VAV-203 ZN-T,73.34,good
2026-07-10T12:30:00,VAV-203 ZN-SP,72,good
2026-07-10T12:30:00,VAV-203 DMP-CMD,45.43,good
2026-07-10T12:30:00,VAV-203 DMP-POS,47.44,good
2026-07-10T12:30:00,VAV-203 AIRFLOW,821.83,good
2026-07-10T12:30:00,VAV-203 HTG-CMD,45.43,good
2026-07-10T12:45:00,AHU-1 SAT,54.44,good
2026-07-10T12:45:00,AHU-1 RAT,75.11,good
2026-07-10T12:45:00,AHU-1 MAT,68.52,good
2026-07-10T12:45:00,AHU-1 DAT-SP,55,good
2026-07-10T12:45:00,AHU-1 SF-CMD,0,good
2026-07-10T12:45:00,AHU-1 SF-STS,1,good
2026-07-10T12:45:00,AHU-1 SF-VFD-SPD,43.17,good
2026-07-10T12:45:00,AHU-1 OA-DMP-CMD,43.17,good
2026-07-10T12:45:00,AHU-1 CHW-VLV-CMD,43.17,good
2026-07-10T12:45:00,AHU-1 SAF-ALM,0,good
2026-07-10T12:45:00,AHU-2 SAT,54.84,good
2026-07-10T12:45:00,AHU-2 RAT,75.05,good
2026-07-10T12:45:00,AHU-2 MAT,68.53,good
2026-07-10T12:45:00,AHU-2 DAT-SP,55,good
2026-07-10T12:45:00,AHU-2 SF-CMD,0,good
2026-07-10T12:45:00,AHU-2 SF-STS,1,good
2026-07-10T12:45:00,AHU-2 SF-VFD-SPD,43.17,good
2026-07-10T12:45:00,AHU-2 OA-DMP-CMD,43.17,good
2026-07-10T12:45:00,AHU-2 HW-VLV-CMD,43.17,good
2026-07-10T12:45:00,AHU-2 SMK-ALM,0,good
2026-07-10T12:45:00,RTU-1 SAT,54.85,good
2026-07-10T12:45:00,RTU-1 RAT,75.2,good
2026-07-10T12:45:00,RTU-1 CLG-SP,72,good
2026-07-10T12:45:00,RTU-1 SF-CMD,0,good
2026-07-10T12:45:00,RTU-1 SF-STS,1,good
2026-07-10T12:45:00,RTU-1 HTG-EN,0,good
2026-07-10T12:45:00,RTU-1 CMP-STS,1,good
2026-07-10T12:45:00,RTU-1 FLT-ALM,0,good
2026-07-10T12:45:00,CHLR-1 CHWS,41.75,good
2026-07-10T12:45:00,CHLR-1 CHWR,55.94,good
2026-07-10T12:45:00,CHLR-1 CHW-DP,11.25,good
2026-07-10T12:45:00,CHLR-1 ENABLE,0,good
2026-07-10T12:45:00,CHLR-1 RUN-STS,1,good
2026-07-10T12:45:00,CHLR-1 ALM,0,good
2026-07-10T12:45:00,CHLR-1 LWT-SP,72,good
2026-07-10T12:45:00,CHLR-1 KW,73.46,good
2026-07-10T12:45:00,BLR-1 HWS,167.86,good
2026-07-10T12:45:00,BLR-1 HWR,150.06,good
2026-07-10T12:45:00,BLR-1 HWS-SP,72,good
2026-07-10T12:45:00,BLR-1 ENABLE,0,good
2026-07-10T12:45:00,BLR-1 RUN-STS,1,good
2026-07-10T12:45:00,BLR-1 ALM,0,good
2026-07-10T12:45:00,BLR-1 MOD-CMD,43.17,good
2026-07-10T12:45:00,BLR-1 GAS-PRES,7.51,good
2026-07-10T12:45:00,CT-1 CWS,81.33,good
2026-07-10T12:45:00,CT-1 CWR,91.2,good
2026-07-10T12:45:00,CT-1 FAN-CMD,0,good
2026-07-10T12:45:00,CT-1 FAN-STS,1,good
2026-07-10T12:45:00,CT-1 FAN-SPD,43.17,good
2026-07-10T12:45:00,CT-1 BASIN-LVL,47.17,good
2026-07-10T12:45:00,CT-1 ALM,0,good
2026-07-10T12:45:00,PUMP-CHW-1 CMD,0,good
2026-07-10T12:45:00,PUMP-CHW-1 STS,1,good
2026-07-10T12:45:00,PUMP-CHW-1 SPD,43.17,good
2026-07-10T12:45:00,PUMP-CHW-1 DP,11.67,good
2026-07-10T12:45:00,PUMP-CHW-2 CMD,0,good
2026-07-10T12:45:00,PUMP-CHW-2 STS,1,good
2026-07-10T12:45:00,PUMP-CHW-2 SPD,43.17,good
2026-07-10T12:45:00,PUMP-CHW-2 DP,11.8,good
2026-07-10T12:45:00,PUMP-HW-1 CMD,0,good
2026-07-10T12:45:00,PUMP-HW-1 STS,1,good
2026-07-10T12:45:00,PUMP-HW-1 SPD,43.17,good
2026-07-10T12:45:00,PUMP-HW-1 DP,11.6,good
2026-07-10T12:45:00,PUMP-CW-1 CMD,0,good
2026-07-10T12:45:00,PUMP-CW-1 STS,1,good
2026-07-10T12:45:00,PUMP-CW-1 SPD,43.17,good
2026-07-10T12:45:00,PUMP-CW-1 DP,11.46,good
2026-07-10T12:45:00,VAV-101 ZN-T,73.69,good
2026-07-10T12:45:00,VAV-101 ZN-SP,72,good
2026-07-10T12:45:00,VAV-101 DMP-CMD,43.17,good
2026-07-10T12:45:00,VAV-101 DMP-POS,45.63,good
2026-07-10T12:45:00,VAV-101 AIRFLOW,966.11,good
2026-07-10T12:45:00,VAV-101 HTG-CMD,43.17,good
2026-07-10T12:45:00,VAV-102 ZN-T,73.62,good
2026-07-10T12:45:00,VAV-102 ZN-SP,72,good
2026-07-10T12:45:00,VAV-102 DMP-CMD,43.17,good
2026-07-10T12:45:00,VAV-102 DMP-POS,45.6,good
2026-07-10T12:45:00,VAV-102 AIRFLOW,822.73,good
2026-07-10T12:45:00,VAV-201 ZN-T,73.43,good
2026-07-10T12:45:00,VAV-201 ZN-SP,72,good
2026-07-10T12:45:00,VAV-201 DMP-CMD,43.17,good
2026-07-10T12:45:00,VAV-201 DMP-POS,46.26,good
2026-07-10T12:45:00,VAV-201 AIRFLOW,889.51,good
2026-07-10T12:45:00,VAV-201 HTG-CMD,43.17,good
2026-07-10T12:45:00,VAV-202 ZN-T,73.17,good
2026-07-10T12:45:00,VAV-202 ZN-SP,72,good
2026-07-10T12:45:00,VAV-202 DMP-CMD,43.17,good
2026-07-10T12:45:00,VAV-202 DMP-POS,44.81,good
2026-07-10T12:45:00,VAV-202 AIRFLOW,681.01,good
2026-07-10T12:45:00,VAV-203 ZN-T,73.32,good
2026-07-10T12:45:00,VAV-203 ZN-SP,72,good
2026-07-10T12:45:00,VAV-203 DMP-CMD,43.17,good
2026-07-10T12:45:00,VAV-203 DMP-POS,47.01,good
2026-07-10T12:45:00,VAV-203 AIRFLOW,804.33,good
2026-07-10T12:45:00,VAV-203 HTG-CMD,43.17,good
2026-07-10T13:00:00,AHU-1 SAT,54.31,good
2026-07-10T13:00:00,AHU-1 RAT,74.64,good
2026-07-10T13:00:00,AHU-1 MAT,67.62,good
2026-07-10T13:00:00,AHU-1 DAT-SP,55,good
2026-07-10T13:00:00,AHU-1 SF-CMD,0,good
2026-07-10T13:00:00,AHU-1 SF-STS,1,good
2026-07-10T13:00:00,AHU-1 SF-VFD-SPD,40.94,good
2026-07-10T13:00:00,AHU-1 OA-DMP-CMD,40.94,good
2026-07-10T13:00:00,AHU-1 CHW-VLV-CMD,40.94,good
2026-07-10T13:00:00,AHU-1 SAF-ALM,0,good
2026-07-10T13:00:00,AHU-2 SAT,54.72,good
2026-07-10T13:00:00,AHU-2 RAT,75.06,good
2026-07-10T13:00:00,AHU-2 MAT,67.86,good
2026-07-10T13:00:00,AHU-2 DAT-SP,55,good
2026-07-10T13:00:00,AHU-2 SF-CMD,0,good
2026-07-10T13:00:00,AHU-2 SF-STS,1,good
2026-07-10T13:00:00,AHU-2 SF-VFD-SPD,40.94,good
2026-07-10T13:00:00,AHU-2 OA-DMP-CMD,40.94,good
2026-07-10T13:00:00,AHU-2 HW-VLV-CMD,40.94,good
2026-07-10T13:00:00,AHU-2 SMK-ALM,0,good
2026-07-10T13:00:00,RTU-1 SAT,54.81,good
2026-07-10T13:00:00,RTU-1 RAT,74.82,good
2026-07-10T13:00:00,RTU-1 CLG-SP,72,good
2026-07-10T13:00:00,RTU-1 SF-CMD,0,good
2026-07-10T13:00:00,RTU-1 SF-STS,1,good
2026-07-10T13:00:00,RTU-1 HTG-EN,0,good
2026-07-10T13:00:00,RTU-1 CMP-STS,1,good
2026-07-10T13:00:00,RTU-1 FLT-ALM,0,good
2026-07-10T13:00:00,CHLR-1 CHWS,41.76,good
2026-07-10T13:00:00,CHLR-1 CHWR,55.84,good
2026-07-10T13:00:00,CHLR-1 CHW-DP,11.62,good
2026-07-10T13:00:00,CHLR-1 ENABLE,0,good
2026-07-10T13:00:00,CHLR-1 RUN-STS,1,good
2026-07-10T13:00:00,CHLR-1 ALM,0,good
2026-07-10T13:00:00,CHLR-1 LWT-SP,72,good
2026-07-10T13:00:00,CHLR-1 KW,71.24,good
2026-07-10T13:00:00,BLR-1 HWS,167.04,good
2026-07-10T13:00:00,BLR-1 HWR,150.52,good
2026-07-10T13:00:00,BLR-1 HWS-SP,72,good
2026-07-10T13:00:00,BLR-1 ENABLE,0,good
2026-07-10T13:00:00,BLR-1 RUN-STS,1,good
2026-07-10T13:00:00,BLR-1 ALM,0,good
2026-07-10T13:00:00,BLR-1 MOD-CMD,40.94,good
2026-07-10T13:00:00,BLR-1 GAS-PRES,7.38,good
2026-07-10T13:00:00,CT-1 CWS,81.64,good
2026-07-10T13:00:00,CT-1 CWR,91.33,good
2026-07-10T13:00:00,CT-1 FAN-CMD,0,good
2026-07-10T13:00:00,CT-1 FAN-STS,1,good
2026-07-10T13:00:00,CT-1 FAN-SPD,40.94,good
2026-07-10T13:00:00,CT-1 BASIN-LVL,42.89,good
2026-07-10T13:00:00,CT-1 ALM,0,good
2026-07-10T13:00:00,PUMP-CHW-1 CMD,0,good
2026-07-10T13:00:00,PUMP-CHW-1 STS,1,good
2026-07-10T13:00:00,PUMP-CHW-1 SPD,40.94,good
2026-07-10T13:00:00,PUMP-CHW-1 DP,11.18,good
2026-07-10T13:00:00,PUMP-CHW-2 CMD,0,good
2026-07-10T13:00:00,PUMP-CHW-2 STS,1,good
2026-07-10T13:00:00,PUMP-CHW-2 SPD,40.94,good
2026-07-10T13:00:00,PUMP-CHW-2 DP,11.11,good
2026-07-10T13:00:00,PUMP-HW-1 CMD,0,good
2026-07-10T13:00:00,PUMP-HW-1 STS,1,good
2026-07-10T13:00:00,PUMP-HW-1 SPD,40.94,good
2026-07-10T13:00:00,PUMP-HW-1 DP,11.07,good
2026-07-10T13:00:00,PUMP-CW-1 CMD,0,good
2026-07-10T13:00:00,PUMP-CW-1 STS,1,good
2026-07-10T13:00:00,PUMP-CW-1 SPD,40.94,good
2026-07-10T13:00:00,PUMP-CW-1 DP,11.41,good
2026-07-10T13:00:00,VAV-101 ZN-T,73.37,good
2026-07-10T13:00:00,VAV-101 ZN-SP,72,good
2026-07-10T13:00:00,VAV-101 DMP-CMD,40.94,good
2026-07-10T13:00:00,VAV-101 DMP-POS,43.02,good
2026-07-10T13:00:00,VAV-101 AIRFLOW,951.58,good
2026-07-10T13:00:00,VAV-101 HTG-CMD,40.94,good
2026-07-10T13:00:00,VAV-102 ZN-T,73.13,good
2026-07-10T13:00:00,VAV-102 ZN-SP,72,good
2026-07-10T13:00:00,VAV-102 DMP-CMD,40.94,good
2026-07-10T13:00:00,VAV-102 DMP-POS,43.76,good
2026-07-10T13:00:00,VAV-102 AIRFLOW,796.08,good
2026-07-10T13:00:00,VAV-201 ZN-T,73.5,good
2026-07-10T13:00:00,VAV-201 ZN-SP,72,good
2026-07-10T13:00:00,VAV-201 DMP-CMD,40.94,good
2026-07-10T13:00:00,VAV-201 DMP-POS,43.05,good
2026-07-10T13:00:00,VAV-201 AIRFLOW,874.83,good
2026-07-10T13:00:00,VAV-201 HTG-CMD,40.94,good
2026-07-10T13:00:00,VAV-202 ZN-T,73.04,good
2026-07-10T13:00:00,VAV-202 ZN-SP,72,good
2026-07-10T13:00:00,VAV-202 DMP-CMD,40.94,good
2026-07-10T13:00:00,VAV-202 DMP-POS,46.09,good
2026-07-10T13:00:00,VAV-202 AIRFLOW,682.08,good
2026-07-10T13:00:00,VAV-203 ZN-T,73.07,good
2026-07-10T13:00:00,VAV-203 ZN-SP,72,good
2026-07-10T13:00:00,VAV-203 DMP-CMD,40.94,good
2026-07-10T13:00:00,VAV-203 DMP-POS,45.22,good
2026-07-10T13:00:00,VAV-203 AIRFLOW,814.29,good
2026-07-10T13:00:00,VAV-203 HTG-CMD,40.94,good
2026-07-10T13:15:00,AHU-1 SAT,54.41,good
2026-07-10T13:15:00,AHU-1 RAT,74.75,good
2026-07-10T13:15:00,AHU-1 MAT,67.08,good
2026-07-10T13:15:00,AHU-1 DAT-SP,55,good
2026-07-10T13:15:00,AHU-1 SF-CMD,0,good
2026-07-10T13:15:00,AHU-1 SF-STS,1,good
2026-07-10T13:15:00,AHU-1 SF-VFD-SPD,38.75,good
2026-07-10T13:15:00,AHU-1 OA-DMP-CMD,38.75,good
2026-07-10T13:15:00,AHU-1 CHW-VLV-CMD,38.75,good
2026-07-10T13:15:00,AHU-1 SAF-ALM,0,good
2026-07-10T13:15:00,AHU-2 SAT,54.61,good
2026-07-10T13:15:00,AHU-2 RAT,74.69,good
2026-07-10T13:15:00,AHU-2 MAT,67.24,good
2026-07-10T13:15:00,AHU-2 DAT-SP,55,good
2026-07-10T13:15:00,AHU-2 SF-CMD,0,good
2026-07-10T13:15:00,AHU-2 SF-STS,1,good
2026-07-10T13:15:00,AHU-2 SF-VFD-SPD,38.75,good
2026-07-10T13:15:00,AHU-2 OA-DMP-CMD,38.75,good
2026-07-10T13:15:00,AHU-2 HW-VLV-CMD,38.75,good
2026-07-10T13:15:00,AHU-2 SMK-ALM,0,good
2026-07-10T13:15:00,RTU-1 SAT,54.25,good
2026-07-10T13:15:00,RTU-1 RAT,75.27,good
2026-07-10T13:15:00,RTU-1 CLG-SP,72,good
2026-07-10T13:15:00,RTU-1 SF-CMD,0,good
2026-07-10T13:15:00,RTU-1 SF-STS,1,good
2026-07-10T13:15:00,RTU-1 HTG-EN,0,good
2026-07-10T13:15:00,RTU-1 CMP-STS,1,good
2026-07-10T13:15:00,RTU-1 FLT-ALM,0,good
2026-07-10T13:15:00,CHLR-1 CHWS,41.82,good
2026-07-10T13:15:00,CHLR-1 CHWR,56.01,good
2026-07-10T13:15:00,CHLR-1 CHW-DP,11.27,good
2026-07-10T13:15:00,CHLR-1 ENABLE,0,good
2026-07-10T13:15:00,CHLR-1 RUN-STS,1,good
2026-07-10T13:15:00,CHLR-1 ALM,0,good
2026-07-10T13:15:00,CHLR-1 LWT-SP,72,good
2026-07-10T13:15:00,CHLR-1 KW,68.92,good
2026-07-10T13:15:00,BLR-1 HWS,167.19,good
2026-07-10T13:15:00,BLR-1 HWR,150.52,good
2026-07-10T13:15:00,BLR-1 HWS-SP,72,good
2026-07-10T13:15:00,BLR-1 ENABLE,0,good
2026-07-10T13:15:00,BLR-1 RUN-STS,1,good
2026-07-10T13:15:00,BLR-1 ALM,0,good
2026-07-10T13:15:00,BLR-1 MOD-CMD,38.75,good
2026-07-10T13:15:00,BLR-1 GAS-PRES,7.46,good
2026-07-10T13:15:00,CT-1 CWS,81.46,good
2026-07-10T13:15:00,CT-1 CWR,91.1,good
2026-07-10T13:15:00,CT-1 FAN-CMD,0,good
2026-07-10T13:15:00,CT-1 FAN-STS,1,good
2026-07-10T13:15:00,CT-1 FAN-SPD,38.75,good
2026-07-10T13:15:00,CT-1 BASIN-LVL,42.85,good
2026-07-10T13:15:00,CT-1 ALM,0,good
2026-07-10T13:15:00,PUMP-CHW-1 CMD,0,good
2026-07-10T13:15:00,PUMP-CHW-1 STS,1,good
2026-07-10T13:15:00,PUMP-CHW-1 SPD,38.75,good
2026-07-10T13:15:00,PUMP-CHW-1 DP,11.15,good
2026-07-10T13:15:00,PUMP-CHW-2 CMD,0,good
2026-07-10T13:15:00,PUMP-CHW-2 STS,1,good
2026-07-10T13:15:00,PUMP-CHW-2 SPD,38.75,good
2026-07-10T13:15:00,PUMP-CHW-2 DP,10.99,good
2026-07-10T13:15:00,PUMP-HW-1 CMD,0,good
2026-07-10T13:15:00,PUMP-HW-1 STS,1,good
2026-07-10T13:15:00,PUMP-HW-1 SPD,38.75,good
2026-07-10T13:15:00,PUMP-HW-1 DP,11.12,good
2026-07-10T13:15:00,PUMP-CW-1 CMD,0,good
2026-07-10T13:15:00,PUMP-CW-1 STS,1,good
2026-07-10T13:15:00,PUMP-CW-1 SPD,38.75,good
2026-07-10T13:15:00,PUMP-CW-1 DP,11.35,good
2026-07-10T13:15:00,VAV-101 ZN-T,73.1,good
2026-07-10T13:15:00,VAV-101 ZN-SP,72,good
2026-07-10T13:15:00,VAV-101 DMP-CMD,38.75,good
2026-07-10T13:15:00,VAV-101 DMP-POS,44.97,good
2026-07-10T13:15:00,VAV-101 AIRFLOW,924.78,good
2026-07-10T13:15:00,VAV-101 HTG-CMD,38.75,good
2026-07-10T13:15:00,VAV-102 ZN-T,73.29,good
2026-07-10T13:15:00,VAV-102 ZN-SP,72,good
2026-07-10T13:15:00,VAV-102 DMP-CMD,38.75,good
2026-07-10T13:15:00,VAV-102 DMP-POS,44.79,good
2026-07-10T13:15:00,VAV-102 AIRFLOW,816.09,good
2026-07-10T13:15:00,VAV-201 ZN-T,73.17,good
2026-07-10T13:15:00,VAV-201 ZN-SP,72,good
2026-07-10T13:15:00,VAV-201 DMP-CMD,38.75,good
2026-07-10T13:15:00,VAV-201 DMP-POS,45.44,good
2026-07-10T13:15:00,VAV-201 AIRFLOW,868.41,good
2026-07-10T13:15:00,VAV-201 HTG-CMD,38.75,good
2026-07-10T13:15:00,VAV-202 ZN-T,72.83,good
2026-07-10T13:15:00,VAV-202 ZN-SP,72,good
2026-07-10T13:15:00,VAV-202 DMP-CMD,38.75,good
2026-07-10T13:15:00,VAV-202 DMP-POS,42.54,good
2026-07-10T13:15:00,VAV-202 AIRFLOW,654.38,good
2026-07-10T13:15:00,VAV-203 ZN-T,73.24,good
2026-07-10T13:15:00,VAV-203 ZN-SP,72,good
2026-07-10T13:15:00,VAV-203 DMP-CMD,38.75,good
2026-07-10T13:15:00,VAV-203 DMP-POS,45.26,good
2026-07-10T13:15:00,VAV-203 AIRFLOW,813.38,good
2026-07-10T13:15:00,VAV-203 HTG-CMD,38.75,good
2026-07-10T13:30:00,AHU-1 SAT,54.18,good
2026-07-10T13:30:00,AHU-1 RAT,74.97,good
2026-07-10T13:30:00,AHU-1 MAT,66.73,good
2026-07-10T13:30:00,AHU-1 DAT-SP,55,good
2026-07-10T13:30:00,AHU-1 SF-CMD,0,good
2026-07-10T13:30:00,AHU-1 SF-STS,1,good
2026-07-10T13:30:00,AHU-1 SF-VFD-SPD,36.61,good
2026-07-10T13:30:00,AHU-1 OA-DMP-CMD,36.61,good
2026-07-10T13:30:00,AHU-1 CHW-VLV-CMD,36.61,good
2026-07-10T13:30:00,AHU-1 SAF-ALM,0,good
2026-07-10T13:30:00,AHU-2 SAT,54.29,good
2026-07-10T13:30:00,AHU-2 RAT,74.93,good
2026-07-10T13:30:00,AHU-2 MAT,67.15,good
2026-07-10T13:30:00,AHU-2 DAT-SP,55,good
2026-07-10T13:30:00,AHU-2 SF-CMD,0,good
2026-07-10T13:30:00,AHU-2 SF-STS,1,good
2026-07-10T13:30:00,AHU-2 SF-VFD-SPD,36.61,good
2026-07-10T13:30:00,AHU-2 OA-DMP-CMD,36.61,good
2026-07-10T13:30:00,AHU-2 HW-VLV-CMD,36.61,good
2026-07-10T13:30:00,AHU-2 SMK-ALM,0,good
2026-07-10T13:30:00,RTU-1 SAT,54.65,good
2026-07-10T13:30:00,RTU-1 RAT,74.54,good
2026-07-10T13:30:00,RTU-1 CLG-SP,72,good
2026-07-10T13:30:00,RTU-1 SF-CMD,0,good
2026-07-10T13:30:00,RTU-1 SF-STS,1,good
2026-07-10T13:30:00,RTU-1 HTG-EN,0,good
2026-07-10T13:30:00,RTU-1 CMP-STS,1,good
2026-07-10T13:30:00,RTU-1 FLT-ALM,0,good
2026-07-10T13:30:00,CHLR-1 CHWS,41.75,good
2026-07-10T13:30:00,CHLR-1 CHWR,55.86,good
2026-07-10T13:30:00,CHLR-1 CHW-DP,11.08,good
2026-07-10T13:30:00,CHLR-1 ENABLE,0,good
2026-07-10T13:30:00,CHLR-1 RUN-STS,1,good
2026-07-10T13:30:00,CHLR-1 ALM,0,good
2026-07-10T13:30:00,CHLR-1 LWT-SP,72,good
2026-07-10T13:30:00,CHLR-1 KW,68.03,good
2026-07-10T13:30:00,BLR-1 HWS,167.34,good
2026-07-10T13:30:00,BLR-1 HWR,149.88,good
2026-07-10T13:30:00,BLR-1 HWS-SP,72,good
2026-07-10T13:30:00,BLR-1 ENABLE,0,good
2026-07-10T13:30:00,BLR-1 RUN-STS,1,good
2026-07-10T13:30:00,BLR-1 ALM,0,good
2026-07-10T13:30:00,BLR-1 MOD-CMD,36.61,good
2026-07-10T13:30:00,BLR-1 GAS-PRES,7.44,good
2026-07-10T13:30:00,CT-1 CWS,80.94,good
2026-07-10T13:30:00,CT-1 CWR,91.03,good
2026-07-10T13:30:00,CT-1 FAN-CMD,0,good
2026-07-10T13:30:00,CT-1 FAN-STS,1,good
2026-07-10T13:30:00,CT-1 FAN-SPD,36.61,good
2026-07-10T13:30:00,CT-1 BASIN-LVL,44.19,good
2026-07-10T13:30:00,CT-1 ALM,0,good
2026-07-10T13:30:00,PUMP-CHW-1 CMD,0,good
2026-07-10T13:30:00,PUMP-CHW-1 STS,1,good
2026-07-10T13:30:00,PUMP-CHW-1 SPD,36.61,good
2026-07-10T13:30:00,PUMP-CHW-1 DP,10.81,good
2026-07-10T13:30:00,PUMP-CHW-2 CMD,0,good
2026-07-10T13:30:00,PUMP-CHW-2 STS,1,good
2026-07-10T13:30:00,PUMP-CHW-2 SPD,36.61,good
2026-07-10T13:30:00,PUMP-CHW-2 DP,11.34,good
2026-07-10T13:30:00,PUMP-HW-1 CMD,0,good
2026-07-10T13:30:00,PUMP-HW-1 STS,1,good
2026-07-10T13:30:00,PUMP-HW-1 SPD,36.61,good
2026-07-10T13:30:00,PUMP-HW-1 DP,11.03,good
2026-07-10T13:30:00,PUMP-CW-1 CMD,0,good
2026-07-10T13:30:00,PUMP-CW-1 STS,1,good
2026-07-10T13:30:00,PUMP-CW-1 SPD,36.61,good
2026-07-10T13:30:00,PUMP-CW-1 DP,10.89,good
2026-07-10T13:30:00,VAV-101 ZN-T,73.11,good
2026-07-10T13:30:00,VAV-101 ZN-SP,72,good
2026-07-10T13:30:00,VAV-101 DMP-CMD,36.61,good
2026-07-10T13:30:00,VAV-101 DMP-POS,41.16,good
2026-07-10T13:30:00,VAV-101 AIRFLOW,940.35,good
2026-07-10T13:30:00,VAV-101 HTG-CMD,36.61,good
2026-07-10T13:30:00,VAV-102 ZN-T,73.07,good
2026-07-10T13:30:00,VAV-102 ZN-SP,72,good
2026-07-10T13:30:00,VAV-102 DMP-CMD,36.61,good
2026-07-10T13:30:00,VAV-102 DMP-POS,43.45,good
2026-07-10T13:30:00,VAV-102 AIRFLOW,787.01,good
2026-07-10T13:30:00,VAV-201 ZN-T,73.05,good
2026-07-10T13:30:00,VAV-201 ZN-SP,72,good
2026-07-10T13:30:00,VAV-201 DMP-CMD,36.61,good
2026-07-10T13:30:00,VAV-201 DMP-POS,41.78,good
2026-07-10T13:30:00,VAV-201 AIRFLOW,848.23,good
2026-07-10T13:30:00,VAV-201 HTG-CMD,36.61,good
2026-07-10T13:30:00,VAV-202 ZN-T,73.04,good
2026-07-10T13:30:00,VAV-202 ZN-SP,72,good
2026-07-10T13:30:00,VAV-202 DMP-CMD,36.61,good
2026-07-10T13:30:00,VAV-202 DMP-POS,42.34,good
2026-07-10T13:30:00,VAV-202 AIRFLOW,643.76,good
2026-07-10T13:30:00,VAV-203 ZN-T,73.41,good
2026-07-10T13:30:00,VAV-203 ZN-SP,72,good
2026-07-10T13:30:00,VAV-203 DMP-CMD,36.61,good
2026-07-10T13:30:00,VAV-203 DMP-POS,42.22,good
2026-07-10T13:30:00,VAV-203 AIRFLOW,805.37,bad
2026-07-10T13:30:00,VAV-203 HTG-CMD,36.61,good
2026-07-10T13:45:00,AHU-1 SAT,54.59,good
2026-07-10T13:45:00,AHU-1 RAT,74.57,good
2026-07-10T13:45:00,AHU-1 MAT,66.57,good
2026-07-10T13:45:00,AHU-1 DAT-SP,55,good
2026-07-10T13:45:00,AHU-1 SF-CMD,0,good
2026-07-10T13:45:00,AHU-1 SF-STS,1,good
2026-07-10T13:45:00,AHU-1 SF-VFD-SPD,34.52,good
2026-07-10T13:45:00,AHU-1 OA-DMP-CMD,34.52,good
2026-07-10T13:45:00,AHU-1 CHW-VLV-CMD,34.52,good
2026-07-10T13:45:00,AHU-1 SAF-ALM,0,good
2026-07-10T13:45:00,AHU-2 SAT,54.37,good
2026-07-10T13:45:00,AHU-2 RAT,74.45,good
2026-07-10T13:45:00,AHU-2 MAT,66.3,good
2026-07-10T13:45:00,AHU-2 DAT-SP,55,good
2026-07-10T13:45:00,AHU-2 SF-CMD,0,good
2026-07-10T13:45:00,AHU-2 SF-STS,1,good
2026-07-10T13:45:00,AHU-2 SF-VFD-SPD,34.52,good
2026-07-10T13:45:00,AHU-2 OA-DMP-CMD,34.52,good
2026-07-10T13:45:00,AHU-2 HW-VLV-CMD,34.52,good
2026-07-10T13:45:00,AHU-2 SMK-ALM,0,good
2026-07-10T13:45:00,RTU-1 SAT,54.19,good
2026-07-10T13:45:00,RTU-1 RAT,75.02,good
2026-07-10T13:45:00,RTU-1 CLG-SP,72,good
2026-07-10T13:45:00,RTU-1 SF-CMD,0,good
2026-07-10T13:45:00,RTU-1 SF-STS,1,good
2026-07-10T13:45:00,RTU-1 HTG-EN,0,good
2026-07-10T13:45:00,RTU-1 CMP-STS,1,good
2026-07-10T13:45:00,RTU-1 FLT-ALM,0,good
2026-07-10T13:45:00,CHLR-1 CHWS,41.66,good
2026-07-10T13:45:00,CHLR-1 CHWR,55.66,good
2026-07-10T13:45:00,CHLR-1 CHW-DP,10.69,good
2026-07-10T13:45:00,CHLR-1 ENABLE,0,good
2026-07-10T13:45:00,CHLR-1 RUN-STS,1,good
2026-07-10T13:45:00,CHLR-1 ALM,0,good
2026-07-10T13:45:00,CHLR-1 LWT-SP,72,good
2026-07-10T13:45:00,CHLR-1 KW,66.36,good
2026-07-10T13:45:00,BLR-1 HWS,166.8,good
2026-07-10T13:45:00,BLR-1 HWR,150.15,good
2026-07-10T13:45:00,BLR-1 HWS-SP,72,good
2026-07-10T13:45:00,BLR-1 ENABLE,0,good
2026-07-10T13:45:00,BLR-1 RUN-STS,1,good
2026-07-10T13:45:00,BLR-1 ALM,0,good
2026-07-10T13:45:00,BLR-1 MOD-CMD,34.52,good
2026-07-10T13:45:00,BLR-1 GAS-PRES,7.32,good
2026-07-10T13:45:00,CT-1 CWS,81.21,good
2026-07-10T13:45:00,CT-1 CWR,90.72,good
2026-07-10T13:45:00,CT-1 FAN-CMD,0,good
2026-07-10T13:45:00,CT-1 FAN-STS,1,good
2026-07-10T13:45:00,CT-1 FAN-SPD,34.52,good
2026-07-10T13:45:00,CT-1 BASIN-LVL,40.18,good
2026-07-10T13:45:00,CT-1 ALM,0,good
2026-07-10T13:45:00,PUMP-CHW-1 CMD,0,good
2026-07-10T13:45:00,PUMP-CHW-1 STS,1,good
2026-07-10T13:45:00,PUMP-CHW-1 SPD,34.52,good
2026-07-10T13:45:00,PUMP-CHW-1 DP,11.09,good
2026-07-10T13:45:00,PUMP-CHW-2 CMD,0,good
2026-07-10T13:45:00,PUMP-CHW-2 STS,1,good
2026-07-10T13:45:00,PUMP-CHW-2 SPD,34.52,good
2026-07-10T13:45:00,PUMP-CHW-2 DP,11.17,good
2026-07-10T13:45:00,PUMP-HW-1 CMD,0,good
2026-07-10T13:45:00,PUMP-HW-1 STS,1,good
2026-07-10T13:45:00,PUMP-HW-1 SPD,34.52,good
2026-07-10T13:45:00,PUMP-HW-1 DP,10.98,good
2026-07-10T13:45:00,PUMP-CW-1 CMD,0,good
2026-07-10T13:45:00,PUMP-CW-1 STS,1,good
2026-07-10T13:45:00,PUMP-CW-1 SPD,34.52,good
2026-07-10T13:45:00,PUMP-CW-1 DP,10.89,good
2026-07-10T13:45:00,VAV-101 ZN-T,72.66,good
2026-07-10T13:45:00,VAV-101 ZN-SP,72,good
2026-07-10T13:45:00,VAV-101 DMP-CMD,34.52,good
2026-07-10T13:45:00,VAV-101 DMP-POS,42.33,good
2026-07-10T13:45:00,VAV-101 AIRFLOW,901.75,good
2026-07-10T13:45:00,VAV-101 HTG-CMD,34.52,good
2026-07-10T13:45:00,VAV-102 ZN-T,73.1,good
2026-07-10T13:45:00,VAV-102 ZN-SP,72,good
2026-07-10T13:45:00,VAV-102 DMP-CMD,34.52,good
2026-07-10T13:45:00,VAV-102 DMP-POS,41.11,good
2026-07-10T13:45:00,VAV-102 AIRFLOW,800.95,good
2026-07-10T13:45:00,VAV-201 ZN-T,72.96,good
2026-07-10T13:45:00,VAV-201 ZN-SP,72,good
2026-07-10T13:45:00,VAV-201 DMP-CMD,34.52,good
2026-07-10T13:45:00,VAV-201 DMP-POS,41.72,good
2026-07-10T13:45:00,VAV-201 AIRFLOW,831.98,good
2026-07-10T13:45:00,VAV-201 HTG-CMD,34.52,good
2026-07-10T13:45:00,VAV-202 ZN-T,72.56,good
2026-07-10T13:45:00,VAV-202 ZN-SP,72,good
2026-07-10T13:45:00,VAV-202 DMP-CMD,34.52,good
2026-07-10T13:45:00,VAV-202 DMP-POS,42.54,good
2026-07-10T13:45:00,VAV-202 AIRFLOW,671.37,good
2026-07-10T13:45:00,VAV-203 ZN-T,73.06,good
2026-07-10T13:45:00,VAV-203 ZN-SP,72,good
2026-07-10T13:45:00,VAV-203 DMP-CMD,34.52,good
2026-07-10T13:45:00,VAV-203 DMP-POS,42.21,good
2026-07-10T13:45:00,VAV-203 AIRFLOW,780.77,bad
2026-07-10T13:45:00,VAV-203 HTG-CMD,34.52,good
2026-07-10T14:00:00,AHU-1 SAT,54.46,good
2026-07-10T14:00:00,AHU-1 RAT,74.33,good
2026-07-10T14:00:00,AHU-1 MAT,66.47,good
2026-07-10T14:00:00,AHU-1 DAT-SP,55,good
2026-07-10T14:00:00,AHU-1 SF-CMD,0,good
2026-07-10T14:00:00,AHU-1 SF-STS,1,good
2026-07-10T14:00:00,AHU-1 SF-VFD-SPD,32.5,good
2026-07-10T14:00:00,AHU-1 OA-DMP-CMD,32.5,good
2026-07-10T14:00:00,AHU-1 CHW-VLV-CMD,32.5,good
2026-07-10T14:00:00,AHU-1 SAF-ALM,0,good
2026-07-10T14:00:00,AHU-2 SAT,53.96,good
2026-07-10T14:00:00,AHU-2 RAT,74.55,good
2026-07-10T14:00:00,AHU-2 MAT,66.13,good
2026-07-10T14:00:00,AHU-2 DAT-SP,55,good
2026-07-10T14:00:00,AHU-2 SF-CMD,0,good
2026-07-10T14:00:00,AHU-2 SF-STS,1,good
2026-07-10T14:00:00,AHU-2 SF-VFD-SPD,32.5,good
2026-07-10T14:00:00,AHU-2 OA-DMP-CMD,32.5,good
2026-07-10T14:00:00,AHU-2 HW-VLV-CMD,32.5,good
2026-07-10T14:00:00,AHU-2 SMK-ALM,0,good
2026-07-10T14:00:00,RTU-1 SAT,54.32,good
2026-07-10T14:00:00,RTU-1 RAT,74.68,good
2026-07-10T14:00:00,RTU-1 CLG-SP,72,good
2026-07-10T14:00:00,RTU-1 SF-CMD,0,good
2026-07-10T14:00:00,RTU-1 SF-STS,1,good
2026-07-10T14:00:00,RTU-1 HTG-EN,0,good
2026-07-10T14:00:00,RTU-1 CMP-STS,1,good
2026-07-10T14:00:00,RTU-1 FLT-ALM,0,good
2026-07-10T14:00:00,CHLR-1 CHWS,41.62,good
2026-07-10T14:00:00,CHLR-1 CHWR,55.61,good
2026-07-10T14:00:00,CHLR-1 CHW-DP,10.74,good
2026-07-10T14:00:00,CHLR-1 ENABLE,0,good
2026-07-10T14:00:00,CHLR-1 RUN-STS,1,good
2026-07-10T14:00:00,CHLR-1 ALM,0,good
2026-07-10T14:00:00,CHLR-1 LWT-SP,72,good
2026-07-10T14:00:00,CHLR-1 KW,64.03,good
2026-07-10T14:00:00,BLR-1 HWS,166.79,good
2026-07-10T14:00:00,BLR-1 HWR,149.36,good
2026-07-10T14:00:00,BLR-1 HWS-SP,72,good
2026-07-10T14:00:00,BLR-1 ENABLE,0,good
2026-07-10T14:00:00,BLR-1 RUN-STS,1,good
2026-07-10T14:00:00,BLR-1 ALM,0,good
2026-07-10T14:00:00,BLR-1 MOD-CMD,32.5,good
2026-07-10T14:00:00,BLR-1 GAS-PRES,7.31,good
2026-07-10T14:00:00,CT-1 CWS,80.86,good
2026-07-10T14:00:00,CT-1 CWR,90.73,good
2026-07-10T14:00:00,CT-1 FAN-CMD,0,good
2026-07-10T14:00:00,CT-1 FAN-STS,1,good
2026-07-10T14:00:00,CT-1 FAN-SPD,32.5,good
2026-07-10T14:00:00,CT-1 BASIN-LVL,38.07,good
2026-07-10T14:00:00,CT-1 ALM,0,good
2026-07-10T14:00:00,PUMP-CHW-1 CMD,0,good
2026-07-10T14:00:00,PUMP-CHW-1 STS,1,good
2026-07-10T14:00:00,PUMP-CHW-1 SPD,32.5,good
2026-07-10T14:00:00,PUMP-CHW-1 DP,10.94,good
2026-07-10T14:00:00,PUMP-CHW-2 CMD,0,good
2026-07-10T14:00:00,PUMP-CHW-2 STS,1,good
2026-07-10T14:00:00,PUMP-CHW-2 SPD,32.5,good
2026-07-10T14:00:00,PUMP-CHW-2 DP,10.85,good
2026-07-10T14:00:00,PUMP-HW-1 CMD,0,good
2026-07-10T14:00:00,PUMP-HW-1 STS,1,good
2026-07-10T14:00:00,PUMP-HW-1 SPD,32.5,good
2026-07-10T14:00:00,PUMP-HW-1 DP,10.93,good
2026-07-10T14:00:00,PUMP-CW-1 CMD,0,good
2026-07-10T14:00:00,PUMP-CW-1 STS,1,good
2026-07-10T14:00:00,PUMP-CW-1 SPD,32.5,good
2026-07-10T14:00:00,PUMP-CW-1 DP,11.0,good
2026-07-10T14:00:00,VAV-101 ZN-T,72.51,good
2026-07-10T14:00:00,VAV-101 ZN-SP,72,good
2026-07-10T14:00:00,VAV-101 DMP-CMD,32.5,good
2026-07-10T14:00:00,VAV-101 DMP-POS,38.39,good
2026-07-10T14:00:00,VAV-101 AIRFLOW,892.46,good
2026-07-10T14:00:00,VAV-101 HTG-CMD,32.5,good
2026-07-10T14:00:00,VAV-102 ZN-T,72.58,good
2026-07-10T14:00:00,VAV-102 ZN-SP,72,good
2026-07-10T14:00:00,VAV-102 DMP-CMD,32.5,good
2026-07-10T14:00:00,VAV-102 DMP-POS,40.11,good
2026-07-10T14:00:00,VAV-102 AIRFLOW,789.61,good
2026-07-10T14:00:00,VAV-201 ZN-T,72.64,good
2026-07-10T14:00:00,VAV-201 ZN-SP,72,good
2026-07-10T14:00:00,VAV-201 DMP-CMD,32.5,good
2026-07-10T14:00:00,VAV-201 DMP-POS,39.59,good
2026-07-10T14:00:00,VAV-201 AIRFLOW,836.67,good
2026-07-10T14:00:00,VAV-201 HTG-CMD,32.5,good
2026-07-10T14:00:00,VAV-202 ZN-T,72.75,good
2026-07-10T14:00:00,VAV-202 ZN-SP,72,good
2026-07-10T14:00:00,VAV-202 DMP-CMD,32.5,good
2026-07-10T14:00:00,VAV-202 DMP-POS,40.26,good
2026-07-10T14:00:00,VAV-202 AIRFLOW,667.11,good
2026-07-10T14:00:00,VAV-203 ZN-T,72.61,good
2026-07-10T14:00:00,VAV-203 ZN-SP,72,good
2026-07-10T14:00:00,VAV-203 DMP-CMD,32.5,good
2026-07-10T14:00:00,VAV-203 DMP-POS,40.74,good
2026-07-10T14:00:00,VAV-203 AIRFLOW,790.91,good
2026-07-10T14:00:00,VAV-203 HTG-CMD,32.5,good
2026-07-10T14:15:00,AHU-1 SAT,54.26,good
2026-07-10T14:15:00,AHU-1 RAT,74.71,good
2026-07-10T14:15:00,AHU-1 MAT,66.13,good
2026-07-10T14:15:00,AHU-1 DAT-SP,55,good
2026-07-10T14:15:00,AHU-1 SF-CMD,0,good
2026-07-10T14:15:00,AHU-1 SF-STS,1,good
2026-07-10T14:15:00,AHU-1 SF-VFD-SPD,30.56,good
2026-07-10T14:15:00,AHU-1 OA-DMP-CMD,30.56,good
2026-07-10T14:15:00,AHU-1 CHW-VLV-CMD,30.56,good
2026-07-10T14:15:00,AHU-1 SAF-ALM,0,good
2026-07-10T14:15:00,AHU-2 SAT,53.92,good
2026-07-10T14:15:00,AHU-2 RAT,74.32,good
2026-07-10T14:15:00,AHU-2 MAT,65.93,good
2026-07-10T14:15:00,AHU-2 DAT-SP,55,good
2026-07-10T14:15:00,AHU-2 SF-CMD,0,good
2026-07-10T14:15:00,AHU-2 SF-STS,1,good
2026-07-10T14:15:00,AHU-2 SF-VFD-SPD,30.56,good
2026-07-10T14:15:00,AHU-2 OA-DMP-CMD,30.56,good
2026-07-10T14:15:00,AHU-2 HW-VLV-CMD,30.56,good
2026-07-10T14:15:00,AHU-2 SMK-ALM,0,good
2026-07-10T14:15:00,RTU-1 SAT,53.9,good
2026-07-10T14:15:00,RTU-1 RAT,74.03,good
2026-07-10T14:15:00,RTU-1 CLG-SP,72,good
2026-07-10T14:15:00,RTU-1 SF-CMD,0,good
2026-07-10T14:15:00,RTU-1 SF-STS,1,good
2026-07-10T14:15:00,RTU-1 HTG-EN,0,good
2026-07-10T14:15:00,RTU-1 CMP-STS,1,good
2026-07-10T14:15:00,RTU-1 FLT-ALM,0,good
2026-07-10T14:15:00,CHLR-1 CHWS,41.49,good
2026-07-10T14:15:00,CHLR-1 CHWR,55.54,good
2026-07-10T14:15:00,CHLR-1 CHW-DP,10.57,good
2026-07-10T14:15:00,CHLR-1 ENABLE,0,good
2026-07-10T14:15:00,CHLR-1 RUN-STS,1,good
2026-07-10T14:15:00,CHLR-1 ALM,0,good
2026-07-10T14:15:00,CHLR-1 LWT-SP,72,good
2026-07-10T14:15:00,CHLR-1 KW,66.14,good
2026-07-10T14:15:00,BLR-1 HWS,166.66,good
2026-07-10T14:15:00,BLR-1 HWR,149.91,good
2026-07-10T14:15:00,BLR-1 HWS-SP,72,good
2026-07-10T14:15:00,BLR-1 ENABLE,0,good
2026-07-10T14:15:00,BLR-1 RUN-STS,1,good
2026-07-10T14:15:00,BLR-1 ALM,0,good
2026-07-10T14:15:00,BLR-1 MOD-CMD,30.56,good
2026-07-10T14:15:00,BLR-1 GAS-PRES,7.2,good
2026-07-10T14:15:00,CT-1 CWS,80.91,good
2026-07-10T14:15:00,CT-1 CWR,90.01,good
2026-07-10T14:15:00,CT-1 FAN-CMD,0,good
2026-07-10T14:15:00,CT-1 FAN-STS,1,good
2026-07-10T14:15:00,CT-1 FAN-SPD,30.56,good
2026-07-10T14:15:00,CT-1 BASIN-LVL,37.73,good
2026-07-10T14:15:00,CT-1 ALM,0,good
2026-07-10T14:15:00,PUMP-CHW-1 CMD,0,good
2026-07-10T14:15:00,PUMP-CHW-1 STS,1,good
2026-07-10T14:15:00,PUMP-CHW-1 SPD,30.56,good
2026-07-10T14:15:00,PUMP-CHW-1 DP,10.83,good
2026-07-10T14:15:00,PUMP-CHW-2 CMD,0,good
2026-07-10T14:15:00,PUMP-CHW-2 STS,1,good
2026-07-10T14:15:00,PUMP-CHW-2 SPD,30.56,good
2026-07-10T14:15:00,PUMP-CHW-2 DP,10.84,good
2026-07-10T14:15:00,PUMP-HW-1 CMD,0,good
2026-07-10T14:15:00,PUMP-HW-1 STS,1,good
2026-07-10T14:15:00,PUMP-HW-1 SPD,30.56,good
2026-07-10T14:15:00,PUMP-HW-1 DP,10.6,good
2026-07-10T14:15:00,PUMP-CW-1 CMD,0,good
2026-07-10T14:15:00,PUMP-CW-1 STS,1,good
2026-07-10T14:15:00,PUMP-CW-1 SPD,30.56,good
2026-07-10T14:15:00,PUMP-CW-1 DP,10.34,good
2026-07-10T14:15:00,VAV-101 ZN-T,72.38,good
2026-07-10T14:15:00,VAV-101 ZN-SP,72,good
2026-07-10T14:15:00,VAV-101 DMP-CMD,30.56,good
2026-07-10T14:15:00,VAV-101 DMP-POS,40.59,good
2026-07-10T14:15:00,VAV-101 AIRFLOW,914.3,good
2026-07-10T14:15:00,VAV-101 HTG-CMD,30.56,good
2026-07-10T14:15:00,VAV-102 ZN-T,72.77,good
2026-07-10T14:15:00,VAV-102 ZN-SP,72,good
2026-07-10T14:15:00,VAV-102 DMP-CMD,30.56,good
2026-07-10T14:15:00,VAV-102 DMP-POS,37.02,good
2026-07-10T14:15:00,VAV-102 AIRFLOW,787.15,good
2026-07-10T14:15:00,VAV-201 ZN-T,72.57,good
2026-07-10T14:15:00,VAV-201 ZN-SP,72,good
2026-07-10T14:15:00,VAV-201 DMP-CMD,30.56,good
2026-07-10T14:15:00,VAV-201 DMP-POS,40.73,good
2026-07-10T14:15:00,VAV-201 AIRFLOW,837.65,good
2026-07-10T14:15:00,VAV-201 HTG-CMD,30.56,good
2026-07-10T14:15:00,VAV-202 ZN-T,72.92,good
2026-07-10T14:15:00,VAV-202 ZN-SP,72,good
2026-07-10T14:15:00,VAV-202 DMP-CMD,30.56,good
2026-07-10T14:15:00,VAV-202 DMP-POS,39.74,good
2026-07-10T14:15:00,VAV-202 AIRFLOW,637.6,good
2026-07-10T14:15:00,VAV-203 ZN-T,72.38,good
2026-07-10T14:15:00,VAV-203 ZN-SP,72,good
2026-07-10T14:15:00,VAV-203 DMP-CMD,30.56,good
2026-07-10T14:15:00,VAV-203 DMP-POS,37.54,good
2026-07-10T14:15:00,VAV-203 AIRFLOW,759.62,good
2026-07-10T14:15:00,VAV-203 HTG-CMD,30.56,good
2026-07-10T14:30:00,AHU-1 SAT,54.29,good
2026-07-10T14:30:00,AHU-1 RAT,74.2,good
2026-07-10T14:30:00,AHU-1 MAT,65.89,good
2026-07-10T14:30:00,AHU-1 DAT-SP,55,good
2026-07-10T14:30:00,AHU-1 SF-CMD,0,good
2026-07-10T14:30:00,AHU-1 SF-STS,1,good
2026-07-10T14:30:00,AHU-1 SF-VFD-SPD,28.69,good
2026-07-10T14:30:00,AHU-1 OA-DMP-CMD,28.69,good
2026-07-10T14:30:00,AHU-1 CHW-VLV-CMD,28.69,good
2026-07-10T14:30:00,AHU-1 SAF-ALM,0,good
2026-07-10T14:30:00,AHU-2 SAT,53.99,good
2026-07-10T14:30:00,AHU-2 RAT,74.49,good
2026-07-10T14:30:00,AHU-2 MAT,65.13,good
2026-07-10T14:30:00,AHU-2 DAT-SP,55,good
2026-07-10T14:30:00,AHU-2 SF-CMD,0,good
2026-07-10T14:30:00,AHU-2 SF-STS,1,good
2026-07-10T14:30:00,AHU-2 SF-VFD-SPD,28.69,good
2026-07-10T14:30:00,AHU-2 OA-DMP-CMD,28.69,good
2026-07-10T14:30:00,AHU-2 HW-VLV-CMD,28.69,good
2026-07-10T14:30:00,AHU-2 SMK-ALM,0,good
2026-07-10T14:30:00,RTU-1 SAT,54.38,good
2026-07-10T14:30:00,RTU-1 RAT,74.47,good
2026-07-10T14:30:00,RTU-1 CLG-SP,72,good
2026-07-10T14:30:00,RTU-1 SF-CMD,0,good
2026-07-10T14:30:00,RTU-1 SF-STS,1,good
2026-07-10T14:30:00,RTU-1 HTG-EN,0,good
2026-07-10T14:30:00,RTU-1 CMP-STS,1,good
2026-07-10T14:30:00,RTU-1 FLT-ALM,0,good
2026-07-10T14:30:00,CHLR-1 CHWS,41.51,good
2026-07-10T14:30:00,CHLR-1 CHWR,55.66,good
2026-07-10T14:30:00,CHLR-1 CHW-DP,10.21,good
2026-07-10T14:30:00,CHLR-1 ENABLE,0,good
2026-07-10T14:30:00,CHLR-1 RUN-STS,1,good
2026-07-10T14:30:00,CHLR-1 ALM,0,good
2026-07-10T14:30:00,CHLR-1 LWT-SP,72,good
2026-07-10T14:30:00,CHLR-1 KW,63.79,good
2026-07-10T14:30:00,BLR-1 HWS,166.75,good
2026-07-10T14:30:00,BLR-1 HWR,149.37,good
2026-07-10T14:30:00,BLR-1 HWS-SP,72,good
2026-07-10T14:30:00,BLR-1 ENABLE,0,good
2026-07-10T14:30:00,BLR-1 RUN-STS,1,good
2026-07-10T14:30:00,BLR-1 ALM,0,good
2026-07-10T14:30:00,BLR-1 MOD-CMD,28.69,good
2026-07-10T14:30:00,BLR-1 GAS-PRES,7.31,good
2026-07-10T14:30:00,CT-1 CWS,81.06,good
2026-07-10T14:30:00,CT-1 CWR,90.07,good
2026-07-10T14:30:00,CT-1 FAN-CMD,0,good
2026-07-10T14:30:00,CT-1 FAN-STS,1,good
2026-07-10T14:30:00,CT-1 FAN-SPD,28.69,good
2026-07-10T14:30:00,CT-1 BASIN-LVL,38.92,good
2026-07-10T14:30:00,CT-1 ALM,0,good
2026-07-10T14:30:00,PUMP-CHW-1 CMD,0,good
2026-07-10T14:30:00,PUMP-CHW-1 STS,1,good
2026-07-10T14:30:00,PUMP-CHW-1 SPD,28.69,good
2026-07-10T14:30:00,PUMP-CHW-1 DP,10.2,good
2026-07-10T14:30:00,PUMP-CHW-2 CMD,0,good
2026-07-10T14:30:00,PUMP-CHW-2 STS,1,good
2026-07-10T14:30:00,PUMP-CHW-2 SPD,28.69,good
2026-07-10T14:30:00,PUMP-CHW-2 DP,10.34,good
2026-07-10T14:30:00,PUMP-HW-1 CMD,0,good
2026-07-10T14:30:00,PUMP-HW-1 STS,1,good
2026-07-10T14:30:00,PUMP-HW-1 SPD,28.69,good
2026-07-10T14:30:00,PUMP-HW-1 DP,10.77,good
2026-07-10T14:30:00,PUMP-CW-1 CMD,0,good
2026-07-10T14:30:00,PUMP-CW-1 STS,1,good
2026-07-10T14:30:00,PUMP-CW-1 SPD,28.69,good
2026-07-10T14:30:00,PUMP-CW-1 DP,10.47,good
2026-07-10T14:30:00,VAV-101 ZN-T,72.49,good
2026-07-10T14:30:00,VAV-101 ZN-SP,72,good
2026-07-10T14:30:00,VAV-101 DMP-CMD,28.69,good
2026-07-10T14:30:00,VAV-101 DMP-POS,39.59,good
2026-07-10T14:30:00,VAV-101 AIRFLOW,887.79,good
2026-07-10T14:30:00,VAV-101 HTG-CMD,28.69,good
2026-07-10T14:30:00,VAV-102 ZN-T,72.75,good
2026-07-10T14:30:00,VAV-102 ZN-SP,72,good
2026-07-10T14:30:00,VAV-102 DMP-CMD,28.69,good
2026-07-10T14:30:00,VAV-102 DMP-POS,38.47,good
2026-07-10T14:30:00,VAV-102 AIRFLOW,746.72,good
2026-07-10T14:30:00,VAV-201 ZN-T,72.7,good
2026-07-10T14:30:00,VAV-201 ZN-SP,72,good
2026-07-10T14:30:00,VAV-201 DMP-CMD,28.69,good
2026-07-10T14:30:00,VAV-201 DMP-POS,39.02,good
2026-07-10T14:30:00,VAV-201 AIRFLOW,835.43,good
2026-07-10T14:30:00,VAV-201 HTG-CMD,28.69,good
2026-07-10T14:30:00,VAV-202 ZN-T,72.28,good
2026-07-10T14:30:00,VAV-202 ZN-SP,72,good
2026-07-10T14:30:00,VAV-202 DMP-CMD,28.69,good
2026-07-10T14:30:00,VAV-202 DMP-POS,36.44,good
2026-07-10T14:30:00,VAV-202 AIRFLOW,644.55,good
2026-07-10T14:30:00,VAV-203 ZN-T,72.72,good
2026-07-10T14:30:00,VAV-203 ZN-SP,72,good
2026-07-10T14:30:00,VAV-203 DMP-CMD,28.69,good
2026-07-10T14:30:00,VAV-203 DMP-POS,38.78,good
2026-07-10T14:30:00,VAV-203 AIRFLOW,755.96,good
2026-07-10T14:30:00,VAV-203 HTG-CMD,28.69,good
2026-07-10T14:45:00,AHU-1 SAT,53.77,good
2026-07-10T14:45:00,AHU-1 RAT,73.76,good
2026-07-10T14:45:00,AHU-1 MAT,64.92,good
2026-07-10T14:45:00,AHU-1 DAT-SP,55,good
2026-07-10T14:45:00,AHU-1 SF-CMD,0,good
2026-07-10T14:45:00,AHU-1 SF-STS,1,good
2026-07-10T14:45:00,AHU-1 SF-VFD-SPD,26.92,good
2026-07-10T14:45:00,AHU-1 OA-DMP-CMD,26.92,good
2026-07-10T14:45:00,AHU-1 CHW-VLV-CMD,26.92,good
2026-07-10T14:45:00,AHU-1 SAF-ALM,0,good
2026-07-10T14:45:00,AHU-2 SAT,53.93,good
2026-07-10T14:45:00,AHU-2 RAT,73.98,good
2026-07-10T14:45:00,AHU-2 MAT,64.75,good
2026-07-10T14:45:00,AHU-2 DAT-SP,55,good
2026-07-10T14:45:00,AHU-2 SF-CMD,0,good
2026-07-10T14:45:00,AHU-2 SF-STS,1,good
2026-07-10T14:45:00,AHU-2 SF-VFD-SPD,26.92,good
2026-07-10T14:45:00,AHU-2 OA-DMP-CMD,26.92,good
2026-07-10T14:45:00,AHU-2 HW-VLV-CMD,26.92,good
2026-07-10T14:45:00,AHU-2 SMK-ALM,0,good
2026-07-10T14:45:00,RTU-1 SAT,53.82,good
2026-07-10T14:45:00,RTU-1 RAT,74.12,good
2026-07-10T14:45:00,RTU-1 CLG-SP,72,good
2026-07-10T14:45:00,RTU-1 SF-CMD,0,good
2026-07-10T14:45:00,RTU-1 SF-STS,1,good
2026-07-10T14:45:00,RTU-1 HTG-EN,0,good
2026-07-10T14:45:00,RTU-1 CMP-STS,1,good
2026-07-10T14:45:00,RTU-1 FLT-ALM,0,good
2026-07-10T14:45:00,CHLR-1 CHWS,41.48,good
2026-07-10T14:45:00,CHLR-1 CHWR,55.37,good
2026-07-10T14:45:00,CHLR-1 CHW-DP,10.07,good
2026-07-10T14:45:00,CHLR-1 ENABLE,0,good
2026-07-10T14:45:00,CHLR-1 RUN-STS,1,good
2026-07-10T14:45:00,CHLR-1 ALM,0,good
2026-07-10T14:45:00,CHLR-1 LWT-SP,72,good
2026-07-10T14:45:00,CHLR-1 KW,62.55,good
2026-07-10T14:45:00,BLR-1 HWS,166.03,good
2026-07-10T14:45:00,BLR-1 HWR,149.45,good
2026-07-10T14:45:00,BLR-1 HWS-SP,72,good
2026-07-10T14:45:00,BLR-1 ENABLE,0,good
2026-07-10T14:45:00,BLR-1 RUN-STS,1,good
2026-07-10T14:45:00,BLR-1 ALM,0,good
2026-07-10T14:45:00,BLR-1 MOD-CMD,26.92,good
2026-07-10T14:45:00,BLR-1 GAS-PRES,7.2,good
2026-07-10T14:45:00,CT-1 CWS,80.61,good
2026-07-10T14:45:00,CT-1 CWR,89.86,good
2026-07-10T14:45:00,CT-1 FAN-CMD,0,good
2026-07-10T14:45:00,CT-1 FAN-STS,1,good
2026-07-10T14:45:00,CT-1 FAN-SPD,26.92,good
2026-07-10T14:45:00,CT-1 BASIN-LVL,36.36,good
2026-07-10T14:45:00,CT-1 ALM,0,good
2026-07-10T14:45:00,PUMP-CHW-1 CMD,0,good
2026-07-10T14:45:00,PUMP-CHW-1 STS,1,good
2026-07-10T14:45:00,PUMP-CHW-1 SPD,26.92,good
2026-07-10T14:45:00,PUMP-CHW-1 DP,10.1,good
2026-07-10T14:45:00,PUMP-CHW-2 CMD,0,good
2026-07-10T14:45:00,PUMP-CHW-2 STS,1,good
2026-07-10T14:45:00,PUMP-CHW-2 SPD,26.92,good
2026-07-10T14:45:00,PUMP-CHW-2 DP,10.59,good
2026-07-10T14:45:00,PUMP-HW-1 CMD,0,good
2026-07-10T14:45:00,PUMP-HW-1 STS,1,good
2026-07-10T14:45:00,PUMP-HW-1 SPD,26.92,good
2026-07-10T14:45:00,PUMP-HW-1 DP,10.59,good
2026-07-10T14:45:00,PUMP-CW-1 CMD,0,good
2026-07-10T14:45:00,PUMP-CW-1 STS,1,good
2026-07-10T14:45:00,PUMP-CW-1 SPD,26.92,good
2026-07-10T14:45:00,PUMP-CW-1 DP,10.64,good
2026-07-10T14:45:00,VAV-101 ZN-T,72.56,good
2026-07-10T14:45:00,VAV-101 ZN-SP,72,good
2026-07-10T14:45:00,VAV-101 DMP-CMD,26.92,good
2026-07-10T14:45:00,VAV-101 DMP-POS,35.49,good
2026-07-10T14:45:00,VAV-101 AIRFLOW,878.31,good
2026-07-10T14:45:00,VAV-101 HTG-CMD,26.92,good
2026-07-10T14:45:00,VAV-102 ZN-T,72.21,good
2026-07-10T14:45:00,VAV-102 ZN-SP,72,good
2026-07-10T14:45:00,VAV-102 DMP-CMD,26.92,good
2026-07-10T14:45:00,VAV-102 DMP-POS,36.02,good
2026-07-10T14:45:00,VAV-102 AIRFLOW,756.65,good
2026-07-10T14:45:00,VAV-201 ZN-T,72.15,good
2026-07-10T14:45:00,VAV-201 ZN-SP,72,good
2026-07-10T14:45:00,VAV-201 DMP-CMD,26.92,good
2026-07-10T14:45:00,VAV-201 DMP-POS,36.55,good
2026-07-10T14:45:00,VAV-201 AIRFLOW,816.84,good
2026-07-10T14:45:00,VAV-201 HTG-CMD,26.92,good
2026-07-10T14:45:00,VAV-202 ZN-T,72.48,good
2026-07-10T14:45:00,VAV-202 ZN-SP,72,good
2026-07-10T14:45:00,VAV-202 DMP-CMD,26.92,good
2026-07-10T14:45:00,VAV-202 DMP-POS,35.12,good
2026-07-10T14:45:00,VAV-202 AIRFLOW,620.84,good
2026-07-10T14:45:00,VAV-203 ZN-T,72.29,good
2026-07-10T14:45:00,VAV-203 ZN-SP,72,good
2026-07-10T14:45:00,VAV-203 DMP-CMD,26.92,good
2026-07-10T14:45:00,VAV-203 DMP-POS,37.31,good
2026-07-10T14:45:00,VAV-203 AIRFLOW,760.67,good
2026-07-10T14:45:00,VAV-203 HTG-CMD,26.92,good
2026-07-10T15:00:00,AHU-1 SAT,53.76,good
2026-07-10T15:00:00,AHU-1 RAT,73.71,good
2026-07-10T15:00:00,AHU-1 MAT,64.55,good
2026-07-10T15:00:00,AHU-1 DAT-SP,55,good
2026-07-10T15:00:00,AHU-1 SF-CMD,0,good
2026-07-10T15:00:00,AHU-1 SF-STS,1,good
2026-07-10T15:00:00,AHU-1 SF-VFD-SPD,25.25,good
2026-07-10T15:00:00,AHU-1 OA-DMP-CMD,25.25,good
2026-07-10T15:00:00,AHU-1 CHW-VLV-CMD,25.25,good
2026-07-10T15:00:00,AHU-1 SAF-ALM,0,good
2026-07-10T15:00:00,AHU-2 SAT,54.21,good
2026-07-10T15:00:00,AHU-2 RAT,73.89,good
2026-07-10T15:00:00,AHU-2 MAT,64.86,good
2026-07-10T15:00:00,AHU-2 DAT-SP,55,good
2026-07-10T15:00:00,AHU-2 SF-CMD,0,good
2026-07-10T15:00:00,AHU-2 SF-STS,1,good
2026-07-10T15:00:00,AHU-2 SF-VFD-SPD,25.25,good
2026-07-10T15:00:00,AHU-2 OA-DMP-CMD,25.25,good
2026-07-10T15:00:00,AHU-2 HW-VLV-CMD,25.25,good
2026-07-10T15:00:00,AHU-2 SMK-ALM,0,good
2026-07-10T15:00:00,RTU-1 SAT,54.12,good
2026-07-10T15:00:00,RTU-1 RAT,73.89,good
2026-07-10T15:00:00,RTU-1 CLG-SP,72,good
2026-07-10T15:00:00,RTU-1 SF-CMD,0,good
2026-07-10T15:00:00,RTU-1 SF-STS,1,good
2026-07-10T15:00:00,RTU-1 HTG-EN,0,good
2026-07-10T15:00:00,RTU-1 CMP-STS,1,good
2026-07-10T15:00:00,RTU-1 FLT-ALM,0,good
2026-07-10T15:00:00,CHLR-1 CHWS,41.4,good
2026-07-10T15:00:00,CHLR-1 CHWR,55.46,good
2026-07-10T15:00:00,CHLR-1 CHW-DP,10.45,good
2026-07-10T15:00:00,CHLR-1 ENABLE,0,good
2026-07-10T15:00:00,CHLR-1 RUN-STS,1,good
2026-07-10T15:00:00,CHLR-1 ALM,0,good
2026-07-10T15:00:00,CHLR-1 LWT-SP,72,good
2026-07-10T15:00:00,CHLR-1 KW,64.17,good
2026-07-10T15:00:00,BLR-1 HWS,165.94,good
2026-07-10T15:00:00,BLR-1 HWR,149.1,good
2026-07-10T15:00:00,BLR-1 HWS-SP,72,good
2026-07-10T15:00:00,BLR-1 ENABLE,0,good
2026-07-10T15:00:00,BLR-1 RUN-STS,1,good
2026-07-10T15:00:00,BLR-1 ALM,0,good
2026-07-10T15:00:00,BLR-1 MOD-CMD,25.25,good
2026-07-10T15:00:00,BLR-1 GAS-PRES,7.31,good
2026-07-10T15:00:00,CT-1 CWS,80.41,good
2026-07-10T15:00:00,CT-1 CWR,89.72,good
2026-07-10T15:00:00,CT-1 FAN-CMD,0,good
2026-07-10T15:00:00,CT-1 FAN-STS,1,good
2026-07-10T15:00:00,CT-1 FAN-SPD,25.25,good
2026-07-10T15:00:00,CT-1 BASIN-LVL,37.72,good
2026-07-10T15:00:00,CT-1 ALM,0,good
2026-07-10T15:00:00,PUMP-CHW-1 CMD,0,good
2026-07-10T15:00:00,PUMP-CHW-1 STS,1,good
2026-07-10T15:00:00,PUMP-CHW-1 SPD,25.25,good
2026-07-10T15:00:00,PUMP-CHW-1 DP,10.51,good
2026-07-10T15:00:00,PUMP-CHW-2 CMD,0,good
2026-07-10T15:00:00,PUMP-CHW-2 STS,1,good
2026-07-10T15:00:00,PUMP-CHW-2 SPD,25.25,good
2026-07-10T15:00:00,PUMP-CHW-2 DP,10.11,good
2026-07-10T15:00:00,PUMP-HW-1 CMD,0,good
2026-07-10T15:00:00,PUMP-HW-1 STS,1,good
2026-07-10T15:00:00,PUMP-HW-1 SPD,25.25,good
2026-07-10T15:00:00,PUMP-HW-1 DP,10.35,good
2026-07-10T15:00:00,PUMP-CW-1 CMD,0,good
2026-07-10T15:00:00,PUMP-CW-1 STS,1,good
2026-07-10T15:00:00,PUMP-CW-1 SPD,25.25,good
2026-07-10T15:00:00,PUMP-CW-1 DP,10.23,good
2026-07-10T15:00:00,VAV-101 ZN-T,72.44,good
2026-07-10T15:00:00,VAV-101 ZN-SP,72,good
2026-07-10T15:00:00,VAV-101 DMP-CMD,25.25,good
2026-07-10T15:00:00,VAV-101 DMP-POS,34.83,good
2026-07-10T15:00:00,VAV-101 AIRFLOW,871.1,good
2026-07-10T15:00:00,VAV-101 HTG-CMD,25.25,good
2026-07-10T15:00:00,VAV-102 ZN-T,72.64,good
2026-07-10T15:00:00,VAV-102 ZN-SP,72,good
2026-07-10T15:00:00,VAV-102 DMP-CMD,25.25,good
2026-07-10T15:00:00,VAV-102 DMP-POS,35.43,good
2026-07-10T15:00:00,VAV-102 AIRFLOW,735.46,good
2026-07-10T15:00:00,VAV-201 ZN-T,72.43,good
2026-07-10T15:00:00,VAV-201 ZN-SP,72,good
2026-07-10T15:00:00,VAV-201 DMP-CMD,25.25,good
2026-07-10T15:00:00,VAV-201 DMP-POS,36.23,good
2026-07-10T15:00:00,VAV-201 AIRFLOW,815.31,good
2026-07-10T15:00:00,VAV-201 HTG-CMD,25.25,good
2026-07-10T15:00:00,VAV-202 ZN-T,72.53,good
2026-07-10T15:00:00,VAV-202 ZN-SP,72,good
2026-07-10T15:00:00,VAV-202 DMP-CMD,25.25,good
2026-07-10T15:00:00,VAV-202 DMP-POS,36.06,good
2026-07-10T15:00:00,VAV-202 AIRFLOW,643.87,good
2026-07-10T15:00:00,VAV-203 ZN-T,72.35,good
2026-07-10T15:00:00,VAV-203 ZN-SP,72,good
2026-07-10T15:00:00,VAV-203 DMP-CMD,25.25,good
2026-07-10T15:00:00,VAV-203 DMP-POS,36.69,good
2026-07-10T15:00:00,VAV-203 AIRFLOW,748.44,good
2026-07-10T15:00:00,VAV-203 HTG-CMD,25.25,good
2026-07-10T15:15:00,AHU-1 SAT,53.75,good
2026-07-10T15:15:00,AHU-1 RAT,74.05,good
2026-07-10T15:15:00,AHU-1 MAT,64.7,good
2026-07-10T15:15:00,AHU-1 DAT-SP,55,good
2026-07-10T15:15:00,AHU-1 SF-CMD,0,good
2026-07-10T15:15:00,AHU-1 SF-STS,1,good
2026-07-10T15:15:00,AHU-1 SF-VFD-SPD,23.69,good
2026-07-10T15:15:00,AHU-1 OA-DMP-CMD,23.69,good
2026-07-10T15:15:00,AHU-1 CHW-VLV-CMD,23.69,good
2026-07-10T15:15:00,AHU-1 SAF-ALM,0,good
2026-07-10T15:15:00,AHU-2 SAT,54.05,good
2026-07-10T15:15:00,AHU-2 RAT,73.83,good
2026-07-10T15:15:00,AHU-2 MAT,64.38,good
2026-07-10T15:15:00,AHU-2 DAT-SP,55,good
2026-07-10T15:15:00,AHU-2 SF-CMD,0,good
2026-07-10T15:15:00,AHU-2 SF-STS,1,good
2026-07-10T15:15:00,AHU-2 SF-VFD-SPD,23.69,good
2026-07-10T15:15:00,AHU-2 OA-DMP-CMD,23.69,good
2026-07-10T15:15:00,AHU-2 HW-VLV-CMD,23.69,good
2026-07-10T15:15:00,AHU-2 SMK-ALM,0,good
2026-07-10T15:15:00,RTU-1 SAT,53.95,good
2026-07-10T15:15:00,RTU-1 RAT,73.69,good
2026-07-10T15:15:00,RTU-1 CLG-SP,72,good
2026-07-10T15:15:00,RTU-1 SF-CMD,0,good
2026-07-10T15:15:00,RTU-1 SF-STS,1,good
2026-07-10T15:15:00,RTU-1 HTG-EN,0,good
2026-07-10T15:15:00,RTU-1 CMP-STS,1,good
2026-07-10T15:15:00,RTU-1 FLT-ALM,0,good
2026-07-10T15:15:00,CHLR-1 CHWS,41.43,good
2026-07-10T15:15:00,CHLR-1 CHWR,55.36,good
2026-07-10T15:15:00,CHLR-1 CHW-DP,10.29,good
2026-07-10T15:15:00,CHLR-1 ENABLE,0,good
2026-07-10T15:15:00,CHLR-1 RUN-STS,1,good
2026-07-10T15:15:00,CHLR-1 ALM,0,good
2026-07-10T15:15:00,CHLR-1 LWT-SP,72,good
2026-07-10T15:15:00,CHLR-1 KW,59.76,good
2026-07-10T15:15:00,BLR-1 HWS,166.51,good
2026-07-10T15:15:00,BLR-1 HWR,149.11,good
2026-07-10T15:15:00,BLR-1 HWS-SP,72,good
2026-07-10T15:15:00,BLR-1 ENABLE,0,good
2026-07-10T15:15:00,BLR-1 RUN-STS,1,good
2026-07-10T15:15:00,BLR-1 ALM,0,good
2026-07-10T15:15:00,BLR-1 MOD-CMD,23.69,good
2026-07-10T15:15:00,BLR-1 GAS-PRES,7.18,good
2026-07-10T15:15:00,CT-1 CWS,80.5,good
2026-07-10T15:15:00,CT-1 CWR,89.94,good
2026-07-10T15:15:00,CT-1 FAN-CMD,0,good
2026-07-10T15:15:00,CT-1 FAN-STS,1,good
2026-07-10T15:15:00,CT-1 FAN-SPD,23.69,good
2026-07-10T15:15:00,CT-1 BASIN-LVL,35.73,good
2026-07-10T15:15:00,CT-1 ALM,0,good
2026-07-10T15:15:00,PUMP-CHW-1 CMD,0,good
2026-07-10T15:15:00,PUMP-CHW-1 STS,1,good
2026-07-10T15:15:00,PUMP-CHW-1 SPD,23.69,good
2026-07-10T15:15:00,PUMP-CHW-1 DP,10.15,good
2026-07-10T15:15:00,PUMP-CHW-2 CMD,0,good
2026-07-10T15:15:00,PUMP-CHW-2 STS,1,good
2026-07-10T15:15:00,PUMP-CHW-2 SPD,23.69,good
2026-07-10T15:15:00,PUMP-CHW-2 DP,10.29,good
2026-07-10T15:15:00,PUMP-HW-1 CMD,0,good
2026-07-10T15:15:00,PUMP-HW-1 STS,1,good
2026-07-10T15:15:00,PUMP-HW-1 SPD,23.69,good
2026-07-10T15:15:00,PUMP-HW-1 DP,10.04,good
2026-07-10T15:15:00,PUMP-CW-1 CMD,0,good
2026-07-10T15:15:00,PUMP-CW-1 STS,1,good
2026-07-10T15:15:00,PUMP-CW-1 SPD,23.69,good
2026-07-10T15:15:00,PUMP-CW-1 DP,10.36,good
2026-07-10T15:15:00,VAV-101 ZN-T,72.3,good
2026-07-10T15:15:00,VAV-101 ZN-SP,72,good
2026-07-10T15:15:00,VAV-101 DMP-CMD,23.69,good
2026-07-10T15:15:00,VAV-101 DMP-POS,35.52,good
2026-07-10T15:15:00,VAV-101 AIRFLOW,852.88,good
2026-07-10T15:15:00,VAV-101 HTG-CMD,23.69,good
2026-07-10T15:15:00,VAV-102 ZN-T,72.48,good
2026-07-10T15:15:00,VAV-102 ZN-SP,72,good
2026-07-10T15:15:00,VAV-102 DMP-CMD,23.69,good
2026-07-10T15:15:00,VAV-102 DMP-POS,35.59,good
2026-07-10T15:15:00,VAV-102 AIRFLOW,739.47,good
2026-07-10T15:15:00,VAV-201 ZN-T,72.39,good
2026-07-10T15:15:00,VAV-201 ZN-SP,72,good
2026-07-10T15:15:00,VAV-201 DMP-CMD,23.69,good
2026-07-10T15:15:00,VAV-201 DMP-POS,33.14,good
2026-07-10T15:15:00,VAV-201 AIRFLOW,826.72,good
2026-07-10T15:15:00,VAV-201 HTG-CMD,23.69,good
2026-07-10T15:15:00,VAV-202 ZN-T,72.41,good
2026-07-10T15:15:00,VAV-202 ZN-SP,72,good
2026-07-10T15:15:00,VAV-202 DMP-CMD,23.69,good
2026-07-10T15:15:00,VAV-202 DMP-POS,34.56,good
2026-07-10T15:15:00,VAV-202 AIRFLOW,631.16,good
2026-07-10T15:15:00,VAV-203 ZN-T,72.64,good
2026-07-10T15:15:00,VAV-203 ZN-SP,72,good
2026-07-10T15:15:00,VAV-203 DMP-CMD,23.69,good
2026-07-10T15:15:00,VAV-203 DMP-POS,34.69,good
2026-07-10T15:15:00,VAV-203 AIRFLOW,725.69,good
2026-07-10T15:15:00,VAV-203 HTG-CMD,23.69,good
2026-07-10T15:30:00,AHU-1 SAT,53.67,good
2026-07-10T15:30:00,AHU-1 RAT,73.78,good
2026-07-10T15:30:00,AHU-1 MAT,64.06,good
2026-07-10T15:30:00,AHU-1 DAT-SP,55,good
2026-07-10T15:30:00,AHU-1 SF-CMD,0,good
2026-07-10T15:30:00,AHU-1 SF-STS,1,good
2026-07-10T15:30:00,AHU-1 SF-VFD-SPD,22.23,good
2026-07-10T15:30:00,AHU-1 OA-DMP-CMD,22.23,good
2026-07-10T15:30:00,AHU-1 CHW-VLV-CMD,22.23,good
2026-07-10T15:30:00,AHU-1 SAF-ALM,0,good
2026-07-10T15:30:00,AHU-2 SAT,53.86,good
2026-07-10T15:30:00,AHU-2 RAT,73.83,good
2026-07-10T15:30:00,AHU-2 MAT,63.98,good
2026-07-10T15:30:00,AHU-2 DAT-SP,55,good
2026-07-10T15:30:00,AHU-2 SF-CMD,0,good
2026-07-10T15:30:00,AHU-2 SF-STS,1,good
2026-07-10T15:30:00,AHU-2 SF-VFD-SPD,22.23,good
2026-07-10T15:30:00,AHU-2 OA-DMP-CMD,22.23,good
2026-07-10T15:30:00,AHU-2 HW-VLV-CMD,22.23,good
2026-07-10T15:30:00,AHU-2 SMK-ALM,0,good
2026-07-10T15:30:00,RTU-1 SAT,53.74,good
2026-07-10T15:30:00,RTU-1 RAT,73.99,good
2026-07-10T15:30:00,RTU-1 CLG-SP,72,good
2026-07-10T15:30:00,RTU-1 SF-CMD,0,good
2026-07-10T15:30:00,RTU-1 SF-STS,1,good
2026-07-10T15:30:00,RTU-1 HTG-EN,0,good
2026-07-10T15:30:00,RTU-1 CMP-STS,1,good
2026-07-10T15:30:00,RTU-1 FLT-ALM,0,good
2026-07-10T15:30:00,CHLR-1 CHWS,41.38,good
2026-07-10T15:30:00,CHLR-1 CHWR,55.21,good
2026-07-10T15:30:00,CHLR-1 CHW-DP,9.92,good
2026-07-10T15:30:00,CHLR-1 ENABLE,0,good
2026-07-10T15:30:00,CHLR-1 RUN-STS,1,good
2026-07-10T15:30:00,CHLR-1 ALM,0,good
2026-07-10T15:30:00,CHLR-1 LWT-SP,72,good
2026-07-10T15:30:00,CHLR-1 KW,58.82,good
2026-07-10T15:30:00,BLR-1 HWS,165.7,good
2026-07-10T15:30:00,BLR-1 HWR,148.95,good
2026-07-10T15:30:00,BLR-1 HWS-SP,72,good
2026-07-10T15:30:00,BLR-1 ENABLE,0,good
2026-07-10T15:30:00,BLR-1 RUN-STS,1,good
2026-07-10T15:30:00,BLR-1 ALM,0,good
2026-07-10T15:30:00,BLR-1 MOD-CMD,22.23,good
2026-07-10T15:30:00,BLR-1 GAS-PRES,7.28,good
2026-07-10T15:30:00,CT-1 CWS,80.18,good
2026-07-10T15:30:00,CT-1 CWR,89.82,good
2026-07-10T15:30:00,CT-1 FAN-CMD,0,good
2026-07-10T15:30:00,CT-1 FAN-STS,1,good
2026-07-10T15:30:00,CT-1 FAN-SPD,22.23,good
2026-07-10T15:30:00,CT-1 BASIN-LVL,32.7,good
2026-07-10T15:30:00,CT-1 ALM,0,good
2026-07-10T15:30:00,PUMP-CHW-1 CMD,0,good
2026-07-10T15:30:00,PUMP-CHW-1 STS,1,good
2026-07-10T15:30:00,PUMP-CHW-1 SPD,22.23,good
2026-07-10T15:30:00,PUMP-CHW-1 DP,9.9,good
2026-07-10T15:30:00,PUMP-CHW-2 CMD,0,good
2026-07-10T15:30:00,PUMP-CHW-2 STS,1,good
2026-07-10T15:30:00,PUMP-CHW-2 SPD,22.23,good
2026-07-10T15:30:00,PUMP-CHW-2 DP,9.99,good
2026-07-10T15:30:00,PUMP-HW-1 CMD,0,good
2026-07-10T15:30:00,PUMP-HW-1 STS,1,good
2026-07-10T15:30:00,PUMP-HW-1 SPD,22.23,good
2026-07-10T15:30:00,PUMP-HW-1 DP,9.84,good
2026-07-10T15:30:00,PUMP-CW-1 CMD,0,good
2026-07-10T15:30:00,PUMP-CW-1 STS,1,good
2026-07-10T15:30:00,PUMP-CW-1 SPD,22.23,good
2026-07-10T15:30:00,PUMP-CW-1 DP,10.01,good
2026-07-10T15:30:00,VAV-101 ZN-T,72.13,good
2026-07-10T15:30:00,VAV-101 ZN-SP,72,good
2026-07-10T15:30:00,VAV-101 DMP-CMD,22.23,good
2026-07-10T15:30:00,VAV-101 DMP-POS,33.89,good
2026-07-10T15:30:00,VAV-101 AIRFLOW,871.25,good
2026-07-10T15:30:00,VAV-101 HTG-CMD,22.23,good
2026-07-10T15:30:00,VAV-102 ZN-T,72.01,good
2026-07-10T15:30:00,VAV-102 ZN-SP,72,good
2026-07-10T15:30:00,VAV-102 DMP-CMD,22.23,good
2026-07-10T15:30:00,VAV-102 DMP-POS,33.33,good
2026-07-10T15:30:00,VAV-102 AIRFLOW,752.44,good
2026-07-10T15:30:00,VAV-201 ZN-T,71.84,good
2026-07-10T15:30:00,VAV-201 ZN-SP,72,good
2026-07-10T15:30:00,VAV-201 DMP-CMD,22.23,good
2026-07-10T15:30:00,VAV-201 DMP-POS,35.53,good
2026-07-10T15:30:00,VAV-201 AIRFLOW,807.63,good
2026-07-10T15:30:00,VAV-201 HTG-CMD,22.23,good
2026-07-10T15:30:00,VAV-202 ZN-T,72.29,good
2026-07-10T15:30:00,VAV-202 ZN-SP,72,good
2026-07-10T15:30:00,VAV-202 DMP-CMD,22.23,good
2026-07-10T15:30:00,VAV-202 DMP-POS,32.79,good
2026-07-10T15:30:00,VAV-202 AIRFLOW,636.05,good
2026-07-10T15:30:00,VAV-203 ZN-T,71.95,good
2026-07-10T15:30:00,VAV-203 ZN-SP,72,good
2026-07-10T15:30:00,VAV-203 DMP-CMD,22.23,good
2026-07-10T15:30:00,VAV-203 DMP-POS,32.83,good
2026-07-10T15:30:00,VAV-203 AIRFLOW,726.44,good
2026-07-10T15:30:00,VAV-203 HTG-CMD,22.23,good
2026-07-10T15:45:00,AHU-1 SAT,53.79,good
2026-07-10T15:45:00,AHU-1 RAT,74.01,good
2026-07-10T15:45:00,AHU-1 MAT,63.43,good
2026-07-10T15:45:00,AHU-1 DAT-SP,55,good
2026-07-10T15:45:00,AHU-1 SF-CMD,0,good
2026-07-10T15:45:00,AHU-1 SF-STS,1,good
2026-07-10T15:45:00,AHU-1 SF-VFD-SPD,20.9,good
2026-07-10T15:45:00,AHU-1 OA-DMP-CMD,20.9,good
2026-07-10T15:45:00,AHU-1 CHW-VLV-CMD,20.9,good
2026-07-10T15:45:00,AHU-1 SAF-ALM,0,good
2026-07-10T15:45:00,AHU-2 SAT,53.7,good
2026-07-10T15:45:00,AHU-2 RAT,73.39,good
2026-07-10T15:45:00,AHU-2 MAT,63.84,good
2026-07-10T15:45:00,AHU-2 DAT-SP,55,good
2026-07-10T15:45:00,AHU-2 SF-CMD,0,good
2026-07-10T15:45:00,AHU-2 SF-STS,1,good
2026-07-10T15:45:00,AHU-2 SF-VFD-SPD,20.9,good
2026-07-10T15:45:00,AHU-2 OA-DMP-CMD,20.9,good
2026-07-10T15:45:00,AHU-2 HW-VLV-CMD,20.9,good
2026-07-10T15:45:00,AHU-2 SMK-ALM,0,good
2026-07-10T15:45:00,RTU-1 SAT,53.71,good
2026-07-10T15:45:00,RTU-1 RAT,73.26,good
2026-07-10T15:45:00,RTU-1 CLG-SP,72,good
2026-07-10T15:45:00,RTU-1 SF-CMD,0,good
2026-07-10T15:45:00,RTU-1 SF-STS,1,good
2026-07-10T15:45:00,RTU-1 HTG-EN,0,good
2026-07-10T15:45:00,RTU-1 CMP-STS,1,good
2026-07-10T15:45:00,RTU-1 FLT-ALM,0,good
2026-07-10T15:45:00,CHLR-1 CHWS,41.36,good
2026-07-10T15:45:00,CHLR-1 CHWR,55.03,good
2026-07-10T15:45:00,CHLR-1 CHW-DP,9.98,good
2026-07-10T15:45:00,CHLR-1 ENABLE,0,good
2026-07-10T15:45:00,CHLR-1 RUN-STS,1,good
2026-07-10T15:45:00,CHLR-1 ALM,0,good
2026-07-10T15:45:00,CHLR-1 LWT-SP,72,good
2026-07-10T15:45:00,CHLR-1 KW,59.59,good
2026-07-10T15:45:00,BLR-1 HWS,166.09,good
2026-07-10T15:45:00,BLR-1 HWR,148.67,good
2026-07-10T15:45:00,BLR-1 HWS-SP,72,good
2026-07-10T15:45:00,BLR-1 ENABLE,0,good
2026-07-10T15:45:00,BLR-1 RUN-STS,1,good
2026-07-10T15:45:00,BLR-1 ALM,0,good
2026-07-10T15:45:00,BLR-1 MOD-CMD,20.9,good
2026-07-10T15:45:00,BLR-1 GAS-PRES,7.22,good
2026-07-10T15:45:00,CT-1 CWS,80.52,good
2026-07-10T15:45:00,CT-1 CWR,89.16,good
2026-07-10T15:45:00,CT-1 FAN-CMD,0,good
2026-07-10T15:45:00,CT-1 FAN-STS,1,good
2026-07-10T15:45:00,CT-1 FAN-SPD,20.9,good
2026-07-10T15:45:00,CT-1 BASIN-LVL,31.78,good
2026-07-10T15:45:00,CT-1 ALM,0,good
2026-07-10T15:45:00,PUMP-CHW-1 CMD,0,good
2026-07-10T15:45:00,PUMP-CHW-1 STS,1,good
2026-07-10T15:45:00,PUMP-CHW-1 SPD,20.9,good
2026-07-10T15:45:00,PUMP-CHW-1 DP,10.14,good
2026-07-10T15:45:00,PUMP-CHW-2 CMD,0,good
2026-07-10T15:45:00,PUMP-CHW-2 STS,1,good
2026-07-10T15:45:00,PUMP-CHW-2 SPD,20.9,good
2026-07-10T15:45:00,PUMP-CHW-2 DP,9.73,good
2026-07-10T15:45:00,PUMP-HW-1 CMD,0,good
2026-07-10T15:45:00,PUMP-HW-1 STS,1,good
2026-07-10T15:45:00,PUMP-HW-1 SPD,20.9,good
2026-07-10T15:45:00,PUMP-HW-1 DP,9.82,good
2026-07-10T15:45:00,PUMP-CW-1 CMD,0,good
2026-07-10T15:45:00,PUMP-CW-1 STS,1,good
2026-07-10T15:45:00,PUMP-CW-1 SPD,20.9,good
2026-07-10T15:45:00,PUMP-CW-1 DP,9.9,good
2026-07-10T15:45:00,VAV-101 ZN-T,71.84,good
2026-07-10T15:45:00,VAV-101 ZN-SP,72,good
2026-07-10T15:45:00,VAV-101 DMP-CMD,20.9,good
2026-07-10T15:45:00,VAV-101 DMP-POS,34.82,good
2026-07-10T15:45:00,VAV-101 AIRFLOW,858.88,good
2026-07-10T15:45:00,VAV-101 HTG-CMD,20.9,good
2026-07-10T15:45:00,VAV-102 ZN-T,72.14,good
2026-07-10T15:45:00,VAV-102 ZN-SP,72,good
2026-07-10T15:45:00,VAV-102 DMP-CMD,20.9,good
2026-07-10T15:45:00,VAV-102 DMP-POS,33.76,good
2026-07-10T15:45:00,VAV-102 AIRFLOW,739.69,good
2026-07-10T15:45:00,VAV-201 ZN-T,72.1,good
2026-07-10T15:45:00,VAV-201 ZN-SP,72,good
2026-07-10T15:45:00,VAV-201 DMP-CMD,20.9,good
2026-07-10T15:45:00,VAV-201 DMP-POS,32.76,good
2026-07-10T15:45:00,VAV-201 AIRFLOW,810.33,good
2026-07-10T15:45:00,VAV-201 HTG-CMD,20.9,good
2026-07-10T15:45:00,VAV-202 ZN-T,72.13,good
2026-07-10T15:45:00,VAV-202 ZN-SP,72,good
2026-07-10T15:45:00,VAV-202 DMP-CMD,20.9,good
2026-07-10T15:45:00,VAV-202 DMP-POS,34.63,good
2026-07-10T15:45:00,VAV-202 AIRFLOW,620.94,good
2026-07-10T15:45:00,VAV-203 ZN-T,71.87,good
2026-07-10T15:45:00,VAV-203 ZN-SP,72,good
2026-07-10T15:45:00,VAV-203 DMP-CMD,20.9,good
2026-07-10T15:45:00,VAV-203 DMP-POS,33.83,good
2026-07-10T15:45:00,VAV-203 AIRFLOW,718.62,good
2026-07-10T15:45:00,VAV-203 HTG-CMD,20.9,good
2026-07-10T16:00:00,AHU-1 SAT,53.48,good
2026-07-10T16:00:00,AHU-1 RAT,73.2,good
2026-07-10T16:00:00,AHU-1 MAT,63.19,good
2026-07-10T16:00:00,AHU-1 DAT-SP,55,good
2026-07-10T16:00:00,AHU-1 SF-CMD,0,good
2026-07-10T16:00:00,AHU-1 SF-STS,1,good
2026-07-10T16:00:00,AHU-1 SF-VFD-SPD,19.69,good
2026-07-10T16:00:00,AHU-1 OA-DMP-CMD,19.69,good
2026-07-10T16:00:00,AHU-1 CHW-VLV-CMD,19.69,good
2026-07-10T16:00:00,AHU-1 SAF-ALM,0,good
2026-07-10T16:00:00,AHU-2 SAT,53.51,good
2026-07-10T16:00:00,AHU-2 RAT,73.67,good
2026-07-10T16:00:00,AHU-2 MAT,63.39,good
2026-07-10T16:00:00,AHU-2 DAT-SP,55,good
2026-07-10T16:00:00,AHU-2 SF-CMD,0,good
2026-07-10T16:00:00,AHU-2 SF-STS,1,good
2026-07-10T16:00:00,AHU-2 SF-VFD-SPD,19.69,good
2026-07-10T16:00:00,AHU-2 OA-DMP-CMD,19.69,good
2026-07-10T16:00:00,AHU-2 HW-VLV-CMD,19.69,good
2026-07-10T16:00:00,AHU-2 SMK-ALM,1,good
2026-07-10T16:00:00,RTU-1 SAT,53.65,good
2026-07-10T16:00:00,RTU-1 RAT,73.22,good
2026-07-10T16:00:00,RTU-1 CLG-SP,72,good
2026-07-10T16:00:00,RTU-1 SF-CMD,0,good
2026-07-10T16:00:00,RTU-1 SF-STS,1,good
2026-07-10T16:00:00,RTU-1 HTG-EN,0,good
2026-07-10T16:00:00,RTU-1 CMP-STS,1,good
2026-07-10T16:00:00,RTU-1 FLT-ALM,1,good
2026-07-10T16:00:00,CHLR-1 CHWS,41.28,good
2026-07-10T16:00:00,CHLR-1 CHWR,54.97,good
2026-07-10T16:00:00,CHLR-1 CHW-DP,9.92,good
2026-07-10T16:00:00,CHLR-1 ENABLE,0,good
2026-07-10T16:00:00,CHLR-1 RUN-STS,1,good
2026-07-10T16:00:00,CHLR-1 ALM,0,good
2026-07-10T16:00:00,CHLR-1 LWT-SP,72,good
2026-07-10T16:00:00,CHLR-1 KW,60.19,good
2026-07-10T16:00:00,BLR-1 HWS,165.95,good
2026-07-10T16:00:00,BLR-1 HWR,149.19,good
2026-07-10T16:00:00,BLR-1 HWS-SP,72,good
2026-07-10T16:00:00,BLR-1 ENABLE,0,good
2026-07-10T16:00:00,BLR-1 RUN-STS,1,good
2026-07-10T16:00:00,BLR-1 ALM,0,good
2026-07-10T16:00:00,BLR-1 MOD-CMD,19.69,good
2026-07-10T16:00:00,BLR-1 GAS-PRES,7.16,good
2026-07-10T16:00:00,CT-1 CWS,80.26,good
2026-07-10T16:00:00,CT-1 CWR,89.09,good
2026-07-10T16:00:00,CT-1 FAN-CMD,0,good
2026-07-10T16:00:00,CT-1 FAN-STS,1,good
2026-07-10T16:00:00,CT-1 FAN-SPD,19.69,good
2026-07-10T16:00:00,CT-1 BASIN-LVL,31.94,good
2026-07-10T16:00:00,CT-1 ALM,0,good
2026-07-10T16:00:00,PUMP-CHW-1 CMD,0,good
2026-07-10T16:00:00,PUMP-CHW-1 STS,1,good
2026-07-10T16:00:00,PUMP-CHW-1 SPD,19.69,good
2026-07-10T16:00:00,PUMP-CHW-1 DP,9.81,good
2026-07-10T16:00:00,PUMP-CHW-2 CMD,0,good
2026-07-10T16:00:00,PUMP-CHW-2 STS,1,good
2026-07-10T16:00:00,PUMP-CHW-2 SPD,19.69,good
2026-07-10T16:00:00,PUMP-CHW-2 DP,9.57,good
2026-07-10T16:00:00,PUMP-HW-1 CMD,0,good
2026-07-10T16:00:00,PUMP-HW-1 STS,1,good
2026-07-10T16:00:00,PUMP-HW-1 SPD,19.69,good
2026-07-10T16:00:00,PUMP-HW-1 DP,9.75,good
2026-07-10T16:00:00,PUMP-CW-1 CMD,0,good
2026-07-10T16:00:00,PUMP-CW-1 STS,1,good
2026-07-10T16:00:00,PUMP-CW-1 SPD,19.69,good
2026-07-10T16:00:00,PUMP-CW-1 DP,9.54,good
2026-07-10T16:00:00,VAV-101 ZN-T,71.62,good
2026-07-10T16:00:00,VAV-101 ZN-SP,72,good
2026-07-10T16:00:00,VAV-101 DMP-CMD,19.69,good
2026-07-10T16:00:00,VAV-101 DMP-POS,33.94,good
2026-07-10T16:00:00,VAV-101 AIRFLOW,871.25,good
2026-07-10T16:00:00,VAV-101 HTG-CMD,19.69,good
2026-07-10T16:00:00,VAV-102 ZN-T,71.92,good
2026-07-10T16:00:00,VAV-102 ZN-SP,72,good
2026-07-10T16:00:00,VAV-102 DMP-CMD,19.69,good
2026-07-10T16:00:00,VAV-102 DMP-POS,32.66,good
2026-07-10T16:00:00,VAV-102 AIRFLOW,738.27,good
2026-07-10T16:00:00,VAV-201 ZN-T,71.85,good
2026-07-10T16:00:00,VAV-201 ZN-SP,72,good
2026-07-10T16:00:00,VAV-201 DMP-CMD,19.69,good
2026-07-10T16:00:00,VAV-201 DMP-POS,34.04,good
2026-07-10T16:00:00,VAV-201 AIRFLOW,791.34,good
2026-07-10T16:00:00,VAV-201 HTG-CMD,19.69,good
2026-07-10T16:00:00,VAV-202 ZN-T,71.58,good
2026-07-10T16:00:00,VAV-202 ZN-SP,72,good
2026-07-10T16:00:00,VAV-202 DMP-CMD,19.69,good
2026-07-10T16:00:00,VAV-202 DMP-POS,30.8,good
2026-07-10T16:00:00,VAV-202 AIRFLOW,619.51,good
2026-07-10T16:00:00,VAV-203 ZN-T,71.75,good
2026-07-10T16:00:00,VAV-203 ZN-SP,72,good
2026-07-10T16:00:00,VAV-203 DMP-CMD,19.69,good
2026-07-10T16:00:00,VAV-203 DMP-POS,31.78,good
2026-07-10T16:00:00,VAV-203 AIRFLOW,732.39,good
2026-07-10T16:00:00,VAV-203 HTG-CMD,19.69,good
2026-07-10T16:15:00,AHU-1 SAT,53.46,good
2026-07-10T16:15:00,AHU-1 RAT,73.35,good
2026-07-10T16:15:00,AHU-1 MAT,63.32,good
2026-07-10T16:15:00,AHU-1 DAT-SP,55,good
2026-07-10T16:15:00,AHU-1 SF-CMD,0,good
2026-07-10T16:15:00,AHU-1 SF-STS,1,good
2026-07-10T16:15:00,AHU-1 SF-VFD-SPD,18.61,good
2026-07-10T16:15:00,AHU-1 OA-DMP-CMD,18.61,good
2026-07-10T16:15:00,AHU-1 CHW-VLV-CMD,18.61,good
2026-07-10T16:15:00,AHU-1 SAF-ALM,0,good
2026-07-10T16:15:00,AHU-2 SAT,53.81,good
2026-07-10T16:15:00,AHU-2 RAT,73.42,good
2026-07-10T16:15:00,AHU-2 MAT,62.69,good
2026-07-10T16:15:00,AHU-2 DAT-SP,55,good
2026-07-10T16:15:00,AHU-2 SF-CMD,0,good
2026-07-10T16:15:00,AHU-2 SF-STS,1,good
2026-07-10T16:15:00,AHU-2 SF-VFD-SPD,18.61,good
2026-07-10T16:15:00,AHU-2 OA-DMP-CMD,18.61,good
2026-07-10T16:15:00,AHU-2 HW-VLV-CMD,18.61,good
2026-07-10T16:15:00,AHU-2 SMK-ALM,0,good
2026-07-10T16:15:00,RTU-1 SAT,53.42,good
2026-07-10T16:15:00,RTU-1 RAT,73.6,good
2026-07-10T16:15:00,RTU-1 CLG-SP,72,good
2026-07-10T16:15:00,RTU-1 SF-CMD,0,good
2026-07-10T16:15:00,RTU-1 SF-STS,1,good
2026-07-10T16:15:00,RTU-1 HTG-EN,0,good
2026-07-10T16:15:00,RTU-1 CMP-STS,1,good
2026-07-10T16:15:00,RTU-1 FLT-ALM,0,good
2026-07-10T16:15:00,CHLR-1 CHWS,41.35,good
2026-07-10T16:15:00,CHLR-1 CHWR,55.0,good
2026-07-10T16:15:00,CHLR-1 CHW-DP,9.95,good
2026-07-10T16:15:00,CHLR-1 ENABLE,0,good
2026-07-10T16:15:00,CHLR-1 RUN-STS,1,good
2026-07-10T16:15:00,CHLR-1 ALM,0,good
2026-07-10T16:15:00,CHLR-1 LWT-SP,72,good
2026-07-10T16:15:00,CHLR-1 KW,57.02,good
2026-07-10T16:15:00,BLR-1 HWS,165.93,good
2026-07-10T16:15:00,BLR-1 HWR,148.73,good
2026-07-10T16:15:00,BLR-1 HWS-SP,72,good
2026-07-10T16:15:00,BLR-1 ENABLE,0,good
2026-07-10T16:15:00,BLR-1 RUN-STS,1,good
2026-07-10T16:15:00,BLR-1 ALM,0,good
2026-07-10T16:15:00,BLR-1 MOD-CMD,18.61,good
2026-07-10T16:15:00,BLR-1 GAS-PRES,7.24,good
2026-07-10T16:15:00,CT-1 CWS,79.97,good
2026-07-10T16:15:00,CT-1 CWR,89.38,good
2026-07-10T16:15:00,CT-1 FAN-CMD,0,good
2026-07-10T16:15:00,CT-1 FAN-STS,1,good
2026-07-10T16:15:00,CT-1 FAN-SPD,18.61,good
2026-07-10T16:15:00,CT-1 BASIN-LVL,33.07,good
2026-07-10T16:15:00,CT-1 ALM,0,good
2026-07-10T16:15:00,PUMP-CHW-1 CMD,0,good
2026-07-10T16:15:00,PUMP-CHW-1 STS,1,good
2026-07-10T16:15:00,PUMP-CHW-1 SPD,18.61,good
2026-07-10T16:15:00,PUMP-CHW-1 DP,9.64,good
2026-07-10T16:15:00,PUMP-CHW-2 CMD,0,good
2026-07-10T16:15:00,PUMP-CHW-2 STS,1,good
2026-07-10T16:15:00,PUMP-CHW-2 SPD,18.61,good
2026-07-10T16:15:00,PUMP-CHW-2 DP,10.06,good
2026-07-10T16:15:00,PUMP-HW-1 CMD,0,good
2026-07-10T16:15:00,PUMP-HW-1 STS,1,good
2026-07-10T16:15:00,PUMP-HW-1 SPD,18.61,good
2026-07-10T16:15:00,PUMP-HW-1 DP,9.73,good
2026-07-10T16:15:00,PUMP-CW-1 CMD,0,good
2026-07-10T16:15:00,PUMP-CW-1 STS,1,good
2026-07-10T16:15:00,PUMP-CW-1 SPD,18.61,good
2026-07-10T16:15:00,PUMP-CW-1 DP,9.67,good
2026-07-10T16:15:00,VAV-101 ZN-T,72.05,good
2026-07-10T16:15:00,VAV-101 ZN-SP,72,good
2026-07-10T16:15:00,VAV-101 DMP-CMD,18.61,good
2026-07-10T16:15:00,VAV-101 DMP-POS,31.82,good
2026-07-10T16:15:00,VAV-101 AIRFLOW,867.92,good
2026-07-10T16:15:00,VAV-101 HTG-CMD,18.61,good
2026-07-10T16:15:00,VAV-102 ZN-T,72.02,good
2026-07-10T16:15:00,VAV-102 ZN-SP,72,good
2026-07-10T16:15:00,VAV-102 DMP-CMD,18.61,good
2026-07-10T16:15:00,VAV-102 DMP-POS,31.01,good
2026-07-10T16:15:00,VAV-102 AIRFLOW,739.42,good
2026-07-10T16:15:00,VAV-201 ZN-T,71.87,good
2026-07-10T16:15:00,VAV-201 ZN-SP,72,good
2026-07-10T16:15:00,VAV-201 DMP-CMD,18.61,good
2026-07-10T16:15:00,VAV-201 DMP-POS,31.47,good
2026-07-10T16:15:00,VAV-201 AIRFLOW,796.01,good
2026-07-10T16:15:00,VAV-201 HTG-CMD,18.61,good
2026-07-10T16:15:00,VAV-202 ZN-T,71.9,good
2026-07-10T16:15:00,VAV-202 ZN-SP,72,good
2026-07-10T16:15:00,VAV-202 DMP-CMD,18.61,good
2026-07-10T16:15:00,VAV-202 DMP-POS,30.73,good
2026-07-10T16:15:00,VAV-202 AIRFLOW,591.4,good
2026-07-10T16:15:00,VAV-203 ZN-T,71.56,good
2026-07-10T16:15:00,VAV-203 ZN-SP,72,good
2026-07-10T16:15:00,VAV-203 DMP-CMD,18.61,good
2026-07-10T16:15:00,VAV-203 DMP-POS,30.89,good
2026-07-10T16:15:00,VAV-203 AIRFLOW,709.37,good
2026-07-10T16:15:00,VAV-203 HTG-CMD,18.61,good
2026-07-10T16:30:00,AHU-1 SAT,53.52,good
2026-07-10T16:30:00,AHU-1 RAT,73.09,good
2026-07-10T16:30:00,AHU-1 MAT,62.83,good
2026-07-10T16:30:00,AHU-1 DAT-SP,55,good
2026-07-10T16:30:00,AHU-1 SF-CMD,0,good
2026-07-10T16:30:00,AHU-1 SF-STS,1,good
2026-07-10T16:30:00,AHU-1 SF-VFD-SPD,17.66,good
2026-07-10T16:30:00,AHU-1 OA-DMP-CMD,17.66,good
2026-07-10T16:30:00,AHU-1 CHW-VLV-CMD,17.66,good
2026-07-10T16:30:00,AHU-1 SAF-ALM,0,good
2026-07-10T16:30:00,AHU-2 SAT,53.51,good
2026-07-10T16:30:00,AHU-2 RAT,73.42,good
2026-07-10T16:30:00,AHU-2 MAT,62.58,good
2026-07-10T16:30:00,AHU-2 DAT-SP,55,good
2026-07-10T16:30:00,AHU-2 SF-CMD,0,good
2026-07-10T16:30:00,AHU-2 SF-STS,1,good
2026-07-10T16:30:00,AHU-2 SF-VFD-SPD,17.66,good
2026-07-10T16:30:00,AHU-2 OA-DMP-CMD,17.66,good
2026-07-10T16:30:00,AHU-2 HW-VLV-CMD,17.66,good
2026-07-10T16:30:00,AHU-2 SMK-ALM,0,good
2026-07-10T16:30:00,RTU-1 SAT,53.47,good
2026-07-10T16:30:00,RTU-1 RAT,73.55,good
2026-07-10T16:30:00,RTU-1 CLG-SP,72,good
2026-07-10T16:30:00,RTU-1 SF-CMD,0,good
2026-07-10T16:30:00,RTU-1 SF-STS,1,good
2026-07-10T16:30:00,RTU-1 HTG-EN,0,good
2026-07-10T16:30:00,RTU-1 CMP-STS,1,good
2026-07-10T16:30:00,RTU-1 FLT-ALM,0,good
2026-07-10T16:30:00,CHLR-1 CHWS,41.36,good
2026-07-10T16:30:00,CHLR-1 CHWR,55.08,good
2026-07-10T16:30:00,CHLR-1 CHW-DP,9.45,good
2026-07-10T16:30:00,CHLR-1 ENABLE,0,good
2026-07-10T16:30:00,CHLR-1 RUN-STS,1,good
2026-07-10T16:30:00,CHLR-1 ALM,0,good
2026-07-10T16:30:00,CHLR-1 LWT-SP,72,good
2026-07-10T16:30:00,CHLR-1 KW,60.22,good
2026-07-10T16:30:00,BLR-1 HWS,165.92,good
2026-07-10T16:30:00,BLR-1 HWR,148.93,good
2026-07-10T16:30:00,BLR-1 HWS-SP,72,good
2026-07-10T16:30:00,BLR-1 ENABLE,0,good
2026-07-10T16:30:00,BLR-1 RUN-STS,1,good
2026-07-10T16:30:00,BLR-1 ALM,0,good
2026-07-10T16:30:00,BLR-1 MOD-CMD,17.66,good
2026-07-10T16:30:00,BLR-1 GAS-PRES,7.23,good
2026-07-10T16:30:00,CT-1 CWS,80.37,good
2026-07-10T16:30:00,CT-1 CWR,88.85,good
2026-07-10T16:30:00,CT-1 FAN-CMD,0,good
2026-07-10T16:30:00,CT-1 FAN-STS,1,good
2026-07-10T16:30:00,CT-1 FAN-SPD,17.66,good
2026-07-10T16:30:00,CT-1 BASIN-LVL,32.99,good
2026-07-10T16:30:00,CT-1 ALM,0,good
2026-07-10T16:30:00,PUMP-CHW-1 CMD,0,good
2026-07-10T16:30:00,PUMP-CHW-1 STS,1,good
2026-07-10T16:30:00,PUMP-CHW-1 SPD,17.66,good
2026-07-10T16:30:00,PUMP-CHW-1 DP,9.54,good
2026-07-10T16:30:00,PUMP-CHW-2 CMD,0,good
2026-07-10T16:30:00,PUMP-CHW-2 STS,1,good
2026-07-10T16:30:00,PUMP-CHW-2 SPD,17.66,good
2026-07-10T16:30:00,PUMP-CHW-2 DP,9.82,good
2026-07-10T16:30:00,PUMP-HW-1 CMD,0,good
2026-07-10T16:30:00,PUMP-HW-1 STS,1,good
2026-07-10T16:30:00,PUMP-HW-1 SPD,17.66,good
2026-07-10T16:30:00,PUMP-HW-1 DP,9.89,good
2026-07-10T16:30:00,PUMP-CW-1 CMD,0,good
2026-07-10T16:30:00,PUMP-CW-1 STS,1,good
2026-07-10T16:30:00,PUMP-CW-1 SPD,17.66,good
2026-07-10T16:30:00,PUMP-CW-1 DP,9.85,good
2026-07-10T16:30:00,VAV-101 ZN-T,71.82,good
2026-07-10T16:30:00,VAV-101 ZN-SP,72,good
2026-07-10T16:30:00,VAV-101 DMP-CMD,17.66,good
2026-07-10T16:30:00,VAV-101 DMP-POS,31.48,good
2026-07-10T16:30:00,VAV-101 AIRFLOW,847.29,good
2026-07-10T16:30:00,VAV-101 HTG-CMD,17.66,good
2026-07-10T16:30:00,VAV-102 ZN-T,71.5,good
2026-07-10T16:30:00,VAV-102 ZN-SP,72,good
2026-07-10T16:30:00,VAV-102 DMP-CMD,17.66,good
2026-07-10T16:30:00,VAV-102 DMP-POS,31.18,good
2026-07-10T16:30:00,VAV-102 AIRFLOW,721.67,good
2026-07-10T16:30:00,VAV-201 ZN-T,71.79,good
2026-07-10T16:30:00,VAV-201 ZN-SP,72,good
2026-07-10T16:30:00,VAV-201 DMP-CMD,17.66,good
2026-07-10T16:30:00,VAV-201 DMP-POS,33.04,good
2026-07-10T16:30:00,VAV-201 AIRFLOW,767.61,good
2026-07-10T16:30:00,VAV-201 HTG-CMD,17.66,good
2026-07-10T16:30:00,VAV-202 ZN-T,71.69,good
2026-07-10T16:30:00,VAV-202 ZN-SP,72,good
2026-07-10T16:30:00,VAV-202 DMP-CMD,17.66,good
2026-07-10T16:30:00,VAV-202 DMP-POS,30.64,good
2026-07-10T16:30:00,VAV-202 AIRFLOW,620.45,good
2026-07-10T16:30:00,VAV-203 ZN-T,71.58,good
2026-07-10T16:30:00,VAV-203 ZN-SP,72,good
2026-07-10T16:30:00,VAV-203 DMP-CMD,17.66,good
2026-07-10T16:30:00,VAV-203 DMP-POS,33.32,good
2026-07-10T16:30:00,VAV-203 AIRFLOW,716.68,good
2026-07-10T16:30:00,VAV-203 HTG-CMD,17.66,good
2026-07-10T16:45:00,AHU-1 SAT,53.28,good
2026-07-10T16:45:00,AHU-1 RAT,73.36,good
2026-07-10T16:45:00,AHU-1 MAT,62.75,good
2026-07-10T16:45:00,AHU-1 DAT-SP,55,good
2026-07-10T16:45:00,AHU-1 SF-CMD,0,good
2026-07-10T16:45:00,AHU-1 SF-STS,1,good
2026-07-10T16:45:00,AHU-1 SF-VFD-SPD,16.86,good
2026-07-10T16:45:00,AHU-1 OA-DMP-CMD,16.86,good
2026-07-10T16:45:00,AHU-1 CHW-VLV-CMD,16.86,good
2026-07-10T16:45:00,AHU-1 SAF-ALM,0,good
2026-07-10T16:45:00,AHU-2 SAT,53.72,good
2026-07-10T16:45:00,AHU-2 RAT,73.11,good
2026-07-10T16:45:00,AHU-2 MAT,62.68,good
2026-07-10T16:45:00,AHU-2 DAT-SP,55,good
2026-07-10T16:45:00,AHU-2 SF-CMD,0,good
2026-07-10T16:45:00,AHU-2 SF-STS,1,good
2026-07-10T16:45:00,AHU-2 SF-VFD-SPD,16.86,good
2026-07-10T16:45:00,AHU-2 OA-DMP-CMD,16.86,good
2026-07-10T16:45:00,AHU-2 HW-VLV-CMD,16.86,good
2026-07-10T16:45:00,AHU-2 SMK-ALM,0,good
2026-07-10T16:45:00,RTU-1 SAT,53.49,good
2026-07-10T16:45:00,RTU-1 RAT,72.79,good
2026-07-10T16:45:00,RTU-1 CLG-SP,72,good
2026-07-10T16:45:00,RTU-1 SF-CMD,0,good
2026-07-10T16:45:00,RTU-1 SF-STS,1,good
2026-07-10T16:45:00,RTU-1 HTG-EN,0,good
2026-07-10T16:45:00,RTU-1 CMP-STS,1,good
2026-07-10T16:45:00,RTU-1 FLT-ALM,0,good
2026-07-10T16:45:00,CHLR-1 CHWS,41.25,good
2026-07-10T16:45:00,CHLR-1 CHWR,54.85,good
2026-07-10T16:45:00,CHLR-1 CHW-DP,9.59,good
2026-07-10T16:45:00,CHLR-1 ENABLE,0,good
2026-07-10T16:45:00,CHLR-1 RUN-STS,1,good
2026-07-10T16:45:00,CHLR-1 ALM,0,good
2026-07-10T16:45:00,CHLR-1 LWT-SP,72,good
2026-07-10T16:45:00,CHLR-1 KW,56.8,good
2026-07-10T16:45:00,BLR-1 HWS,165.45,good
2026-07-10T16:45:00,BLR-1 HWR,148.77,good
2026-07-10T16:45:00,BLR-1 HWS-SP,72,good
2026-07-10T16:45:00,BLR-1 ENABLE,0,good
2026-07-10T16:45:00,BLR-1 RUN-STS,1,good
2026-07-10T16:45:00,BLR-1 ALM,0,good
2026-07-10T16:45:00,BLR-1 MOD-CMD,16.86,good
2026-07-10T16:45:00,BLR-1 GAS-PRES,7.09,good
2026-07-10T16:45:00,CT-1 CWS,80.15,good
2026-07-10T16:45:00,CT-1 CWR,89.02,good
2026-07-10T16:45:00,CT-1 FAN-CMD,0,good
2026-07-10T16:45:00,CT-1 FAN-STS,1,good
2026-07-10T16:45:00,CT-1 FAN-SPD,16.86,good
2026-07-10T16:45:00,CT-1 BASIN-LVL,31.0,good
2026-07-10T16:45:00,CT-1 ALM,0,good
2026-07-10T16:45:00,PUMP-CHW-1 CMD,0,good
2026-07-10T16:45:00,PUMP-CHW-1 STS,1,good
2026-07-10T16:45:00,PUMP-CHW-1 SPD,16.86,good
2026-07-10T16:45:00,PUMP-CHW-1 DP,9.54,good
2026-07-10T16:45:00,PUMP-CHW-2 CMD,0,good
2026-07-10T16:45:00,PUMP-CHW-2 STS,1,good
2026-07-10T16:45:00,PUMP-CHW-2 SPD,16.86,good
2026-07-10T16:45:00,PUMP-CHW-2 DP,9.74,good
2026-07-10T16:45:00,PUMP-HW-1 CMD,0,good
2026-07-10T16:45:00,PUMP-HW-1 STS,1,good
2026-07-10T16:45:00,PUMP-HW-1 SPD,16.86,good
2026-07-10T16:45:00,PUMP-HW-1 DP,9.36,good
2026-07-10T16:45:00,PUMP-CW-1 CMD,0,good
2026-07-10T16:45:00,PUMP-CW-1 STS,1,good
2026-07-10T16:45:00,PUMP-CW-1 SPD,16.86,good
2026-07-10T16:45:00,PUMP-CW-1 DP,9.39,good
2026-07-10T16:45:00,VAV-101 ZN-T,71.79,good
2026-07-10T16:45:00,VAV-101 ZN-SP,72,good
2026-07-10T16:45:00,VAV-101 DMP-CMD,16.86,good
2026-07-10T16:45:00,VAV-101 DMP-POS,30.9,good
2026-07-10T16:45:00,VAV-101 AIRFLOW,825.77,good
2026-07-10T16:45:00,VAV-101 HTG-CMD,16.86,good
2026-07-10T16:45:00,VAV-102 ZN-T,71.85,good
2026-07-10T16:45:00,VAV-102 ZN-SP,72,good
2026-07-10T16:45:00,VAV-102 DMP-CMD,16.86,good
2026-07-10T16:45:00,VAV-102 DMP-POS,30.83,good
2026-07-10T16:45:00,VAV-102 AIRFLOW,700.71,good
2026-07-10T16:45:00,VAV-201 ZN-T,71.93,good
2026-07-10T16:45:00,VAV-201 ZN-SP,72,good
2026-07-10T16:45:00,VAV-201 DMP-CMD,16.86,good
2026-07-10T16:45:00,VAV-201 DMP-POS,29.87,good
2026-07-10T16:45:00,VAV-201 AIRFLOW,788.29,good
2026-07-10T16:45:00,VAV-201 HTG-CMD,16.86,good
2026-07-10T16:45:00,VAV-202 ZN-T,71.27,good
2026-07-10T16:45:00,VAV-202 ZN-SP,72,good
2026-07-10T16:45:00,VAV-202 DMP-CMD,16.86,good
2026-07-10T16:45:00,VAV-202 DMP-POS,31.66,good
2026-07-10T16:45:00,VAV-202 AIRFLOW,586.93,good
2026-07-10T16:45:00,VAV-203 ZN-T,71.91,good
2026-07-10T16:45:00,VAV-203 ZN-SP,72,good
2026-07-10T16:45:00,VAV-203 DMP-CMD,16.86,good
2026-07-10T16:45:00,VAV-203 DMP-POS,30.16,good
2026-07-10T16:45:00,VAV-203 AIRFLOW,726.87,good
2026-07-10T16:45:00,VAV-203 HTG-CMD,16.86,good
2026-07-10T17:00:00,AHU-1 SAT,53.4,good
2026-07-10T17:00:00,AHU-1 RAT,72.92,good
2026-07-10T17:00:00,AHU-1 MAT,62.67,good
2026-07-10T17:00:00,AHU-1 DAT-SP,55,good
2026-07-10T17:00:00,AHU-1 SF-CMD,0,good
2026-07-10T17:00:00,AHU-1 SF-STS,1,good
2026-07-10T17:00:00,AHU-1 SF-VFD-SPD,16.19,good
2026-07-10T17:00:00,AHU-1 OA-DMP-CMD,16.19,good
2026-07-10T17:00:00,AHU-1 CHW-VLV-CMD,16.19,good
2026-07-10T17:00:00,AHU-1 SAF-ALM,0,good
2026-07-10T17:00:00,AHU-2 SAT,53.35,good
2026-07-10T17:00:00,AHU-2 RAT,72.94,good
2026-07-10T17:00:00,AHU-2 MAT,62.07,good
2026-07-10T17:00:00,AHU-2 DAT-SP,55,good
2026-07-10T17:00:00,AHU-2 SF-CMD,0,good
2026-07-10T17:00:00,AHU-2 SF-STS,1,good
2026-07-10T17:00:00,AHU-2 SF-VFD-SPD,16.19,good
2026-07-10T17:00:00,AHU-2 OA-DMP-CMD,16.19,good
2026-07-10T17:00:00,AHU-2 HW-VLV-CMD,16.19,good
2026-07-10T17:00:00,AHU-2 SMK-ALM,0,good
2026-07-10T17:00:00,RTU-1 SAT,53.67,good
2026-07-10T17:00:00,RTU-1 RAT,72.81,good
2026-07-10T17:00:00,RTU-1 CLG-SP,72,good
2026-07-10T17:00:00,RTU-1 SF-CMD,0,good
2026-07-10T17:00:00,RTU-1 SF-STS,1,good
2026-07-10T17:00:00,RTU-1 HTG-EN,0,good
2026-07-10T17:00:00,RTU-1 CMP-STS,1,good
2026-07-10T17:00:00,RTU-1 FLT-ALM,0,good
2026-07-10T17:00:00,CHLR-1 CHWS,41.26,good
2026-07-10T17:00:00,CHLR-1 CHWR,55.01,good
2026-07-10T17:00:00,CHLR-1 CHW-DP,9.29,good
2026-07-10T17:00:00,CHLR-1 ENABLE,0,good
2026-07-10T17:00:00,CHLR-1 RUN-STS,1,good
2026-07-10T17:00:00,CHLR-1 ALM,0,good
2026-07-10T17:00:00,CHLR-1 LWT-SP,72,good
2026-07-10T17:00:00,CHLR-1 KW,57.52,good
2026-07-10T17:00:00,BLR-1 HWS,165.29,good
2026-07-10T17:00:00,BLR-1 HWR,148.2,good
2026-07-10T17:00:00,BLR-1 HWS-SP,72,good
2026-07-10T17:00:00,BLR-1 ENABLE,0,good
2026-07-10T17:00:00,BLR-1 RUN-STS,1,good
2026-07-10T17:00:00,BLR-1 ALM,0,good
2026-07-10T17:00:00,BLR-1 MOD-CMD,16.19,good
2026-07-10T17:00:00,BLR-1 GAS-PRES,7.15,good
2026-07-10T17:00:00,CT-1 CWS,79.77,good
2026-07-10T17:00:00,CT-1 CWR,89.0,good
2026-07-10T17:00:00,CT-1 FAN-CMD,0,good
2026-07-10T17:00:00,CT-1 FAN-STS,1,good
2026-07-10T17:00:00,CT-1 FAN-SPD,16.19,good
2026-07-10T17:00:00,CT-1 BASIN-LVL,31.95,good
2026-07-10T17:00:00,CT-1 ALM,0,good
2026-07-10T17:00:00,PUMP-CHW-1 CMD,0,good
2026-07-10T17:00:00,PUMP-CHW-1 STS,1,good
2026-07-10T17:00:00,PUMP-CHW-1 SPD,16.19,good
2026-07-10T17:00:00,PUMP-CHW-1 DP,9.88,good
2026-07-10T17:00:00,PUMP-CHW-2 CMD,0,good
2026-07-10T17:00:00,PUMP-CHW-2 STS,1,good
2026-07-10T17:00:00,PUMP-CHW-2 SPD,16.19,good
2026-07-10T17:00:00,PUMP-CHW-2 DP,9.54,good
2026-07-10T17:00:00,PUMP-HW-1 CMD,0,good
2026-07-10T17:00:00,PUMP-HW-1 STS,1,good
2026-07-10T17:00:00,PUMP-HW-1 SPD,16.19,good
2026-07-10T17:00:00,PUMP-HW-1 DP,9.36,good
2026-07-10T17:00:00,PUMP-CW-1 CMD,0,good
2026-07-10T17:00:00,PUMP-CW-1 STS,1,good
2026-07-10T17:00:00,PUMP-CW-1 SPD,16.19,good
2026-07-10T17:00:00,PUMP-CW-1 DP,9.33,good
2026-07-10T17:00:00,VAV-101 ZN-T,71.36,good
2026-07-10T17:00:00,VAV-101 ZN-SP,72,good
2026-07-10T17:00:00,VAV-101 DMP-CMD,16.19,good
2026-07-10T17:00:00,VAV-101 DMP-POS,31.6,good
2026-07-10T17:00:00,VAV-101 AIRFLOW,822.11,good
2026-07-10T17:00:00,VAV-101 HTG-CMD,16.19,good
2026-07-10T17:00:00,VAV-102 ZN-T,71.3,good
2026-07-10T17:00:00,VAV-102 ZN-SP,72,good
2026-07-10T17:00:00,VAV-102 DMP-CMD,16.19,good
2026-07-10T17:00:00,VAV-102 DMP-POS,32.21,good
2026-07-10T17:00:00,VAV-102 AIRFLOW,703.78,good
2026-07-10T17:00:00,VAV-201 ZN-T,71.67,good
2026-07-10T17:00:00,VAV-201 ZN-SP,72,good
2026-07-10T17:00:00,VAV-201 DMP-CMD,16.19,good
2026-07-10T17:00:00,VAV-201 DMP-POS,31.69,good
2026-07-10T17:00:00,VAV-201 AIRFLOW,763.48,good
2026-07-10T17:00:00,VAV-201 HTG-CMD,16.19,good
2026-07-10T17:00:00,VAV-202 ZN-T,71.85,good
2026-07-10T17:00:00,VAV-202 ZN-SP,72,good
2026-07-10T17:00:00,VAV-202 DMP-CMD,16.19,good
2026-07-10T17:00:00,VAV-202 DMP-POS,29.25,good
2026-07-10T17:00:00,VAV-202 AIRFLOW,599.8,good
2026-07-10T17:00:00,VAV-203 ZN-T,71.06,good
2026-07-10T17:00:00,VAV-203 ZN-SP,72,good
2026-07-10T17:00:00,VAV-203 DMP-CMD,16.19,good
2026-07-10T17:00:00,VAV-203 DMP-POS,31.28,good
2026-07-10T17:00:00,VAV-203 AIRFLOW,715.9,good
2026-07-10T17:00:00,VAV-203 HTG-CMD,16.19,good
2026-07-10T17:15:00,AHU-1 SAT,53.66,good
2026-07-10T17:15:00,AHU-1 RAT,73.02,good
2026-07-10T17:15:00,AHU-1 MAT,61.69,good
2026-07-10T17:15:00,AHU-1 DAT-SP,55,good
2026-07-10T17:15:00,AHU-1 SF-CMD,0,good
2026-07-10T17:15:00,AHU-1 SF-STS,1,good
2026-07-10T17:15:00,AHU-1 SF-VFD-SPD,15.67,good
2026-07-10T17:15:00,AHU-1 OA-DMP-CMD,15.67,good
2026-07-10T17:15:00,AHU-1 CHW-VLV-CMD,15.67,good
2026-07-10T17:15:00,AHU-1 SAF-ALM,0,good
2026-07-10T17:15:00,AHU-2 SAT,53.48,good
2026-07-10T17:15:00,AHU-2 RAT,73.06,good
2026-07-10T17:15:00,AHU-2 MAT,62.4,good
2026-07-10T17:15:00,AHU-2 DAT-SP,55,good
2026-07-10T17:15:00,AHU-2 SF-CMD,0,good
2026-07-10T17:15:00,AHU-2 SF-STS,1,good
2026-07-10T17:15:00,AHU-2 SF-VFD-SPD,15.67,good
2026-07-10T17:15:00,AHU-2 OA-DMP-CMD,15.67,good
2026-07-10T17:15:00,AHU-2 HW-VLV-CMD,15.67,good
2026-07-10T17:15:00,AHU-2 SMK-ALM,0,good
2026-07-10T17:15:00,RTU-1 SAT,53.28,good
2026-07-10T17:15:00,RTU-1 RAT,72.59,good
2026-07-10T17:15:00,RTU-1 CLG-SP,72,good
2026-07-10T17:15:00,RTU-1 SF-CMD,0,good
2026-07-10T17:15:00,RTU-1 SF-STS,1,good
2026-07-10T17:15:00,RTU-1 HTG-EN,0,good
2026-07-10T17:15:00,RTU-1 CMP-STS,1,good
2026-07-10T17:15:00,RTU-1 FLT-ALM,0,good
2026-07-10T17:15:00,CHLR-1 CHWS,41.27,good
2026-07-10T17:15:00,CHLR-1 CHWR,54.93,good
2026-07-10T17:15:00,CHLR-1 CHW-DP,9.48,good
2026-07-10T17:15:00,CHLR-1 ENABLE,0,good
2026-07-10T17:15:00,CHLR-1 RUN-STS,1,good
2026-07-10T17:15:00,CHLR-1 ALM,0,good
2026-07-10T17:15:00,CHLR-1 LWT-SP,72,good
2026-07-10T17:15:00,CHLR-1 KW,59.2,good
2026-07-10T17:15:00,BLR-1 HWS,165.4,good
2026-07-10T17:15:00,BLR-1 HWR,148.06,good
2026-07-10T17:15:00,BLR-1 HWS-SP,72,good
2026-07-10T17:15:00,BLR-1 ENABLE,0,good
2026-07-10T17:15:00,BLR-1 RUN-STS,1,good
2026-07-10T17:15:00,BLR-1 ALM,0,good
2026-07-10T17:15:00,BLR-1 MOD-CMD,15.67,good
2026-07-10T17:15:00,BLR-1 GAS-PRES,7.06,good
2026-07-10T17:15:00,CT-1 CWS,79.79,good
2026-07-10T17:15:00,CT-1 CWR,88.83,good
2026-07-10T17:15:00,CT-1 FAN-CMD,0,good
2026-07-10T17:15:00,CT-1 FAN-STS,1,good
2026-07-10T17:15:00,CT-1 FAN-SPD,15.67,good
2026-07-10T17:15:00,CT-1 BASIN-LVL,30.78,good
2026-07-10T17:15:00,CT-1 ALM,0,good
2026-07-10T17:15:00,PUMP-CHW-1 CMD,0,good
2026-07-10T17:15:00,PUMP-CHW-1 STS,1,good
2026-07-10T17:15:00,PUMP-CHW-1 SPD,15.67,good
2026-07-10T17:15:00,PUMP-CHW-1 DP,9.61,good
2026-07-10T17:15:00,PUMP-CHW-2 CMD,0,good
2026-07-10T17:15:00,PUMP-CHW-2 STS,1,good
2026-07-10T17:15:00,PUMP-CHW-2 SPD,15.67,good
2026-07-10T17:15:00,PUMP-CHW-2 DP,9.72,good
2026-07-10T17:15:00,PUMP-HW-1 CMD,0,good
2026-07-10T17:15:00,PUMP-HW-1 STS,1,good
2026-07-10T17:15:00,PUMP-HW-1 SPD,15.67,good
2026-07-10T17:15:00,PUMP-HW-1 DP,9.66,good
2026-07-10T17:15:00,PUMP-CW-1 CMD,0,good
2026-07-10T17:15:00,PUMP-CW-1 STS,1,good
2026-07-10T17:15:00,PUMP-CW-1 SPD,15.67,good
2026-07-10T17:15:00,PUMP-CW-1 DP,9.76,good
2026-07-10T17:15:00,VAV-101 ZN-T,71.47,good
2026-07-10T17:15:00,VAV-101 ZN-SP,72,good
2026-07-10T17:15:00,VAV-101 DMP-CMD,15.67,good
2026-07-10T17:15:00,VAV-101 DMP-POS,29.59,good
2026-07-10T17:15:00,VAV-101 AIRFLOW,836.53,good
2026-07-10T17:15:00,VAV-101 HTG-CMD,15.67,good
2026-07-10T17:15:00,VAV-102 ZN-T,71.35,good
2026-07-10T17:15:00,VAV-102 ZN-SP,72,good
2026-07-10T17:15:00,VAV-102 DMP-CMD,15.67,good
2026-07-10T17:15:00,VAV-102 DMP-POS,31.38,good
2026-07-10T17:15:00,VAV-102 AIRFLOW,708.24,good
2026-07-10T17:15:00,VAV-201 ZN-T,70.99,good
2026-07-10T17:15:00,VAV-201 ZN-SP,72,good
2026-07-10T17:15:00,VAV-201 DMP-CMD,15.67,good
2026-07-10T17:15:00,VAV-201 DMP-POS,31.98,good
2026-07-10T17:15:00,VAV-201 AIRFLOW,794.31,good
2026-07-10T17:15:00,VAV-201 HTG-CMD,15.67,good
2026-07-10T17:15:00,VAV-202 ZN-T,71.34,good
2026-07-10T17:15:00,VAV-202 ZN-SP,72,good
2026-07-10T17:15:00,VAV-202 DMP-CMD,15.67,good
2026-07-10T17:15:00,VAV-202 DMP-POS,28.84,good
2026-07-10T17:15:00,VAV-202 AIRFLOW,597.0,good
2026-07-10T17:15:00,VAV-203 ZN-T,71.42,good
2026-07-10T17:15:00,VAV-203 ZN-SP,72,good
2026-07-10T17:15:00,VAV-203 DMP-CMD,15.67,good
2026-07-10T17:15:00,VAV-203 DMP-POS,30.5,good
2026-07-10T17:15:00,VAV-203 AIRFLOW,735.53,good
2026-07-10T17:15:00,VAV-203 HTG-CMD,15.67,good
2026-07-10T17:30:00,AHU-1 SAT,53.8,good
2026-07-10T17:30:00,AHU-1 RAT,73.15,good
2026-07-10T17:30:00,AHU-1 MAT,61.46,good
2026-07-10T17:30:00,AHU-1 DAT-SP,55,good
2026-07-10T17:30:00,AHU-1 SF-CMD,0,good
2026-07-10T17:30:00,AHU-1 SF-STS,1,good
2026-07-10T17:30:00,AHU-1 SF-VFD-SPD,15.3,good
2026-07-10T17:30:00,AHU-1 OA-DMP-CMD,15.3,good
2026-07-10T17:30:00,AHU-1 CHW-VLV-CMD,15.3,good
2026-07-10T17:30:00,AHU-1 SAF-ALM,0,good
2026-07-10T17:30:00,AHU-2 SAT,53.73,good
2026-07-10T17:30:00,AHU-2 RAT,72.86,good
2026-07-10T17:30:00,AHU-2 MAT,61.69,good
2026-07-10T17:30:00,AHU-2 DAT-SP,55,good
2026-07-10T17:30:00,AHU-2 SF-CMD,0,good
2026-07-10T17:30:00,AHU-2 SF-STS,1,good
2026-07-10T17:30:00,AHU-2 SF-VFD-SPD,15.3,good
2026-07-10T17:30:00,AHU-2 OA-DMP-CMD,15.3,good
2026-07-10T17:30:00,AHU-2 HW-VLV-CMD,15.3,good
2026-07-10T17:30:00,AHU-2 SMK-ALM,0,good
2026-07-10T17:30:00,RTU-1 SAT,53.62,good
2026-07-10T17:30:00,RTU-1 RAT,73.02,good
2026-07-10T17:30:00,RTU-1 CLG-SP,72,good
2026-07-10T17:30:00,RTU-1 SF-CMD,0,good
2026-07-10T17:30:00,RTU-1 SF-STS,1,good
2026-07-10T17:30:00,RTU-1 HTG-EN,0,good
2026-07-10T17:30:00,RTU-1 CMP-STS,1,good
2026-07-10T17:30:00,RTU-1 FLT-ALM,0,good
2026-07-10T17:30:00,CHLR-1 CHWS,41.3,good
2026-07-10T17:30:00,CHLR-1 CHWR,54.97,good
2026-07-10T17:30:00,CHLR-1 CHW-DP,9.23,good
2026-07-10T17:30:00,CHLR-1 ENABLE,0,good
2026-07-10T17:30:00,CHLR-1 RUN-STS,1,good
2026-07-10T17:30:00,CHLR-1 ALM,0,good
2026-07-10T17:30:00,CHLR-1 LWT-SP,72,good
2026-07-10T17:30:00,CHLR-1 KW,55.42,good
2026-07-10T17:30:00,BLR-1 HWS,165.33,good
2026-07-10T17:30:00,BLR-1 HWR,147.91,good
2026-07-10T17:30:00,BLR-1 HWS-SP,72,good
2026-07-10T17:30:00,BLR-1 ENABLE,0,good
2026-07-10T17:30:00,BLR-1 RUN-STS,1,good
2026-07-10T17:30:00,BLR-1 ALM,0,good
2026-07-10T17:30:00,BLR-1 MOD-CMD,15.3,good
2026-07-10T17:30:00,BLR-1 GAS-PRES,7.02,good
2026-07-10T17:30:00,CT-1 CWS,80.19,good
2026-07-10T17:30:00,CT-1 CWR,88.73,good
2026-07-10T17:30:00,CT-1 FAN-CMD,0,good
2026-07-10T17:30:00,CT-1 FAN-STS,1,good
2026-07-10T17:30:00,CT-1 FAN-SPD,15.3,good
2026-07-10T17:30:00,CT-1 BASIN-LVL,30.69,good
2026-07-10T17:30:00,CT-1 ALM,0,good
2026-07-10T17:30:00,PUMP-CHW-1 CMD,0,good
2026-07-10T17:30:00,PUMP-CHW-1 STS,1,good
2026-07-10T17:30:00,PUMP-CHW-1 SPD,15.3,good
2026-07-10T17:30:00,PUMP-CHW-1 DP,9.52,good
2026-07-10T17:30:00,PUMP-CHW-2 CMD,0,good
2026-07-10T17:30:00,PUMP-CHW-2 STS,1,good
2026-07-10T17:30:00,PUMP-CHW-2 SPD,15.3,good
2026-07-10T17:30:00,PUMP-CHW-2 DP,9.47,good
2026-07-10T17:30:00,PUMP-HW-1 CMD,0,good
2026-07-10T17:30:00,PUMP-HW-1 STS,1,good
2026-07-10T17:30:00,PUMP-HW-1 SPD,15.3,good
2026-07-10T17:30:00,PUMP-HW-1 DP,9.64,good
2026-07-10T17:30:00,PUMP-CW-1 CMD,0,good
2026-07-10T17:30:00,PUMP-CW-1 STS,1,good
2026-07-10T17:30:00,PUMP-CW-1 SPD,15.3,good
2026-07-10T17:30:00,PUMP-CW-1 DP,9.27,good
2026-07-10T17:30:00,VAV-101 ZN-T,71.26,good
2026-07-10T17:30:00,VAV-101 ZN-SP,72,good
2026-07-10T17:30:00,VAV-101 DMP-CMD,15.3,good
2026-07-10T17:30:00,VAV-101 DMP-POS,30.64,good
2026-07-10T17:30:00,VAV-101 AIRFLOW,825.36,good
2026-07-10T17:30:00,VAV-101 HTG-CMD,15.3,good
2026-07-10T17:30:00,VAV-102 ZN-T,71.08,good
2026-07-10T17:30:00,VAV-102 ZN-SP,72,good
2026-07-10T17:30:00,VAV-102 DMP-CMD,15.3,good
2026-07-10T17:30:00,VAV-102 DMP-POS,30.22,good
2026-07-10T17:30:00,VAV-102 AIRFLOW,703.21,good
2026-07-10T17:30:00,VAV-201 ZN-T,71.48,good
2026-07-10T17:30:00,VAV-201 ZN-SP,72,good
2026-07-10T17:30:00,VAV-201 DMP-CMD,15.3,good
2026-07-10T17:30:00,VAV-201 DMP-POS,30.32,good
2026-07-10T17:30:00,VAV-201 AIRFLOW,770.3,good
2026-07-10T17:30:00,VAV-201 HTG-CMD,15.3,good
2026-07-10T17:30:00,VAV-202 ZN-T,71.34,good
2026-07-10T17:30:00,VAV-202 ZN-SP,72,good
2026-07-10T17:30:00,VAV-202 DMP-CMD,15.3,good
2026-07-10T17:30:00,VAV-202 DMP-POS,31.51,good
2026-07-10T17:30:00,VAV-202 AIRFLOW,603.14,good
2026-07-10T17:30:00,VAV-203 ZN-T,70.89,good
2026-07-10T17:30:00,VAV-203 ZN-SP,72,good
2026-07-10T17:30:00,VAV-203 DMP-CMD,15.3,good
2026-07-10T17:30:00,VAV-203 DMP-POS,30.97,good
2026-07-10T17:30:00,VAV-203 AIRFLOW,724.28,good
2026-07-10T17:30:00,VAV-203 HTG-CMD,15.3,good
2026-07-10T17:45:00,AHU-1 SAT,53.71,good
2026-07-10T17:45:00,AHU-1 RAT,72.35,good
2026-07-10T17:45:00,AHU-1 MAT,61.22,good
2026-07-10T17:45:00,AHU-1 DAT-SP,55,good
2026-07-10T17:45:00,AHU-1 SF-CMD,0,good
2026-07-10T17:45:00,AHU-1 SF-STS,1,good
2026-07-10T17:45:00,AHU-1 SF-VFD-SPD,15.07,good
2026-07-10T17:45:00,AHU-1 OA-DMP-CMD,15.07,good
2026-07-10T17:45:00,AHU-1 CHW-VLV-CMD,15.07,good
2026-07-10T17:45:00,AHU-1 SAF-ALM,0,good
2026-07-10T17:45:00,AHU-2 SAT,53.46,good
2026-07-10T17:45:00,AHU-2 RAT,72.67,good
2026-07-10T17:45:00,AHU-2 MAT,61.75,good
2026-07-10T17:45:00,AHU-2 DAT-SP,55,good
2026-07-10T17:45:00,AHU-2 SF-CMD,0,good
2026-07-10T17:45:00,AHU-2 SF-STS,1,good
2026-07-10T17:45:00,AHU-2 SF-VFD-SPD,15.07,good
2026-07-10T17:45:00,AHU-2 OA-DMP-CMD,15.07,good
2026-07-10T17:45:00,AHU-2 HW-VLV-CMD,15.07,good
2026-07-10T17:45:00,AHU-2 SMK-ALM,0,good
2026-07-10T17:45:00,RTU-1 SAT,53.39,good
2026-07-10T17:45:00,RTU-1 RAT,72.9,good
2026-07-10T17:45:00,RTU-1 CLG-SP,72,good
2026-07-10T17:45:00,RTU-1 SF-CMD,0,good
2026-07-10T17:45:00,RTU-1 SF-STS,1,good
2026-07-10T17:45:00,RTU-1 HTG-EN,0,good
2026-07-10T17:45:00,RTU-1 CMP-STS,1,good
2026-07-10T17:45:00,RTU-1 FLT-ALM,0,good
2026-07-10T17:45:00,CHLR-1 CHWS,41.25,good
2026-07-10T17:45:00,CHLR-1 CHWR,54.69,good
2026-07-10T17:45:00,CHLR-1 CHW-DP,9.63,good
2026-07-10T17:45:00,CHLR-1 ENABLE,0,good
2026-07-10T17:45:00,CHLR-1 RUN-STS,1,good
2026-07-10T17:45:00,CHLR-1 ALM,0,good
2026-07-10T17:45:00,CHLR-1 LWT-SP,72,good
2026-07-10T17:45:00,CHLR-1 KW,57.84,good
2026-07-10T17:45:00,BLR-1 HWS,165.24,good
2026-07-10T17:45:00,BLR-1 HWR,148.58,good
2026-07-10T17:45:00,BLR-1 HWS-SP,72,good
2026-07-10T17:45:00,BLR-1 ENABLE,0,good
2026-07-10T17:45:00,BLR-1 RUN-STS,1,good
2026-07-10T17:45:00,BLR-1 ALM,0,good
2026-07-10T17:45:00,BLR-1 MOD-CMD,15.07,good
2026-07-10T17:45:00,BLR-1 GAS-PRES,7.11,good
2026-07-10T17:45:00,CT-1 CWS,80.17,good
2026-07-10T17:45:00,CT-1 CWR,88.8,good
2026-07-10T17:45:00,CT-1 FAN-CMD,0,good
2026-07-10T17:45:00,CT-1 FAN-STS,1,good
2026-07-10T17:45:00,CT-1 FAN-SPD,15.07,good
2026-07-10T17:45:00,CT-1 BASIN-LVL,28.71,good
2026-07-10T17:45:00,CT-1 ALM,0,good
2026-07-10T17:45:00,PUMP-CHW-1 CMD,0,good
2026-07-10T17:45:00,PUMP-CHW-1 STS,1,good
2026-07-10T17:45:00,PUMP-CHW-1 SPD,15.07,good
2026-07-10T17:45:00,PUMP-CHW-1 DP,9.28,good
2026-07-10T17:45:00,PUMP-CHW-2 CMD,0,good
2026-07-10T17:45:00,PUMP-CHW-2 STS,1,good
2026-07-10T17:45:00,PUMP-CHW-2 SPD,15.07,good
2026-07-10T17:45:00,PUMP-CHW-2 DP,9.67,good
2026-07-10T17:45:00,PUMP-HW-1 CMD,0,good
2026-07-10T17:45:00,PUMP-HW-1 STS,1,good
2026-07-10T17:45:00,PUMP-HW-1 SPD,15.07,good
2026-07-10T17:45:00,PUMP-HW-1 DP,9.37,good
2026-07-10T17:45:00,PUMP-CW-1 CMD,0,good
2026-07-10T17:45:00,PUMP-CW-1 STS,1,good
2026-07-10T17:45:00,PUMP-CW-1 SPD,15.07,good
2026-07-10T17:45:00,PUMP-CW-1 DP,9.74,good
2026-07-10T17:45:00,VAV-101 ZN-T,71.35,good
2026-07-10T17:45:00,VAV-101 ZN-SP,72,good
2026-07-10T17:45:00,VAV-101 DMP-CMD,15.07,good
2026-07-10T17:45:00,VAV-101 DMP-POS,28.16,good
2026-07-10T17:45:00,VAV-101 AIRFLOW,845.6,good
2026-07-10T17:45:00,VAV-101 HTG-CMD,15.07,good
2026-07-10T17:45:00,VAV-102 ZN-T,70.95,good
2026-07-10T17:45:00,VAV-102 ZN-SP,72,good
2026-07-10T17:45:00,VAV-102 DMP-CMD,15.07,good
2026-07-10T17:45:00,VAV-102 DMP-POS,28.3,good
2026-07-10T17:45:00,VAV-102 AIRFLOW,722.76,good
2026-07-10T17:45:00,VAV-201 ZN-T,71.19,good
2026-07-10T17:45:00,VAV-201 ZN-SP,72,good
2026-07-10T17:45:00,VAV-201 DMP-CMD,15.07,good
2026-07-10T17:45:00,VAV-201 DMP-POS,28.35,good
2026-07-10T17:45:00,VAV-201 AIRFLOW,772.0,good
2026-07-10T17:45:00,VAV-201 HTG-CMD,15.07,good
2026-07-10T17:45:00,VAV-202 ZN-T,71.02,good
2026-07-10T17:45:00,VAV-202 ZN-SP,72,good
2026-07-10T17:45:00,VAV-202 DMP-CMD,15.07,good
2026-07-10T17:45:00,VAV-202 DMP-POS,30.04,good
2026-07-10T17:45:00,VAV-202 AIRFLOW,597.9,good
2026-07-10T17:45:00,VAV-203 ZN-T,71.02,good
2026-07-10T17:45:00,VAV-203 ZN-SP,72,good
2026-07-10T17:45:00,VAV-203 DMP-CMD,15.07,good
2026-07-10T17:45:00,VAV-203 DMP-POS,29.06,good
2026-07-10T17:45:00,VAV-203 AIRFLOW,698.39,good
2026-07-10T17:45:00,VAV-203 HTG-CMD,15.07,good
2026-07-10T18:00:00,AHU-1 SAT,53.54,good
2026-07-10T18:00:00,AHU-1 RAT,72.78,good
2026-07-10T18:00:00,AHU-1 MAT,61.2,good
2026-07-10T18:00:00,AHU-1 DAT-SP,55,good
2026-07-10T18:00:00,AHU-1 SF-CMD,0,good
2026-07-10T18:00:00,AHU-1 SF-STS,1,good
2026-07-10T18:00:00,AHU-1 SF-VFD-SPD,15.0,good
2026-07-10T18:00:00,AHU-1 OA-DMP-CMD,15.0,good
2026-07-10T18:00:00,AHU-1 CHW-VLV-CMD,15.0,good
2026-07-10T18:00:00,AHU-1 SAF-ALM,0,good
2026-07-10T18:00:00,AHU-2 SAT,53.51,good
2026-07-10T18:00:00,AHU-2 RAT,72.24,good
2026-07-10T18:00:00,AHU-2 MAT,61.84,good
2026-07-10T18:00:00,AHU-2 DAT-SP,55,good
2026-07-10T18:00:00,AHU-2 SF-CMD,0,good
2026-07-10T18:00:00,AHU-2 SF-STS,1,good
2026-07-10T18:00:00,AHU-2 SF-VFD-SPD,15.0,good
2026-07-10T18:00:00,AHU-2 OA-DMP-CMD,15.0,good
2026-07-10T18:00:00,AHU-2 HW-VLV-CMD,15.0,good
2026-07-10T18:00:00,AHU-2 SMK-ALM,0,good
2026-07-10T18:00:00,RTU-1 SAT,53.35,good
2026-07-10T18:00:00,RTU-1 RAT,72.58,good
2026-07-10T18:00:00,RTU-1 CLG-SP,72,good
2026-07-10T18:00:00,RTU-1 SF-CMD,0,good
2026-07-10T18:00:00,RTU-1 SF-STS,1,good
2026-07-10T18:00:00,RTU-1 HTG-EN,0,good
2026-07-10T18:00:00,RTU-1 CMP-STS,1,good
2026-07-10T18:00:00,RTU-1 FLT-ALM,0,good
2026-07-10T18:00:00,CHLR-1 CHWS,41.18,good
2026-07-10T18:00:00,CHLR-1 CHWR,54.68,good
2026-07-10T18:00:00,CHLR-1 CHW-DP,9.76,good
2026-07-10T18:00:00,CHLR-1 ENABLE,0,good
2026-07-10T18:00:00,CHLR-1 RUN-STS,1,good
2026-07-10T18:00:00,CHLR-1 ALM,0,good
2026-07-10T18:00:00,CHLR-1 LWT-SP,72,good
2026-07-10T18:00:00,CHLR-1 KW,58.43,good
2026-07-10T18:00:00,BLR-1 HWS,165.54,good
2026-07-10T18:00:00,BLR-1 HWR,148.49,good
2026-07-10T18:00:00,BLR-1 HWS-SP,72,good
2026-07-10T18:00:00,BLR-1 ENABLE,0,good
2026-07-10T18:00:00,BLR-1 RUN-STS,1,good
2026-07-10T18:00:00,BLR-1 ALM,0,good
2026-07-10T18:00:00,BLR-1 MOD-CMD,15.0,good
2026-07-10T18:00:00,BLR-1 GAS-PRES,7.15,good
2026-07-10T18:00:00,CT-1 CWS,79.95,good
2026-07-10T18:00:00,CT-1 CWR,88.5,good
2026-07-10T18:00:00,CT-1 FAN-CMD,0,good
2026-07-10T18:00:00,CT-1 FAN-STS,1,good
2026-07-10T18:00:00,CT-1 FAN-SPD,15.0,good
2026-07-10T18:00:00,CT-1 BASIN-LVL,29.67,good
2026-07-10T18:00:00,CT-1 ALM,0,good
2026-07-10T18:00:00,PUMP-CHW-1 CMD,0,good
2026-07-10T18:00:00,PUMP-CHW-1 STS,1,good
2026-07-10T18:00:00,PUMP-CHW-1 SPD,15.0,good
2026-07-10T18:00:00,PUMP-CHW-1 DP,9.63,good
2026-07-10T18:00:00,PUMP-CHW-2 CMD,0,good
2026-07-10T18:00:00,PUMP-CHW-2 STS,1,good
2026-07-10T18:00:00,PUMP-CHW-2 SPD,15.0,good
2026-07-10T18:00:00,PUMP-CHW-2 DP,9.36,good
2026-07-10T18:00:00,PUMP-HW-1 CMD,0,good
2026-07-10T18:00:00,PUMP-HW-1 STS,1,good
2026-07-10T18:00:00,PUMP-HW-1 SPD,15.0,good
2026-07-10T18:00:00,PUMP-HW-1 DP,9.25,good
2026-07-10T18:00:00,PUMP-CW-1 CMD,0,good
2026-07-10T18:00:00,PUMP-CW-1 STS,1,good
2026-07-10T18:00:00,PUMP-CW-1 SPD,15.0,good
2026-07-10T18:00:00,PUMP-CW-1 DP,9.42,good
2026-07-10T18:00:00,VAV-101 ZN-T,71.03,good
2026-07-10T18:00:00,VAV-101 ZN-SP,72,good
2026-07-10T18:00:00,VAV-101 DMP-CMD,15.0,good
2026-07-10T18:00:00,VAV-101 DMP-POS,31.61,good
2026-07-10T18:00:00,VAV-101 AIRFLOW,820.17,good
2026-07-10T18:00:00,VAV-101 HTG-CMD,15.0,good
2026-07-10T18:00:00,VAV-102 ZN-T,71.27,good
2026-07-10T18:00:00,VAV-102 ZN-SP,72,good
2026-07-10T18:00:00,VAV-102 DMP-CMD,15.0,good
2026-07-10T18:00:00,VAV-102 DMP-POS,31.93,good
2026-07-10T18:00:00,VAV-102 AIRFLOW,732.16,good
2026-07-10T18:00:00,VAV-201 ZN-T,70.68,good
2026-07-10T18:00:00,VAV-201 ZN-SP,72,good
2026-07-10T18:00:00,VAV-201 DMP-CMD,15.0,good
2026-07-10T18:00:00,VAV-201 DMP-POS,29.86,good
2026-07-10T18:00:00,VAV-201 AIRFLOW,764.79,good
2026-07-10T18:00:00,VAV-201 HTG-CMD,15.0,good
2026-07-10T18:00:00,VAV-202 ZN-T,71.3,good
2026-07-10T18:00:00,VAV-202 ZN-SP,72,good
2026-07-10T18:00:00,VAV-202 DMP-CMD,15.0,good
2026-07-10T18:00:00,VAV-202 DMP-POS,29.31,good
2026-07-10T18:00:00,VAV-202 AIRFLOW,597.12,good
2026-07-10T18:00:00,VAV-203 ZN-T,70.63,good
2026-07-10T18:00:00,VAV-203 ZN-SP,72,good
2026-07-10T18:00:00,VAV-203 DMP-CMD,15.0,good
2026-07-10T18:00:00,VAV-203 DMP-POS,28.8,good
2026-07-10T18:00:00,VAV-203 AIRFLOW,716.55,good
2026-07-10T18:00:00,VAV-203 HTG-CMD,15.0,good
2026-07-10T18:15:00,AHU-1 SAT,53.39,good
2026-07-10T18:15:00,AHU-1 RAT,72.61,good
2026-07-10T18:15:00,AHU-1 MAT,61.3,good
2026-07-10T18:15:00,AHU-1 DAT-SP,55,good
2026-07-10T18:15:00,AHU-1 SF-CMD,0,good
2026-07-10T18:15:00,AHU-1 SF-STS,1,good
2026-07-10T18:15:00,AHU-1 SF-VFD-SPD,15.07,good
2026-07-10T18:15:00,AHU-1 OA-DMP-CMD,15.07,good
2026-07-10T18:15:00,AHU-1 CHW-VLV-CMD,15.07,good
2026-07-10T18:15:00,AHU-1 SAF-ALM,0,good
2026-07-10T18:15:00,AHU-2 SAT,53.56,good
2026-07-10T18:15:00,AHU-2 RAT,72.51,good
2026-07-10T18:15:00,AHU-2 MAT,61.61,good
2026-07-10T18:15:00,AHU-2 DAT-SP,55,good
2026-07-10T18:15:00,AHU-2 SF-CMD,0,good
2026-07-10T18:15:00,AHU-2 SF-STS,1,good
2026-07-10T18:15:00,AHU-2 SF-VFD-SPD,15.07,good
2026-07-10T18:15:00,AHU-2 OA-DMP-CMD,15.07,good
2026-07-10T18:15:00,AHU-2 HW-VLV-CMD,15.07,good
2026-07-10T18:15:00,AHU-2 SMK-ALM,0,good
2026-07-10T18:15:00,RTU-1 SAT,53.32,good
2026-07-10T18:15:00,RTU-1 RAT,72.84,good
2026-07-10T18:15:00,RTU-1 CLG-SP,72,good
2026-07-10T18:15:00,RTU-1 SF-CMD,0,good
2026-07-10T18:15:00,RTU-1 SF-STS,1,good
2026-07-10T18:15:00,RTU-1 HTG-EN,0,good
2026-07-10T18:15:00,RTU-1 CMP-STS,1,good
2026-07-10T18:15:00,RTU-1 FLT-ALM,0,good
2026-07-10T18:15:00,CHLR-1 CHWS,41.25,good
2026-07-10T18:15:00,CHLR-1 CHWR,54.71,good
2026-07-10T18:15:00,CHLR-1 CHW-DP,9.21,good
2026-07-10T18:15:00,CHLR-1 ENABLE,0,good
2026-07-10T18:15:00,CHLR-1 RUN-STS,1,good
2026-07-10T18:15:00,CHLR-1 ALM,0,good
2026-07-10T18:15:00,CHLR-1 LWT-SP,72,good
2026-07-10T18:15:00,CHLR-1 KW,56.68,good
2026-07-10T18:15:00,BLR-1 HWS,165.29,good
2026-07-10T18:15:00,BLR-1 HWR,147.99,good
2026-07-10T18:15:00,BLR-1 HWS-SP,72,good
2026-07-10T18:15:00,BLR-1 ENABLE,0,good
2026-07-10T18:15:00,BLR-1 RUN-STS,1,good
2026-07-10T18:15:00,BLR-1 ALM,0,good
2026-07-10T18:15:00,BLR-1 MOD-CMD,15.07,good
2026-07-10T18:15:00,BLR-1 GAS-PRES,7.17,good
2026-07-10T18:15:00,CT-1 CWS,80.23,good
2026-07-10T18:15:00,CT-1 CWR,88.84,good
2026-07-10T18:15:00,CT-1 FAN-CMD,0,good
2026-07-10T18:15:00,CT-1 FAN-STS,1,good
2026-07-10T18:15:00,CT-1 FAN-SPD,15.07,good
2026-07-10T18:15:00,CT-1 BASIN-LVL,28.05,good
2026-07-10T18:15:00,CT-1 ALM,0,good
2026-07-10T18:15:00,PUMP-CHW-1 CMD,0,good
2026-07-10T18:15:00,PUMP-CHW-1 STS,1,good
2026-07-10T18:15:00,PUMP-CHW-1 SPD,15.07,good
2026-07-10T18:15:00,PUMP-CHW-1 DP,9.6,good
2026-07-10T18:15:00,PUMP-CHW-2 CMD,0,good
2026-07-10T18:15:00,PUMP-CHW-2 STS,1,good
2026-07-10T18:15:00,PUMP-CHW-2 SPD,15.07,good
2026-07-10T18:15:00,PUMP-CHW-2 DP,9.71,good
2026-07-10T18:15:00,PUMP-HW-1 CMD,0,good
2026-07-10T18:15:00,PUMP-HW-1 STS,1,good
2026-07-10T18:15:00,PUMP-HW-1 SPD,15.07,good
2026-07-10T18:15:00,PUMP-HW-1 DP,9.64,good
2026-07-10T18:15:00,PUMP-CW-1 CMD,0,good
2026-07-10T18:15:00,PUMP-CW-1 STS,1,good
2026-07-10T18:15:00,PUMP-CW-1 SPD,15.07,good
2026-07-10T18:15:00,PUMP-CW-1 DP,9.27,good
2026-07-10T18:15:00,VAV-101 ZN-T,70.95,good
2026-07-10T18:15:00,VAV-101 ZN-SP,72,good
2026-07-10T18:15:00,VAV-101 DMP-CMD,15.07,good
2026-07-10T18:15:00,VAV-101 DMP-POS,29.0,good
2026-07-10T18:15:00,VAV-101 AIRFLOW,833.0,good
2026-07-10T18:15:00,VAV-101 HTG-CMD,15.07,good
2026-07-10T18:15:00,VAV-102 ZN-T,70.58,good
2026-07-10T18:15:00,VAV-102 ZN-SP,72,good
2026-07-10T18:15:00,VAV-102 DMP-CMD,15.07,good
2026-07-10T18:15:00,VAV-102 DMP-POS,32.03,good
2026-07-10T18:15:00,VAV-102 AIRFLOW,722.74,good
2026-07-10T18:15:00,VAV-201 ZN-T,70.6,good
2026-07-10T18:15:00,VAV-201 ZN-SP,72,good
2026-07-10T18:15:00,VAV-201 DMP-CMD,15.07,good
2026-07-10T18:15:00,VAV-201 DMP-POS,31.73,good
2026-07-10T18:15:00,VAV-201 AIRFLOW,789.68,good
2026-07-10T18:15:00,VAV-201 HTG-CMD,15.07,good
2026-07-10T18:15:00,VAV-202 ZN-T,70.95,good
2026-07-10T18:15:00,VAV-202 ZN-SP,72,good
2026-07-10T18:15:00,VAV-202 DMP-CMD,15.07,good
2026-07-10T18:15:00,VAV-202 DMP-POS,30.85,good
2026-07-10T18:15:00,VAV-202 AIRFLOW,590.12,good
2026-07-10T18:15:00,VAV-203 ZN-T,71.31,good
2026-07-10T18:15:00,VAV-203 ZN-SP,72,good
2026-07-10T18:15:00,VAV-203 DMP-CMD,15.07,good
2026-07-10T18:15:00,VAV-203 DMP-POS,28.38,good
2026-07-10T18:15:00,VAV-203 AIRFLOW,698.09,good
2026-07-10T18:15:00,VAV-203 HTG-CMD,15.07,good
2026-07-10T18:30:00,AHU-1 SAT,53.29,good
2026-07-10T18:30:00,AHU-1 RAT,72.69,good
2026-07-10T18:30:00,AHU-1 MAT,60.79,good
2026-07-10T18:30:00,AHU-1 DAT-SP,55,good
2026-07-10T18:30:00,AHU-1 SF-CMD,0,good
2026-07-10T18:30:00,AHU-1 SF-STS,1,good
2026-07-10T18:30:00,AHU-1 SF-VFD-SPD,15.3,good
2026-07-10T18:30:00,AHU-1 OA-DMP-CMD,15.3,good
2026-07-10T18:30:00,AHU-1 CHW-VLV-CMD,15.3,good
2026-07-10T18:30:00,AHU-1 SAF-ALM,0,good
2026-07-10T18:30:00,AHU-2 SAT,53.55,good
2026-07-10T18:30:00,AHU-2 RAT,72.38,good
2026-07-10T18:30:00,AHU-2 MAT,61.68,good
2026-07-10T18:30:00,AHU-2 DAT-SP,55,good
2026-07-10T18:30:00,AHU-2 SF-CMD,0,good
2026-07-10T18:30:00,AHU-2 SF-STS,1,good
2026-07-10T18:30:00,AHU-2 SF-VFD-SPD,15.3,good
2026-07-10T18:30:00,AHU-2 OA-DMP-CMD,15.3,good
2026-07-10T18:30:00,AHU-2 HW-VLV-CMD,15.3,good
2026-07-10T18:30:00,AHU-2 SMK-ALM,0,good
2026-07-10T18:30:00,RTU-1 SAT,53.35,good
2026-07-10T18:30:00,RTU-1 RAT,72.24,good
2026-07-10T18:30:00,RTU-1 CLG-SP,72,good
2026-07-10T18:30:00,RTU-1 SF-CMD,0,good
2026-07-10T18:30:00,RTU-1 SF-STS,1,good
2026-07-10T18:30:00,RTU-1 HTG-EN,0,good
2026-07-10T18:30:00,RTU-1 CMP-STS,1,good
2026-07-10T18:30:00,RTU-1 FLT-ALM,0,good
2026-07-10T18:30:00,CHLR-1 CHWS,41.17,good
2026-07-10T18:30:00,CHLR-1 CHWR,54.92,good
2026-07-10T18:30:00,CHLR-1 CHW-DP,9.64,good
2026-07-10T18:30:00,CHLR-1 ENABLE,0,good
2026-07-10T18:30:00,CHLR-1 RUN-STS,1,good
2026-07-10T18:30:00,CHLR-1 ALM,0,good
2026-07-10T18:30:00,CHLR-1 LWT-SP,72,good
2026-07-10T18:30:00,CHLR-1 KW,58.1,good
2026-07-10T18:30:00,BLR-1 HWS,165.38,good
2026-07-10T18:30:00,BLR-1 HWR,147.89,good
2026-07-10T18:30:00,BLR-1 HWS-SP,72,good
2026-07-10T18:30:00,BLR-1 ENABLE,0,good
2026-07-10T18:30:00,BLR-1 RUN-STS,1,good
2026-07-10T18:30:00,BLR-1 ALM,0,good
2026-07-10T18:30:00,BLR-1 MOD-CMD,15.3,good
2026-07-10T18:30:00,BLR-1 GAS-PRES,7.02,good
2026-07-10T18:30:00,CT-1 CWS,79.84,good
2026-07-10T18:30:00,CT-1 CWR,88.7,good
2026-07-10T18:30:00,CT-1 FAN-CMD,0,good
2026-07-10T18:30:00,CT-1 FAN-STS,1,good
2026-07-10T18:30:00,CT-1 FAN-SPD,15.3,good
2026-07-10T18:30:00,CT-1 BASIN-LVL,30.51,good
2026-07-10T18:30:00,CT-1 ALM,0,good
2026-07-10T18:30:00,PUMP-CHW-1 CMD,0,good
2026-07-10T18:30:00,PUMP-CHW-1 STS,1,good
2026-07-10T18:30:00,PUMP-CHW-1 SPD,15.3,good
2026-07-10T18:30:00,PUMP-CHW-1 DP,9.31,good
2026-07-10T18:30:00,PUMP-CHW-2 CMD,0,good
2026-07-10T18:30:00,PUMP-CHW-2 STS,1,good
2026-07-10T18:30:00,PUMP-CHW-2 SPD,15.3,good
2026-07-10T18:30:00,PUMP-CHW-2 DP,9.32,good
2026-07-10T18:30:00,PUMP-HW-1 CMD,0,good
2026-07-10T18:30:00,PUMP-HW-1 STS,1,good
2026-07-10T18:30:00,PUMP-HW-1 SPD,15.3,good
2026-07-10T18:30:00,PUMP-HW-1 DP,9.5,good
2026-07-10T18:30:00,PUMP-CW-1 CMD,0,good
2026-07-10T18:30:00,PUMP-CW-1 STS,1,good
2026-07-10T18:30:00,PUMP-CW-1 SPD,15.3,good
2026-07-10T18:30:00,PUMP-CW-1 DP,9.47,good
2026-07-10T18:30:00,VAV-101 ZN-T,70.87,good
2026-07-10T18:30:00,VAV-101 ZN-SP,72,good
2026-07-10T18:30:00,VAV-101 DMP-CMD,15.3,good
2026-07-10T18:30:00,VAV-101 DMP-POS,32.03,good
2026-07-10T18:30:00,VAV-101 AIRFLOW,822.56,good
2026-07-10T18:30:00,VAV-101 HTG-CMD,15.3,good
2026-07-10T18:30:00,VAV-102 ZN-T,70.68,good
2026-07-10T18:30:00,VAV-102 ZN-SP,72,good
2026-07-10T18:30:00,VAV-102 DMP-CMD,15.3,good
2026-07-10T18:30:00,VAV-102 DMP-POS,29.23,good
2026-07-10T18:30:00,VAV-102 AIRFLOW,699.87,good
2026-07-10T18:30:00,VAV-201 ZN-T,70.56,good
2026-07-10T18:30:00,VAV-201 ZN-SP,72,good
2026-07-10T18:30:00,VAV-201 DMP-CMD,15.3,good
2026-07-10T18:30:00,VAV-201 DMP-POS,30.92,good
2026-07-10T18:30:00,VAV-201 AIRFLOW,787.72,good
2026-07-10T18:30:00,VAV-201 HTG-CMD,15.3,good
2026-07-10T18:30:00,VAV-202 ZN-T,71.0,good
2026-07-10T18:30:00,VAV-202 ZN-SP,72,good
2026-07-10T18:30:00,VAV-202 DMP-CMD,15.3,good
2026-07-10T18:30:00,VAV-202 DMP-POS,28.33,good
2026-07-10T18:30:00,VAV-202 AIRFLOW,609.34,good
2026-07-10T18:30:00,VAV-203 ZN-T,70.7,good
2026-07-10T18:30:00,VAV-203 ZN-SP,72,good
2026-07-10T18:30:00,VAV-203 DMP-CMD,15.3,good
2026-07-10T18:30:00,VAV-203 DMP-POS,28.54,good
2026-07-10T18:30:00,VAV-203 AIRFLOW,705.01,good
2026-07-10T18:30:00,VAV-203 HTG-CMD,15.3,good
2026-07-10T18:45:00,AHU-1 SAT,53.44,good
2026-07-10T18:45:00,AHU-1 RAT,72.36,good
2026-07-10T18:45:00,AHU-1 MAT,61.3,good
2026-07-10T18:45:00,AHU-1 DAT-SP,55,good
2026-07-10T18:45:00,AHU-1 SF-CMD,0,good
2026-07-10T18:45:00,AHU-1 SF-STS,1,good
2026-07-10T18:45:00,AHU-1 SF-VFD-SPD,15.67,good
2026-07-10T18:45:00,AHU-1 OA-DMP-CMD,15.67,good
2026-07-10T18:45:00,AHU-1 CHW-VLV-CMD,15.67,good
2026-07-10T18:45:00,AHU-1 SAF-ALM,0,good
2026-07-10T18:45:00,AHU-2 SAT,53.38,good
2026-07-10T18:45:00,AHU-2 RAT,72.75,good
2026-07-10T18:45:00,AHU-2 MAT,60.66,good
2026-07-10T18:45:00,AHU-2 DAT-SP,55,good
2026-07-10T18:45:00,AHU-2 SF-CMD,0,good
2026-07-10T18:45:00,AHU-2 SF-STS,1,good
2026-07-10T18:45:00,AHU-2 SF-VFD-SPD,15.67,good
2026-07-10T18:45:00,AHU-2 OA-DMP-CMD,15.67,good
2026-07-10T18:45:00,AHU-2 HW-VLV-CMD,15.67,good
2026-07-10T18:45:00,AHU-2 SMK-ALM,0,good
2026-07-10T18:45:00,RTU-1 SAT,53.47,good
2026-07-10T18:45:00,RTU-1 RAT,72.32,good
2026-07-10T18:45:00,RTU-1 CLG-SP,72,good
2026-07-10T18:45:00,RTU-1 SF-CMD,0,good
2026-07-10T18:45:00,RTU-1 SF-STS,1,good
2026-07-10T18:45:00,RTU-1 HTG-EN,0,good
2026-07-10T18:45:00,RTU-1 CMP-STS,1,good
2026-07-10T18:45:00,RTU-1 FLT-ALM,0,good
2026-07-10T18:45:00,CHLR-1 CHWS,41.26,good
2026-07-10T18:45:00,CHLR-1 CHWR,54.7,good
2026-07-10T18:45:00,CHLR-1 CHW-DP,9.53,good
2026-07-10T18:45:00,CHLR-1 ENABLE,0,good
2026-07-10T18:45:00,CHLR-1 RUN-STS,1,good
2026-07-10T18:45:00,CHLR-1 ALM,0,good
2026-07-10T18:45:00,CHLR-1 LWT-SP,72,good
2026-07-10T18:45:00,CHLR-1 KW,58.56,good
2026-07-10T18:45:00,BLR-1 HWS,165.26,good
2026-07-10T18:45:00,BLR-1 HWR,147.65,good
2026-07-10T18:45:00,BLR-1 HWS-SP,72,good
2026-07-10T18:45:00,BLR-1 ENABLE,0,good
2026-07-10T18:45:00,BLR-1 RUN-STS,1,good
2026-07-10T18:45:00,BLR-1 ALM,0,good
2026-07-10T18:45:00,BLR-1 MOD-CMD,15.67,good
2026-07-10T18:45:00,BLR-1 GAS-PRES,7.17,good
2026-07-10T18:45:00,CT-1 CWS,80.33,good
2026-07-10T18:45:00,CT-1 CWR,88.29,good
2026-07-10T18:45:00,CT-1 FAN-CMD,0,good
2026-07-10T18:45:00,CT-1 FAN-STS,1,good
2026-07-10T18:45:00,CT-1 FAN-SPD,15.67,good
2026-07-10T18:45:00,CT-1 BASIN-LVL,31.68,good
2026-07-10T18:45:00,CT-1 ALM,0,good
2026-07-10T18:45:00,PUMP-CHW-1 CMD,0,good
2026-07-10T18:45:00,PUMP-CHW-1 STS,1,good
2026-07-10T18:45:00,PUMP-CHW-1 SPD,15.67,good
2026-07-10T18:45:00,PUMP-CHW-1 DP,9.47,good
2026-07-10T18:45:00,PUMP-CHW-2 CMD,0,good
2026-07-10T18:45:00,PUMP-CHW-2 STS,1,good
2026-07-10T18:45:00,PUMP-CHW-2 SPD,15.67,good
2026-07-10T18:45:00,PUMP-CHW-2 DP,9.63,good
2026-07-10T18:45:00,PUMP-HW-1 CMD,0,good
2026-07-10T18:45:00,PUMP-HW-1 STS,1,good
2026-07-10T18:45:00,PUMP-HW-1 SPD,15.67,good
2026-07-10T18:45:00,PUMP-HW-1 DP,9.63,good
2026-07-10T18:45:00,PUMP-CW-1 CMD,0,good
2026-07-10T18:45:00,PUMP-CW-1 STS,1,good
2026-07-10T18:45:00,PUMP-CW-1 SPD,15.67,good
2026-07-10T18:45:00,PUMP-CW-1 DP,9.6,good
2026-07-10T18:45:00,VAV-101 ZN-T,70.56,good
2026-07-10T18:45:00,VAV-101 ZN-SP,72,good
2026-07-10T18:45:00,VAV-101 DMP-CMD,15.67,good
2026-07-10T18:45:00,VAV-101 DMP-POS,31.64,good
2026-07-10T18:45:00,VAV-101 AIRFLOW,816.7,good
2026-07-10T18:45:00,VAV-101 HTG-CMD,15.67,good
2026-07-10T18:45:00,VAV-102 ZN-T,70.4,good
2026-07-10T18:45:00,VAV-102 ZN-SP,72,good
2026-07-10T18:45:00,VAV-102 DMP-CMD,15.67,good
2026-07-10T18:45:00,VAV-102 DMP-POS,31.99,good
2026-07-10T18:45:00,VAV-102 AIRFLOW,714.16,good
2026-07-10T18:45:00,VAV-201 ZN-T,70.45,good
2026-07-10T18:45:00,VAV-201 ZN-SP,72,good
2026-07-10T18:45:00,VAV-201 DMP-CMD,15.67,good
2026-07-10T18:45:00,VAV-201 DMP-POS,32.0,good
2026-07-10T18:45:00,VAV-201 AIRFLOW,789.3,good
2026-07-10T18:45:00,VAV-201 HTG-CMD,15.67,good
2026-07-10T18:45:00,VAV-202 ZN-T,70.62,good
2026-07-10T18:45:00,VAV-202 ZN-SP,72,good
2026-07-10T18:45:00,VAV-202 DMP-CMD,15.67,good
2026-07-10T18:45:00,VAV-202 DMP-POS,28.56,good
2026-07-10T18:45:00,VAV-202 AIRFLOW,595.46,good
2026-07-10T18:45:00,VAV-203 ZN-T,70.49,good
2026-07-10T18:45:00,VAV-203 ZN-SP,72,good
2026-07-10T18:45:00,VAV-203 DMP-CMD,15.67,good
2026-07-10T18:45:00,VAV-203 DMP-POS,30.68,good
2026-07-10T18:45:00,VAV-203 AIRFLOW,729.29,good
2026-07-10T18:45:00,VAV-203 HTG-CMD,15.67,good
2026-07-10T19:00:00,AHU-1 SAT,53.49,good
2026-07-10T19:00:00,AHU-1 RAT,71.91,good
2026-07-10T19:00:00,AHU-1 MAT,61.24,good
2026-07-10T19:00:00,AHU-1 DAT-SP,55,good
2026-07-10T19:00:00,AHU-1 SF-CMD,0,good
2026-07-10T19:00:00,AHU-1 SF-STS,1,good
2026-07-10T19:00:00,AHU-1 SF-VFD-SPD,16.19,good
2026-07-10T19:00:00,AHU-1 OA-DMP-CMD,16.19,good
2026-07-10T19:00:00,AHU-1 CHW-VLV-CMD,16.19,good
2026-07-10T19:00:00,AHU-1 SAF-ALM,0,good
2026-07-10T19:00:00,AHU-2 SAT,53.35,good
2026-07-10T19:00:00,AHU-2 RAT,72.05,good
2026-07-10T19:00:00,AHU-2 MAT,60.74,good
2026-07-10T19:00:00,AHU-2 DAT-SP,55,good
2026-07-10T19:00:00,AHU-2 SF-CMD,0,good
2026-07-10T19:00:00,AHU-2 SF-STS,1,good
2026-07-10T19:00:00,AHU-2 SF-VFD-SPD,16.19,good
2026-07-10T19:00:00,AHU-2 OA-DMP-CMD,16.19,good
2026-07-10T19:00:00,AHU-2 HW-VLV-CMD,16.19,good
2026-07-10T19:00:00,AHU-2 SMK-ALM,0,good
2026-07-10T19:00:00,RTU-1 SAT,53.42,good
2026-07-10T19:00:00,RTU-1 RAT,72.59,good
2026-07-10T19:00:00,RTU-1 CLG-SP,72,good
2026-07-10T19:00:00,RTU-1 SF-CMD,0,good
2026-07-10T19:00:00,RTU-1 SF-STS,1,good
2026-07-10T19:00:00,RTU-1 HTG-EN,0,good
2026-07-10T19:00:00,RTU-1 CMP-STS,1,good
2026-07-10T19:00:00,RTU-1 FLT-ALM,0,good
2026-07-10T19:00:00,CHLR-1 CHWS,41.13,good
2026-07-10T19:00:00,CHLR-1 CHWR,54.85,good
2026-07-10T19:00:00,CHLR-1 CHW-DP,9.43,good
2026-07-10T19:00:00,CHLR-1 ENABLE,0,good
2026-07-10T19:00:00,CHLR-1 RUN-STS,1,good
2026-07-10T19:00:00,CHLR-1 ALM,0,good
2026-07-10T19:00:00,CHLR-1 LWT-SP,72,good
2026-07-10T19:00:00,CHLR-1 KW,56.79,good
2026-07-10T19:00:00,BLR-1 HWS,165.51,good
2026-07-10T19:00:00,BLR-1 HWR,148.06,good
2026-07-10T19:00:00,BLR-1 HWS-SP,72,good
2026-07-10T19:00:00,BLR-1 ENABLE,0,good
2026-07-10T19:00:00,BLR-1 RUN-STS,1,good
2026-07-10T19:00:00,BLR-1 ALM,0,good
2026-07-10T19:00:00,BLR-1 MOD-CMD,16.19,good
2026-07-10T19:00:00,BLR-1 GAS-PRES,7.03,good
2026-07-10T19:00:00,CT-1 CWS,79.94,good
2026-07-10T19:00:00,CT-1 CWR,88.28,good
2026-07-10T19:00:00,CT-1 FAN-CMD,0,good
2026-07-10T19:00:00,CT-1 FAN-STS,1,good
2026-07-10T19:00:00,CT-1 FAN-SPD,16.19,good
2026-07-10T19:00:00,CT-1 BASIN-LVL,29.48,good
2026-07-10T19:00:00,CT-1 ALM,0,good
2026-07-10T19:00:00,PUMP-CHW-1 CMD,0,good
2026-07-10T19:00:00,PUMP-CHW-1 STS,1,good
2026-07-10T19:00:00,PUMP-CHW-1 SPD,16.19,good
2026-07-10T19:00:00,PUMP-CHW-1 DP,9.82,good
2026-07-10T19:00:00,PUMP-CHW-2 CMD,0,good
2026-07-10T19:00:00,PUMP-CHW-2 STS,1,good
2026-07-10T19:00:00,PUMP-CHW-2 SPD,16.19,good
2026-07-10T19:00:00,PUMP-CHW-2 DP,9.6,good
2026-07-10T19:00:00,PUMP-HW-1 CMD,0,good
2026-07-10T19:00:00,PUMP-HW-1 STS,1,good
2026-07-10T19:00:00,PUMP-HW-1 SPD,16.19,good
2026-07-10T19:00:00,PUMP-HW-1 DP,9.66,good
2026-07-10T19:00:00,PUMP-CW-1 CMD,0,good
2026-07-10T19:00:00,PUMP-CW-1 STS,1,good
2026-07-10T19:00:00,PUMP-CW-1 SPD,16.19,good
2026-07-10T19:00:00,PUMP-CW-1 DP,9.77,good
2026-07-10T19:00:00,VAV-101 ZN-T,70.9,good
2026-07-10T19:00:00,VAV-101 ZN-SP,72,good
2026-07-10T19:00:00,VAV-101 DMP-CMD,16.19,good
2026-07-10T19:00:00,VAV-101 DMP-POS,32.64,good
2026-07-10T19:00:00,VAV-101 AIRFLOW,849.29,good
2026-07-10T19:00:00,VAV-101 HTG-CMD,16.19,good
2026-07-10T19:00:00,VAV-102 ZN-T,70.56,good
2026-07-10T19:00:00,VAV-102 ZN-SP,72,good
2026-07-10T19:00:00,VAV-102 DMP-CMD,16.19,good
2026-07-10T19:00:00,VAV-102 DMP-POS,30.86,good
2026-07-10T19:00:00,VAV-102 AIRFLOW,717.68,good
2026-07-10T19:00:00,VAV-201 ZN-T,71.0,good
2026-07-10T19:00:00,VAV-201 ZN-SP,72,good
2026-07-10T19:00:00,VAV-201 DMP-CMD,16.19,good
2026-07-10T19:00:00,VAV-201 DMP-POS,30.69,good
2026-07-10T19:00:00,VAV-201 AIRFLOW,773.69,good
2026-07-10T19:00:00,VAV-201 HTG-CMD,16.19,good
2026-07-10T19:00:00,VAV-202 ZN-T,70.41,good
2026-07-10T19:00:00,VAV-202 ZN-SP,72,good
2026-07-10T19:00:00,VAV-202 DMP-CMD,16.19,good
2026-07-10T19:00:00,VAV-202 DMP-POS,29.96,good
2026-07-10T19:00:00,VAV-202 AIRFLOW,587.34,good
2026-07-10T19:00:00,VAV-203 ZN-T,70.99,good
2026-07-10T19:00:00,VAV-203 ZN-SP,72,good
2026-07-10T19:00:00,VAV-203 DMP-CMD,16.19,good
2026-07-10T19:00:00,VAV-203 DMP-POS,31.8,good
2026-07-10T19:00:00,VAV-203 AIRFLOW,700.64,good
2026-07-10T19:00:00,VAV-203 HTG-CMD,16.19,good
2026-07-10T19:15:00,AHU-1 SAT,53.87,good
2026-07-10T19:15:00,AHU-1 RAT,72.24,good
2026-07-10T19:15:00,AHU-1 MAT,61.28,good
2026-07-10T19:15:00,AHU-1 DAT-SP,55,good
2026-07-10T19:15:00,AHU-1 SF-CMD,0,good
2026-07-10T19:15:00,AHU-1 SF-STS,1,good
2026-07-10T19:15:00,AHU-1 SF-VFD-SPD,16.86,good
2026-07-10T19:15:00,AHU-1 OA-DMP-CMD,16.86,good
2026-07-10T19:15:00,AHU-1 CHW-VLV-CMD,16.86,good
2026-07-10T19:15:00,AHU-1 SAF-ALM,0,good
2026-07-10T19:15:00,AHU-2 SAT,53.88,good
2026-07-10T19:15:00,AHU-2 RAT,72.6,good
2026-07-10T19:15:00,AHU-2 MAT,60.62,good
2026-07-10T19:15:00,AHU-2 DAT-SP,55,good
2026-07-10T19:15:00,AHU-2 SF-CMD,0,good
2026-07-10T19:15:00,AHU-2 SF-STS,1,good
2026-07-10T19:15:00,AHU-2 SF-VFD-SPD,16.86,good
2026-07-10T19:15:00,AHU-2 OA-DMP-CMD,16.86,good
2026-07-10T19:15:00,AHU-2 HW-VLV-CMD,16.86,good
2026-07-10T19:15:00,AHU-2 SMK-ALM,0,good
2026-07-10T19:15:00,RTU-1 SAT,53.67,good
2026-07-10T19:15:00,RTU-1 RAT,72.03,good
2026-07-10T19:15:00,RTU-1 CLG-SP,72,good
2026-07-10T19:15:00,RTU-1 SF-CMD,0,good
2026-07-10T19:15:00,RTU-1 SF-STS,1,good
2026-07-10T19:15:00,RTU-1 HTG-EN,0,good
2026-07-10T19:15:00,RTU-1 CMP-STS,1,good
2026-07-10T19:15:00,RTU-1 FLT-ALM,0,good
2026-07-10T19:15:00,CHLR-1 CHWS,41.31,good
2026-07-10T19:15:00,CHLR-1 CHWR,54.98,good
2026-07-10T19:15:00,CHLR-1 CHW-DP,9.37,good
2026-07-10T19:15:00,CHLR-1 ENABLE,0,good
2026-07-10T19:15:00,CHLR-1 RUN-STS,1,good
2026-07-10T19:15:00,CHLR-1 ALM,0,good
2026-07-10T19:15:00,CHLR-1 LWT-SP,72,good
2026-07-10T19:15:00,CHLR-1 KW,59.94,good
2026-07-10T19:15:00,BLR-1 HWS,165.41,good
2026-07-10T19:15:00,BLR-1 HWR,148.28,good
2026-07-10T19:15:00,BLR-1 HWS-SP,72,good
2026-07-10T19:15:00,BLR-1 ENABLE,0,good
2026-07-10T19:15:00,BLR-1 RUN-STS,1,good
2026-07-10T19:15:00,BLR-1 ALM,0,good
2026-07-10T19:15:00,BLR-1 MOD-CMD,16.86,good
2026-07-10T19:15:00,BLR-1 GAS-PRES,7.18,good
2026-07-10T19:15:00,CT-1 CWS,80.02,good
2026-07-10T19:15:00,CT-1 CWR,88.7,good
2026-07-10T19:15:00,CT-1 FAN-CMD,0,good
2026-07-10T19:15:00,CT-1 FAN-STS,1,good
2026-07-10T19:15:00,CT-1 FAN-SPD,16.86,good
2026-07-10T19:15:00,CT-1 BASIN-LVL,32.44,good
2026-07-10T19:15:00,CT-1 ALM,0,good
2026-07-10T19:15:00,PUMP-CHW-1 CMD,0,good
2026-07-10T19:15:00,PUMP-CHW-1 STS,1,good
2026-07-10T19:15:00,PUMP-CHW-1 SPD,16.86,good
2026-07-10T19:15:00,PUMP-CHW-1 DP,9.44,good
2026-07-10T19:15:00,PUMP-CHW-2 CMD,0,good
2026-07-10T19:15:00,PUMP-CHW-2 STS,1,good
2026-07-10T19:15:00,PUMP-CHW-2 SPD,16.86,good
2026-07-10T19:15:00,PUMP-CHW-2 DP,9.69,good
2026-07-10T19:15:00,PUMP-HW-1 CMD,0,good
2026-07-10T19:15:00,PUMP-HW-1 STS,1,good
2026-07-10T19:15:00,PUMP-HW-1 SPD,16.86,good
2026-07-10T19:15:00,PUMP-HW-1 DP,9.82,good
2026-07-10T19:15:00,PUMP-CW-1 CMD,0,good
2026-07-10T19:15:00,PUMP-CW-1 STS,1,good
2026-07-10T19:15:00,PUMP-CW-1 SPD,16.86,good
2026-07-10T19:15:00,PUMP-CW-1 DP,9.75,good
2026-07-10T19:15:00,VAV-101 ZN-T,70.92,good
2026-07-10T19:15:00,VAV-101 ZN-SP,72,good
2026-07-10T19:15:00,VAV-101 DMP-CMD,16.86,good
2026-07-10T19:15:00,VAV-101 DMP-POS,29.17,good
2026-07-10T19:15:00,VAV-101 AIRFLOW,848.82,good
2026-07-10T19:15:00,VAV-101 HTG-CMD,16.86,good
2026-07-10T19:15:00,VAV-102 ZN-T,70.95,good
2026-07-10T19:15:00,VAV-102 ZN-SP,72,good
2026-07-10T19:15:00,VAV-102 DMP-CMD,16.86,good
2026-07-10T19:15:00,VAV-102 DMP-POS,31.32,good
2026-07-10T19:15:00,VAV-102 AIRFLOW,723.21,good
2026-07-10T19:15:00,VAV-201 ZN-T,70.34,good
2026-07-10T19:15:00,VAV-201 ZN-SP,72,good
2026-07-10T19:15:00,VAV-201 DMP-CMD,16.86,good
2026-07-10T19:15:00,VAV-201 DMP-POS,33.01,good
2026-07-10T19:15:00,VAV-201 AIRFLOW,796.01,good
2026-07-10T19:15:00,VAV-201 HTG-CMD,16.86,good
2026-07-10T19:15:00,VAV-202 ZN-T,70.59,good
2026-07-10T19:15:00,VAV-202 ZN-SP,72,good
2026-07-10T19:15:00,VAV-202 DMP-CMD,16.86,good
2026-07-10T19:15:00,VAV-202 DMP-POS,30.3,good
2026-07-10T19:15:00,VAV-202 AIRFLOW,600.19,good
2026-07-10T19:15:00,VAV-203 ZN-T,70.26,good
2026-07-10T19:15:00,VAV-203 ZN-SP,72,good
2026-07-10T19:15:00,VAV-203 DMP-CMD,16.86,good
2026-07-10T19:15:00,VAV-203 DMP-POS,29.99,good
2026-07-10T19:15:00,VAV-203 AIRFLOW,709.44,good
2026-07-10T19:15:00,VAV-203 HTG-CMD,16.86,good
2026-07-10T19:30:00,AHU-1 SAT,53.63,good
2026-07-10T19:30:00,AHU-1 RAT,71.76,good
2026-07-10T19:30:00,AHU-1 MAT,61.42,good
2026-07-10T19:30:00,AHU-1 DAT-SP,55,good
2026-07-10T19:30:00,AHU-1 SF-CMD,0,good
2026-07-10T19:30:00,AHU-1 SF-STS,1,good
2026-07-10T19:30:00,AHU-1 SF-VFD-SPD,17.66,good
2026-07-10T19:30:00,AHU-1 OA-DMP-CMD,17.66,good
2026-07-10T19:30:00,AHU-1 CHW-VLV-CMD,17.66,good
2026-07-10T19:30:00,AHU-1 SAF-ALM,0,good
2026-07-10T19:30:00,AHU-2 SAT,53.44,good
2026-07-10T19:30:00,AHU-2 RAT,71.87,good
2026-07-10T19:30:00,AHU-2 MAT,61.22,good
2026-07-10T19:30:00,AHU-2 DAT-SP,55,good
2026-07-10T19:30:00,AHU-2 SF-CMD,0,good
2026-07-10T19:30:00,AHU-2 SF-STS,1,good
2026-07-10T19:30:00,AHU-2 SF-VFD-SPD,17.66,good
2026-07-10T19:30:00,AHU-2 OA-DMP-CMD,17.66,good
2026-07-10T19:30:00,AHU-2 HW-VLV-CMD,17.66,good
2026-07-10T19:30:00,AHU-2 SMK-ALM,0,good
2026-07-10T19:30:00,RTU-1 SAT,53.87,good
2026-07-10T19:30:00,RTU-1 RAT,72.44,good
2026-07-10T19:30:00,RTU-1 CLG-SP,72,good
2026-07-10T19:30:00,RTU-1 SF-CMD,0,good
2026-07-10T19:30:00,RTU-1 SF-STS,1,good
2026-07-10T19:30:00,RTU-1 HTG-EN,0,good
2026-07-10T19:30:00,RTU-1 CMP-STS,1,good
2026-07-10T19:30:00,RTU-1 FLT-ALM,0,good
2026-07-10T19:30:00,CHLR-1 CHWS,41.23,good
2026-07-10T19:30:00,CHLR-1 CHWR,54.63,good
2026-07-10T19:30:00,CHLR-1 CHW-DP,9.74,good
2026-07-10T19:30:00,CHLR-1 ENABLE,0,good
2026-07-10T19:30:00,CHLR-1 RUN-STS,1,good
2026-07-10T19:30:00,CHLR-1 ALM,0,good
2026-07-10T19:30:00,CHLR-1 LWT-SP,72,good
2026-07-10T19:30:00,CHLR-1 KW,60.04,good
2026-07-10T19:30:00,BLR-1 HWS,165.91,good
2026-07-10T19:30:00,BLR-1 HWR,148.28,good
2026-07-10T19:30:00,BLR-1 HWS-SP,72,good
2026-07-10T19:30:00,BLR-1 ENABLE,0,good
2026-07-10T19:30:00,BLR-1 RUN-STS,1,good
2026-07-10T19:30:00,BLR-1 ALM,0,good
2026-07-10T19:30:00,BLR-1 MOD-CMD,17.66,good
2026-07-10T19:30:00,BLR-1 GAS-PRES,7.2,good
2026-07-10T19:30:00,CT-1 CWS,80.43,good
2026-07-10T19:30:00,CT-1 CWR,88.43,good
2026-07-10T19:30:00,CT-1 FAN-CMD,0,good
2026-07-10T19:30:00,CT-1 FAN-STS,1,good
2026-07-10T19:30:00,CT-1 FAN-SPD,17.66,good
2026-07-10T19:30:00,CT-1 BASIN-LVL,33.29,good
2026-07-10T19:30:00,CT-1 ALM,0,good
2026-07-10T19:30:00,PUMP-CHW-1 CMD,0,good
2026-07-10T19:30:00,PUMP-CHW-1 STS,1,good
2026-07-10T19:30:00,PUMP-CHW-1 SPD,17.66,good
2026-07-10T19:30:00,PUMP-CHW-1 DP,9.63,good
2026-07-10T19:30:00,PUMP-CHW-2 CMD,0,good
2026-07-10T19:30:00,PUMP-CHW-2 STS,1,good
2026-07-10T19:30:00,PUMP-CHW-2 SPD,17.66,good
2026-07-10T19:30:00,PUMP-CHW-2 DP,9.45,good
2026-07-10T19:30:00,PUMP-HW-1 CMD,0,good
2026-07-10T19:30:00,PUMP-HW-1 STS,1,good
2026-07-10T19:30:00,PUMP-HW-1 SPD,17.66,good
2026-07-10T19:30:00,PUMP-HW-1 DP,9.57,good
2026-07-10T19:30:00,PUMP-CW-1 CMD,0,good
2026-07-10T19:30:00,PUMP-CW-1 STS,1,good
2026-07-10T19:30:00,PUMP-CW-1 SPD,17.66,good
2026-07-10T19:30:00,PUMP-CW-1 DP,9.47,good
2026-07-10T19:30:00,VAV-101 ZN-T,70.25,good
2026-07-10T19:30:00,VAV-101 ZN-SP,72,good
2026-07-10T19:30:00,VAV-101 DMP-CMD,17.66,good
2026-07-10T19:30:00,VAV-101 DMP-POS,33.32,good
2026-07-10T19:30:00,VAV-101 AIRFLOW,855.86,good
2026-07-10T19:30:00,VAV-101 HTG-CMD,17.66,good
2026-07-10T19:30:00,VAV-102 ZN-T,70.89,good
2026-07-10T19:30:00,VAV-102 ZN-SP,72,good
2026-07-10T19:30:00,VAV-102 DMP-CMD,17.66,good
2026-07-10T19:30:00,VAV-102 DMP-POS,32.12,good
2026-07-10T19:30:00,VAV-102 AIRFLOW,710.56,good
2026-07-10T19:30:00,VAV-201 ZN-T,70.9,good
2026-07-10T19:30:00,VAV-201 ZN-SP,72,good
2026-07-10T19:30:00,VAV-201 DMP-CMD,17.66,good
2026-07-10T19:30:00,VAV-201 DMP-POS,32.3,good
2026-07-10T19:30:00,VAV-201 AIRFLOW,801.04,good
2026-07-10T19:30:00,VAV-201 HTG-CMD,17.66,good
2026-07-10T19:30:00,VAV-202 ZN-T,70.75,good
2026-07-10T19:30:00,VAV-202 ZN-SP,72,good
2026-07-10T19:30:00,VAV-202 DMP-CMD,17.66,good
2026-07-10T19:30:00,VAV-202 DMP-POS,30.42,good
2026-07-10T19:30:00,VAV-202 AIRFLOW,606.55,good
2026-07-10T19:30:00,VAV-203 ZN-T,70.26,good
2026-07-10T19:30:00,VAV-203 ZN-SP,72,good
2026-07-10T19:30:00,VAV-203 DMP-CMD,17.66,good
2026-07-10T19:30:00,VAV-203 DMP-POS,30.75,good
2026-07-10T19:30:00,VAV-203 AIRFLOW,731.13,good
2026-07-10T19:30:00,VAV-203 HTG-CMD,17.66,good
2026-07-10T19:45:00,AHU-1 SAT,53.43,good
2026-07-10T19:45:00,AHU-1 RAT,72.3,good
2026-07-10T19:45:00,AHU-1 MAT,61.46,good
2026-07-10T19:45:00,AHU-1 DAT-SP,55,good
2026-07-10T19:45:00,AHU-1 SF-CMD,0,good
2026-07-10T19:45:00,AHU-1 SF-STS,1,good
2026-07-10T19:45:00,AHU-1 SF-VFD-SPD,18.61,good
2026-07-10T19:45:00,AHU-1 OA-DMP-CMD,18.61,good
2026-07-10T19:45:00,AHU-1 CHW-VLV-CMD,18.61,good
2026-07-10T19:45:00,AHU-1 SAF-ALM,0,good
2026-07-10T19:45:00,AHU-2 SAT,53.92,good
2026-07-10T19:45:00,AHU-2 RAT,72.03,good
2026-07-10T19:45:00,AHU-2 MAT,61.5,good
2026-07-10T19:45:00,AHU-2 DAT-SP,55,good
2026-07-10T19:45:00,AHU-2 SF-CMD,0,good
2026-07-10T19:45:00,AHU-2 SF-STS,1,good
2026-07-10T19:45:00,AHU-2 SF-VFD-SPD,18.61,good
2026-07-10T19:45:00,AHU-2 OA-DMP-CMD,18.61,good
2026-07-10T19:45:00,AHU-2 HW-VLV-CMD,18.61,good
2026-07-10T19:45:00,AHU-2 SMK-ALM,0,good
2026-07-10T19:45:00,RTU-1 SAT,53.93,good
2026-07-10T19:45:00,RTU-1 RAT,71.74,good
2026-07-10T19:45:00,RTU-1 CLG-SP,72,good
2026-07-10T19:45:00,RTU-1 SF-CMD,0,good
2026-07-10T19:45:00,RTU-1 SF-STS,1,good
2026-07-10T19:45:00,RTU-1 HTG-EN,0,good
2026-07-10T19:45:00,RTU-1 CMP-STS,1,good
2026-07-10T19:45:00,RTU-1 FLT-ALM,0,good
2026-07-10T19:45:00,CHLR-1 CHWS,41.3,good
2026-07-10T19:45:00,CHLR-1 CHWR,55.01,good
2026-07-10T19:45:00,CHLR-1 CHW-DP,10.04,good
2026-07-10T19:45:00,CHLR-1 ENABLE,0,good
2026-07-10T19:45:00,CHLR-1 RUN-STS,1,good
2026-07-10T19:45:00,CHLR-1 ALM,0,good
2026-07-10T19:45:00,CHLR-1 LWT-SP,72,good
2026-07-10T19:45:00,CHLR-1 KW,57.74,good
2026-07-10T19:45:00,BLR-1 HWS,165.81,good
2026-07-10T19:45:00,BLR-1 HWR,148.35,good
2026-07-10T19:45:00,BLR-1 HWS-SP,72,good
2026-07-10T19:45:00,BLR-1 ENABLE,0,good
2026-07-10T19:45:00,BLR-1 RUN-STS,1,good
2026-07-10T19:45:00,BLR-1 ALM,0,good
2026-07-10T19:45:00,BLR-1 MOD-CMD,18.61,good
2026-07-10T19:45:00,BLR-1 GAS-PRES,7.07,good
2026-07-10T19:45:00,CT-1 CWS,80.35,good
2026-07-10T19:45:00,CT-1 CWR,88.37,good
2026-07-10T19:45:00,CT-1 FAN-CMD,0,good
2026-07-10T19:45:00,CT-1 FAN-STS,1,good
2026-07-10T19:45:00,CT-1 FAN-SPD,18.61,good
2026-07-10T19:45:00,CT-1 BASIN-LVL,33.99,good
2026-07-10T19:45:00,CT-1 ALM,0,good
2026-07-10T19:45:00,PUMP-CHW-1 CMD,0,good
2026-07-10T19:45:00,PUMP-CHW-1 STS,1,good
2026-07-10T19:45:00,PUMP-CHW-1 SPD,18.61,good
2026-07-10T19:45:00,PUMP-CHW-1 DP,9.56,good
2026-07-10T19:45:00,PUMP-CHW-2 CMD,0,good
2026-07-10T19:45:00,PUMP-CHW-2 STS,1,good
2026-07-10T19:45:00,PUMP-CHW-2 SPD,18.61,good
2026-07-10T19:45:00,PUMP-CHW-2 DP,9.99,good
2026-07-10T19:45:00,PUMP-HW-1 CMD,0,good
2026-07-10T19:45:00,PUMP-HW-1 STS,1,good
2026-07-10T19:45:00,PUMP-HW-1 SPD,18.61,good
2026-07-10T19:45:00,PUMP-HW-1 DP,9.51,good
2026-07-10T19:45:00,PUMP-CW-1 CMD,0,good
2026-07-10T19:45:00,PUMP-CW-1 STS,1,good
2026-07-10T19:45:00,PUMP-CW-1 SPD,18.61,good
2026-07-10T19:45:00,PUMP-CW-1 DP,9.88,good
2026-07-10T19:45:00,VAV-101 ZN-T,70.57,good
2026-07-10T19:45:00,VAV-101 ZN-SP,72,good
2026-07-10T19:45:00,VAV-101 DMP-CMD,18.61,good
2026-07-10T19:45:00,VAV-101 DMP-POS,33.61,good
2026-07-10T19:45:00,VAV-101 AIRFLOW,846.02,good
2026-07-10T19:45:00,VAV-101 HTG-CMD,18.61,good
2026-07-10T19:45:00,VAV-102 ZN-T,70.27,good
2026-07-10T19:45:00,VAV-102 ZN-SP,72,good
2026-07-10T19:45:00,VAV-102 DMP-CMD,18.61,good
2026-07-10T19:45:00,VAV-102 DMP-POS,31.06,good
2026-07-10T19:45:00,VAV-102 AIRFLOW,709.71,good
2026-07-10T19:45:00,VAV-201 ZN-T,70.26,good
2026-07-10T19:45:00,VAV-201 ZN-SP,72,good
2026-07-10T19:45:00,VAV-201 DMP-CMD,18.61,good
2026-07-10T19:45:00,VAV-201 DMP-POS,30.49,good
2026-07-10T19:45:00,VAV-201 AIRFLOW,767.63,good
2026-07-10T19:45:00,VAV-201 HTG-CMD,18.61,good
2026-07-10T19:45:00,VAV-202 ZN-T,70.37,good
2026-07-10T19:45:00,VAV-202 ZN-SP,72,good
2026-07-10T19:45:00,VAV-202 DMP-CMD,18.61,good
2026-07-10T19:45:00,VAV-202 DMP-POS,32.99,good
2026-07-10T19:45:00,VAV-202 AIRFLOW,624.59,good
2026-07-10T19:45:00,VAV-203 ZN-T,70.77,good
2026-07-10T19:45:00,VAV-203 ZN-SP,72,good
2026-07-10T19:45:00,VAV-203 DMP-CMD,18.61,good
2026-07-10T19:45:00,VAV-203 DMP-POS,32.03,good
2026-07-10T19:45:00,VAV-203 AIRFLOW,722.14,good
2026-07-10T19:45:00,VAV-203 HTG-CMD,18.61,good
2026-07-10T20:00:00,AHU-1 SAT,53.73,good
2026-07-10T20:00:00,AHU-1 RAT,71.76,good
2026-07-10T20:00:00,AHU-1 MAT,61.03,good
2026-07-10T20:00:00,AHU-1 DAT-SP,55,good
2026-07-10T20:00:00,AHU-1 SF-CMD,0,good
2026-07-10T20:00:00,AHU-1 SF-STS,1,good
2026-07-10T20:00:00,AHU-1 SF-VFD-SPD,19.69,good
2026-07-10T20:00:00,AHU-1 OA-DMP-CMD,19.69,good
2026-07-10T20:00:00,AHU-1 CHW-VLV-CMD,19.69,good
2026-07-10T20:00:00,AHU-1 SAF-ALM,0,good
2026-07-10T20:00:00,AHU-2 SAT,53.92,good
2026-07-10T20:00:00,AHU-2 RAT,72.2,good
2026-07-10T20:00:00,AHU-2 MAT,61.23,good
2026-07-10T20:00:00,AHU-2 DAT-SP,55,good
2026-07-10T20:00:00,AHU-2 SF-CMD,0,good
2026-07-10T20:00:00,AHU-2 SF-STS,1,good
2026-07-10T20:00:00,AHU-2 SF-VFD-SPD,19.69,good
2026-07-10T20:00:00,AHU-2 OA-DMP-CMD,19.69,good
2026-07-10T20:00:00,AHU-2 HW-VLV-CMD,19.69,good
2026-07-10T20:00:00,AHU-2 SMK-ALM,0,good
2026-07-10T20:00:00,RTU-1 SAT,53.5,good
2026-07-10T20:00:00,RTU-1 RAT,71.73,good
2026-07-10T20:00:00,RTU-1 CLG-SP,72,good
2026-07-10T20:00:00,RTU-1 SF-CMD,0,good
2026-07-10T20:00:00,RTU-1 SF-STS,1,good
2026-07-10T20:00:00,RTU-1 HTG-EN,0,good
2026-07-10T20:00:00,RTU-1 CMP-STS,1,good
2026-07-10T20:00:00,RTU-1 FLT-ALM,0,good
2026-07-10T20:00:00,CHLR-1 CHWS,41.38,good
2026-07-10T20:00:00,CHLR-1 CHWR,54.78,good
2026-07-10T20:00:00,CHLR-1 CHW-DP,9.73,good
2026-07-10T20:00:00,CHLR-1 ENABLE,0,good
2026-07-10T20:00:00,CHLR-1 RUN-STS,1,good
2026-07-10T20:00:00,CHLR-1 ALM,0,good
2026-07-10T20:00:00,CHLR-1 LWT-SP,72,good
2026-07-10T20:00:00,CHLR-1 KW,61.22,good
2026-07-10T20:00:00,BLR-1 HWS,165.49,good
2026-07-10T20:00:00,BLR-1 HWR,147.75,good
2026-07-10T20:00:00,BLR-1 HWS-SP,72,good
2026-07-10T20:00:00,BLR-1 ENABLE,0,good
2026-07-10T20:00:00,BLR-1 RUN-STS,1,good
2026-07-10T20:00:00,BLR-1 ALM,0,good
2026-07-10T20:00:00,BLR-1 MOD-CMD,19.69,good
2026-07-10T20:00:00,BLR-1 GAS-PRES,7.13,good
2026-07-10T20:00:00,CT-1 CWS,80.41,good
2026-07-10T20:00:00,CT-1 CWR,88.59,good
2026-07-10T20:00:00,CT-1 FAN-CMD,0,good
2026-07-10T20:00:00,CT-1 FAN-STS,1,good
2026-07-10T20:00:00,CT-1 FAN-SPD,19.69,good
2026-07-10T20:00:00,CT-1 BASIN-LVL,34.27,good
2026-07-10T20:00:00,CT-1 ALM,0,good
2026-07-10T20:00:00,PUMP-CHW-1 CMD,0,good
2026-07-10T20:00:00,PUMP-CHW-1 STS,1,good
2026-07-10T20:00:00,PUMP-CHW-1 SPD,19.69,good
2026-07-10T20:00:00,PUMP-CHW-1 DP,9.59,good
2026-07-10T20:00:00,PUMP-CHW-2 CMD,0,good
2026-07-10T20:00:00,PUMP-CHW-2 STS,1,good
2026-07-10T20:00:00,PUMP-CHW-2 SPD,19.69,good
2026-07-10T20:00:00,PUMP-CHW-2 DP,9.89,good
2026-07-10T20:00:00,PUMP-HW-1 CMD,0,good
2026-07-10T20:00:00,PUMP-HW-1 STS,1,good
2026-07-10T20:00:00,PUMP-HW-1 SPD,19.69,good
2026-07-10T20:00:00,PUMP-HW-1 DP,9.9,good
2026-07-10T20:00:00,PUMP-CW-1 CMD,0,good
2026-07-10T20:00:00,PUMP-CW-1 STS,1,good
2026-07-10T20:00:00,PUMP-CW-1 SPD,19.69,good
2026-07-10T20:00:00,PUMP-CW-1 DP,9.82,good
2026-07-10T20:00:00,VAV-101 ZN-T,70.03,good
2026-07-10T20:00:00,VAV-101 ZN-SP,72,good
2026-07-10T20:00:00,VAV-101 DMP-CMD,19.69,good
2026-07-10T20:00:00,VAV-101 DMP-POS,34.45,good
2026-07-10T20:00:00,VAV-101 AIRFLOW,839.29,good
2026-07-10T20:00:00,VAV-101 HTG-CMD,19.69,good
2026-07-10T20:00:00,VAV-102 ZN-T,70.71,good
2026-07-10T20:00:00,VAV-102 ZN-SP,72,good
2026-07-10T20:00:00,VAV-102 DMP-CMD,19.69,good
2026-07-10T20:00:00,VAV-102 DMP-POS,31.31,good
2026-07-10T20:00:00,VAV-102 AIRFLOW,714.93,good
2026-07-10T20:00:00,VAV-201 ZN-T,70.16,good
2026-07-10T20:00:00,VAV-201 ZN-SP,72,good
2026-07-10T20:00:00,VAV-201 DMP-CMD,19.69,good
2026-07-10T20:00:00,VAV-201 DMP-POS,31.44,good
2026-07-10T20:00:00,VAV-201 AIRFLOW,799.68,good
2026-07-10T20:00:00,VAV-201 HTG-CMD,19.69,good
2026-07-10T20:00:00,VAV-202 ZN-T,70.58,good
2026-07-10T20:00:00,VAV-202 ZN-SP,72,good
2026-07-10T20:00:00,VAV-202 DMP-CMD,19.69,good
2026-07-10T20:00:00,VAV-202 DMP-POS,33.6,good
2026-07-10T20:00:00,VAV-202 AIRFLOW,599.68,good
2026-07-10T20:00:00,VAV-203 ZN-T,70.23,good
2026-07-10T20:00:00,VAV-203 ZN-SP,72,good
2026-07-10T20:00:00,VAV-203 DMP-CMD,19.69,good
2026-07-10T20:00:00,VAV-203 DMP-POS,31.63,good
2026-07-10T20:00:00,VAV-203 AIRFLOW,712.87,good
2026-07-10T20:00:00,VAV-203 HTG-CMD,19.69,good
2026-07-10T20:15:00,AHU-1 SAT,53.8,good
2026-07-10T20:15:00,AHU-1 RAT,72.32,good
2026-07-10T20:15:00,AHU-1 MAT,60.76,good
2026-07-10T20:15:00,AHU-1 DAT-SP,55,good
2026-07-10T20:15:00,AHU-1 SF-CMD,0,good
2026-07-10T20:15:00,AHU-1 SF-STS,0,good
2026-07-10T20:15:00,AHU-1 SF-VFD-SPD,20.9,good
2026-07-10T20:15:00,AHU-1 OA-DMP-CMD,20.9,good
2026-07-10T20:15:00,AHU-1 CHW-VLV-CMD,20.9,good
2026-07-10T20:15:00,AHU-1 SAF-ALM,0,good
2026-07-10T20:15:00,AHU-2 SAT,53.67,good
2026-07-10T20:15:00,AHU-2 RAT,71.99,good
2026-07-10T20:15:00,AHU-2 MAT,60.9,good
2026-07-10T20:15:00,AHU-2 DAT-SP,55,good
2026-07-10T20:15:00,AHU-2 SF-CMD,0,good
2026-07-10T20:15:00,AHU-2 SF-STS,0,good
2026-07-10T20:15:00,AHU-2 SF-VFD-SPD,20.9,good
2026-07-10T20:15:00,AHU-2 OA-DMP-CMD,20.9,good
2026-07-10T20:15:00,AHU-2 HW-VLV-CMD,20.9,good
2026-07-10T20:15:00,AHU-2 SMK-ALM,0,good
2026-07-10T20:15:00,RTU-1 SAT,53.85,good
2026-07-10T20:15:00,RTU-1 RAT,72.12,good
2026-07-10T20:15:00,RTU-1 CLG-SP,72,good
2026-07-10T20:15:00,RTU-1 SF-CMD,0,good
2026-07-10T20:15:00,RTU-1 SF-STS,0,good
2026-07-10T20:15:00,RTU-1 HTG-EN,0,good
2026-07-10T20:15:00,RTU-1 CMP-STS,0,good
2026-07-10T20:15:00,RTU-1 FLT-ALM,0,good
2026-07-10T20:15:00,CHLR-1 CHWS,41.27,good
2026-07-10T20:15:00,CHLR-1 CHWR,54.7,good
2026-07-10T20:15:00,CHLR-1 CHW-DP,9.72,good
2026-07-10T20:15:00,CHLR-1 ENABLE,0,good
2026-07-10T20:15:00,CHLR-1 RUN-STS,0,good
2026-07-10T20:15:00,CHLR-1 ALM,0,good
2026-07-10T20:15:00,CHLR-1 LWT-SP,72,good
2026-07-10T20:15:00,CHLR-1 KW,59.2,good
2026-07-10T20:15:00,BLR-1 HWS,165.59,good
2026-07-10T20:15:00,BLR-1 HWR,148.31,good
2026-07-10T20:15:00,BLR-1 HWS-SP,72,good
2026-07-10T20:15:00,BLR-1 ENABLE,0,good
2026-07-10T20:15:00,BLR-1 RUN-STS,0,good
2026-07-10T20:15:00,BLR-1 ALM,0,good
2026-07-10T20:15:00,BLR-1 MOD-CMD,20.9,good
2026-07-10T20:15:00,BLR-1 GAS-PRES,7.13,good
2026-07-10T20:15:00,CT-1 CWS,80.28,good
2026-07-10T20:15:00,CT-1 CWR,88.6,good
2026-07-10T20:15:00,CT-1 FAN-CMD,0,good
2026-07-10T20:15:00,CT-1 FAN-STS,0,good
2026-07-10T20:15:00,CT-1 FAN-SPD,20.9,good
2026-07-10T20:15:00,CT-1 BASIN-LVL,34.01,good
2026-07-10T20:15:00,CT-1 ALM,0,good
2026-07-10T20:15:00,PUMP-CHW-1 CMD,0,good
2026-07-10T20:15:00,PUMP-CHW-1 STS,0,good
2026-07-10T20:15:00,PUMP-CHW-1 SPD,20.9,good
2026-07-10T20:15:00,PUMP-CHW-1 DP,9.68,good
2026-07-10T20:15:00,PUMP-CHW-2 CMD,0,good
2026-07-10T20:15:00,PUMP-CHW-2 STS,0,good
2026-07-10T20:15:00,PUMP-CHW-2 SPD,20.9,good
2026-07-10T20:15:00,PUMP-CHW-2 DP,9.95,good
2026-07-10T20:15:00,PUMP-HW-1 CMD,0,good
2026-07-10T20:15:00,PUMP-HW-1 STS,0,good
2026-07-10T20:15:00,PUMP-HW-1 SPD,20.9,good
2026-07-10T20:15:00,PUMP-HW-1 DP,9.73,good
2026-07-10T20:15:00,PUMP-CW-1 CMD,0,good
2026-07-10T20:15:00,PUMP-CW-1 STS,0,good
2026-07-10T20:15:00,PUMP-CW-1 SPD,20.9,good
2026-07-10T20:15:00,PUMP-CW-1 DP,10.15,good
2026-07-10T20:15:00,VAV-101 ZN-T,70.25,good
2026-07-10T20:15:00,VAV-101 ZN-SP,72,good
2026-07-10T20:15:00,VAV-101 DMP-CMD,20.9,good
2026-07-10T20:15:00,VAV-101 DMP-POS,33.15,good
2026-07-10T20:15:00,VAV-101 AIRFLOW,848.31,good
2026-07-10T20:15:00,VAV-101 HTG-CMD,20.9,good
2026-07-10T20:15:00,VAV-102 ZN-T,70.32,good
2026-07-10T20:15:00,VAV-102 ZN-SP,72,good
2026-07-10T20:15:00,VAV-102 DMP-CMD,20.9,good
2026-07-10T20:15:00,VAV-102 DMP-POS,32.28,good
2026-07-10T20:15:00,VAV-102 AIRFLOW,725.98,good
2026-07-10T20:15:00,VAV-201 ZN-T,70.0,good
2026-07-10T20:15:00,VAV-201 ZN-SP,72,good
2026-07-10T20:15:00,VAV-201 DMP-CMD,20.9,good
2026-07-10T20:15:00,VAV-201 DMP-POS,34.38,good
2026-07-10T20:15:00,VAV-201 AIRFLOW,803.2,good
2026-07-10T20:15:00,VAV-201 HTG-CMD,20.9,good
2026-07-10T20:15:00,VAV-202 ZN-T,70.02,good
2026-07-10T20:15:00,VAV-202 ZN-SP,72,good
2026-07-10T20:15:00,VAV-202 DMP-CMD,20.9,good
2026-07-10T20:15:00,VAV-202 DMP-POS,32.75,good
2026-07-10T20:15:00,VAV-202 AIRFLOW,614.35,good
2026-07-10T20:15:00,VAV-203 ZN-T,70.73,good
2026-07-10T20:15:00,VAV-203 ZN-SP,72,good
2026-07-10T20:15:00,VAV-203 DMP-CMD,20.9,good
2026-07-10T20:15:00,VAV-203 DMP-POS,33.73,good
2026-07-10T20:15:00,VAV-203 AIRFLOW,737.38,good
2026-07-10T20:15:00,VAV-203 HTG-CMD,20.9,good
2026-07-10T20:30:00,AHU-1 SAT,54.01,good
2026-07-10T20:30:00,AHU-1 RAT,72.28,good
2026-07-10T20:30:00,AHU-1 MAT,61.11,good
2026-07-10T20:30:00,AHU-1 DAT-SP,55,good
2026-07-10T20:30:00,AHU-1 SF-CMD,0,good
2026-07-10T20:30:00,AHU-1 SF-STS,0,good
2026-07-10T20:30:00,AHU-1 SF-VFD-SPD,22.23,good
2026-07-10T20:30:00,AHU-1 OA-DMP-CMD,22.23,good
2026-07-10T20:30:00,AHU-1 CHW-VLV-CMD,22.23,good
2026-07-10T20:30:00,AHU-1 SAF-ALM,0,good
2026-07-10T20:30:00,AHU-2 SAT,53.83,good
2026-07-10T20:30:00,AHU-2 RAT,72.31,good
2026-07-10T20:30:00,AHU-2 MAT,61.17,good
2026-07-10T20:30:00,AHU-2 DAT-SP,55,good
2026-07-10T20:30:00,AHU-2 SF-CMD,0,good
2026-07-10T20:30:00,AHU-2 SF-STS,0,good
2026-07-10T20:30:00,AHU-2 SF-VFD-SPD,22.23,good
2026-07-10T20:30:00,AHU-2 OA-DMP-CMD,22.23,good
2026-07-10T20:30:00,AHU-2 HW-VLV-CMD,22.23,good
2026-07-10T20:30:00,AHU-2 SMK-ALM,0,good
2026-07-10T20:30:00,RTU-1 SAT,54.04,good
2026-07-10T20:30:00,RTU-1 RAT,72.0,good
2026-07-10T20:30:00,RTU-1 CLG-SP,72,good
2026-07-10T20:30:00,RTU-1 SF-CMD,0,good
2026-07-10T20:30:00,RTU-1 SF-STS,0,good
2026-07-10T20:30:00,RTU-1 HTG-EN,0,good
2026-07-10T20:30:00,RTU-1 CMP-STS,0,good
2026-07-10T20:30:00,RTU-1 FLT-ALM,0,good
2026-07-10T20:30:00,CHLR-1 CHWS,41.28,good
2026-07-10T20:30:00,CHLR-1 CHWR,55.08,good
2026-07-10T20:30:00,CHLR-1 CHW-DP,10.15,good
2026-07-10T20:30:00,CHLR-1 ENABLE,0,good
2026-07-10T20:30:00,CHLR-1 RUN-STS,0,good
2026-07-10T20:30:00,CHLR-1 ALM,0,good
2026-07-10T20:30:00,CHLR-1 LWT-SP,72,good
2026-07-10T20:30:00,CHLR-1 KW,60.73,good
2026-07-10T20:30:00,BLR-1 HWS,166.34,good
2026-07-10T20:30:00,BLR-1 HWR,148.3,good
2026-07-10T20:30:00,BLR-1 HWS-SP,72,good
2026-07-10T20:30:00,BLR-1 ENABLE,0,good
2026-07-10T20:30:00,BLR-1 RUN-STS,0,good
2026-07-10T20:30:00,BLR-1 ALM,0,good
2026-07-10T20:30:00,BLR-1 MOD-CMD,22.23,good
2026-07-10T20:30:00,BLR-1 GAS-PRES,7.22,good
2026-07-10T20:30:00,CT-1 CWS,80.49,good
2026-07-10T20:30:00,CT-1 CWR,88.43,good
2026-07-10T20:30:00,CT-1 FAN-CMD,0,good
2026-07-10T20:30:00,CT-1 FAN-STS,0,good
2026-07-10T20:30:00,CT-1 FAN-SPD,22.23,good
2026-07-10T20:30:00,CT-1 BASIN-LVL,35.16,good
2026-07-10T20:30:00,CT-1 ALM,0,good
2026-07-10T20:30:00,PUMP-CHW-1 CMD,0,good
2026-07-10T20:30:00,PUMP-CHW-1 STS,0,good
2026-07-10T20:30:00,PUMP-CHW-1 SPD,22.23,good
2026-07-10T20:30:00,PUMP-CHW-1 DP,9.82,good
2026-07-10T20:30:00,PUMP-CHW-2 CMD,0,good
2026-07-10T20:30:00,PUMP-CHW-2 STS,0,good
2026-07-10T20:30:00,PUMP-CHW-2 SPD,22.23,good
2026-07-10T20:30:00,PUMP-CHW-2 DP,10.31,good
2026-07-10T20:30:00,PUMP-HW-1 CMD,0,good
2026-07-10T20:30:00,PUMP-HW-1 STS,0,good
2026-07-10T20:30:00,PUMP-HW-1 SPD,22.23,good
2026-07-10T20:30:00,PUMP-HW-1 DP,10.3,good
2026-07-10T20:30:00,PUMP-CW-1 CMD,0,good
2026-07-10T20:30:00,PUMP-CW-1 STS,0,good
2026-07-10T20:30:00,PUMP-CW-1 SPD,22.23,good
2026-07-10T20:30:00,PUMP-CW-1 DP,10.2,good
2026-07-10T20:30:00,VAV-101 ZN-T,70.01,good
2026-07-10T20:30:00,VAV-101 ZN-SP,72,good
2026-07-10T20:30:00,VAV-101 DMP-CMD,22.23,good
2026-07-10T20:30:00,VAV-101 DMP-POS,33.83,good
2026-07-10T20:30:00,VAV-101 AIRFLOW,882.91,good
2026-07-10T20:30:00,VAV-101 HTG-CMD,22.23,good
2026-07-10T20:30:00,VAV-102 ZN-T,70.25,good
2026-07-10T20:30:00,VAV-102 ZN-SP,72,good
2026-07-10T20:30:00,VAV-102 DMP-CMD,22.23,good
2026-07-10T20:30:00,VAV-102 DMP-POS,36.12,good
2026-07-10T20:30:00,VAV-102 AIRFLOW,745.13,good
2026-07-10T20:30:00,VAV-201 ZN-T,70.57,good
2026-07-10T20:30:00,VAV-201 ZN-SP,72,good
2026-07-10T20:30:00,VAV-201 DMP-CMD,22.23,good
2026-07-10T20:30:00,VAV-201 DMP-POS,33.16,good
2026-07-10T20:30:00,VAV-201 AIRFLOW,818.14,good
2026-07-10T20:30:00,VAV-201 HTG-CMD,22.23,good
2026-07-10T20:30:00,VAV-202 ZN-T,70.64,good
2026-07-10T20:30:00,VAV-202 ZN-SP,72,good
2026-07-10T20:30:00,VAV-202 DMP-CMD,22.23,good
2026-07-10T20:30:00,VAV-202 DMP-POS,32.4,good
2026-07-10T20:30:00,VAV-202 AIRFLOW,612.22,good
2026-07-10T20:30:00,VAV-203 ZN-T,70.22,good
2026-07-10T20:30:00,VAV-203 ZN-SP,72,good
2026-07-10T20:30:00,VAV-203 DMP-CMD,22.23,good
2026-07-10T20:30:00,VAV-203 DMP-POS,33.44,good
2026-07-10T20:30:00,VAV-203 AIRFLOW,731.09,good
2026-07-10T20:30:00,VAV-203 HTG-CMD,22.23,good
2026-07-10T20:45:00,AHU-1 SAT,53.85,good
2026-07-10T20:45:00,AHU-1 RAT,72.31,good
2026-07-10T20:45:00,AHU-1 MAT,61.59,good
2026-07-10T20:45:00,AHU-1 DAT-SP,55,good
2026-07-10T20:45:00,AHU-1 SF-CMD,0,good
2026-07-10T20:45:00,AHU-1 SF-STS,0,good
2026-07-10T20:45:00,AHU-1 SF-VFD-SPD,23.69,good
2026-07-10T20:45:00,AHU-1 OA-DMP-CMD,23.69,good
2026-07-10T20:45:00,AHU-1 CHW-VLV-CMD,23.69,good
2026-07-10T20:45:00,AHU-1 SAF-ALM,0,good
2026-07-10T20:45:00,AHU-2 SAT,53.95,good
2026-07-10T20:45:00,AHU-2 RAT,72.02,good
2026-07-10T20:45:00,AHU-2 MAT,61.22,good
2026-07-10T20:45:00,AHU-2 DAT-SP,55,good
2026-07-10T20:45:00,AHU-2 SF-CMD,0,good
2026-07-10T20:45:00,AHU-2 SF-STS,0,good
2026-07-10T20:45:00,AHU-2 SF-VFD-SPD,23.69,good
2026-07-10T20:45:00,AHU-2 OA-DMP-CMD,23.69,good
2026-07-10T20:45:00,AHU-2 HW-VLV-CMD,23.69,good
2026-07-10T20:45:00,AHU-2 SMK-ALM,0,good
2026-07-10T20:45:00,RTU-1 SAT,53.82,good
2026-07-10T20:45:00,RTU-1 RAT,71.72,good
2026-07-10T20:45:00,RTU-1 CLG-SP,72,good
2026-07-10T20:45:00,RTU-1 SF-CMD,0,good
2026-07-10T20:45:00,RTU-1 SF-STS,0,good
2026-07-10T20:45:00,RTU-1 HTG-EN,0,good
2026-07-10T20:45:00,RTU-1 CMP-STS,0,good
2026-07-10T20:45:00,RTU-1 FLT-ALM,0,good
2026-07-10T20:45:00,CHLR-1 CHWS,41.42,good
2026-07-10T20:45:00,CHLR-1 CHWR,55.06,good
2026-07-10T20:45:00,CHLR-1 CHW-DP,10.38,good
2026-07-10T20:45:00,CHLR-1 ENABLE,0,good
2026-07-10T20:45:00,CHLR-1 RUN-STS,0,good
2026-07-10T20:45:00,CHLR-1 ALM,0,good
2026-07-10T20:45:00,CHLR-1 LWT-SP,72,good
2026-07-10T20:45:00,CHLR-1 KW,63.17,good
2026-07-10T20:45:00,BLR-1 HWS,166.17,good
2026-07-10T20:45:00,BLR-1 HWR,147.78,good
2026-07-10T20:45:00,BLR-1 HWS-SP,72,good
2026-07-10T20:45:00,BLR-1 ENABLE,0,good
2026-07-10T20:45:00,BLR-1 RUN-STS,0,good
2026-07-10T20:45:00,BLR-1 ALM,0,good
2026-07-10T20:45:00,BLR-1 MOD-CMD,23.69,good
2026-07-10T20:45:00,BLR-1 GAS-PRES,7.16,good
2026-07-10T20:45:00,CT-1 CWS,80.52,good
2026-07-10T20:45:00,CT-1 CWR,88.62,good
2026-07-10T20:45:00,CT-1 FAN-CMD,0,good
2026-07-10T20:45:00,CT-1 FAN-STS,0,good
2026-07-10T20:45:00,CT-1 FAN-SPD,23.69,good
2026-07-10T20:45:00,CT-1 BASIN-LVL,34.61,good
2026-07-10T20:45:00,CT-1 ALM,0,good
2026-07-10T20:45:00,PUMP-CHW-1 CMD,0,good
2026-07-10T20:45:00,PUMP-CHW-1 STS,0,good
2026-07-10T20:45:00,PUMP-CHW-1 SPD,23.69,good
2026-07-10T20:45:00,PUMP-CHW-1 DP,10.05,good
2026-07-10T20:45:00,PUMP-CHW-2 CMD,0,good
2026-07-10T20:45:00,PUMP-CHW-2 STS,0,good
2026-07-10T20:45:00,PUMP-CHW-2 SPD,23.69,good
2026-07-10T20:45:00,PUMP-CHW-2 DP,10.11,good
2026-07-10T20:45:00,PUMP-HW-1 CMD,0,good
2026-07-10T20:45:00,PUMP-HW-1 STS,0,good
2026-07-10T20:45:00,PUMP-HW-1 SPD,23.69,good
2026-07-10T20:45:00,PUMP-HW-1 DP,10.19,good
2026-07-10T20:45:00,PUMP-CW-1 CMD,0,good
2026-07-10T20:45:00,PUMP-CW-1 STS,0,good
2026-07-10T20:45:00,PUMP-CW-1 SPD,23.69,good
2026-07-10T20:45:00,PUMP-CW-1 DP,9.84,good
2026-07-10T20:45:00,VAV-101 ZN-T,70.09,good
2026-07-10T20:45:00,VAV-101 ZN-SP,72,good
2026-07-10T20:45:00,VAV-101 DMP-CMD,23.69,good
2026-07-10T20:45:00,VAV-101 DMP-POS,33.54,good
2026-07-10T20:45:00,VAV-101 AIRFLOW,873.83,good
2026-07-10T20:45:00,VAV-101 HTG-CMD,23.69,good
2026-07-10T20:45:00,VAV-102 ZN-T,70.43,good
2026-07-10T20:45:00,VAV-102 ZN-SP,72,good
2026-07-10T20:45:00,VAV-102 DMP-CMD,23.69,good
2026-07-10T20:45:00,VAV-102 DMP-POS,33.12,good
2026-07-10T20:45:00,VAV-102 AIRFLOW,760.85,good
2026-07-10T20:45:00,VAV-201 ZN-T,70.14,good
2026-07-10T20:45:00,VAV-201 ZN-SP,72,good
2026-07-10T20:45:00,VAV-201 DMP-CMD,23.69,good
2026-07-10T20:45:00,VAV-201 DMP-POS,33.91,good
2026-07-10T20:45:00,VAV-201 AIRFLOW,817.2,good
2026-07-10T20:45:00,VAV-201 HTG-CMD,23.69,good
2026-07-10T20:45:00,VAV-202 ZN-T,70.61,good
2026-07-10T20:45:00,VAV-202 ZN-SP,72,good
2026-07-10T20:45:00,VAV-202 DMP-CMD,23.69,good
2026-07-10T20:45:00,VAV-202 DMP-POS,36.55,good
2026-07-10T20:45:00,VAV-202 AIRFLOW,601.87,good
2026-07-10T20:45:00,VAV-203 ZN-T,70.52,good
2026-07-10T20:45:00,VAV-203 ZN-SP,72,good
2026-07-10T20:45:00,VAV-203 DMP-CMD,23.69,good
2026-07-10T20:45:00,VAV-203 DMP-POS,34.18,good
2026-07-10T20:45:00,VAV-203 AIRFLOW,736.48,good
2026-07-10T20:45:00,VAV-203 HTG-CMD,23.69,good
2026-07-10T21:00:00,AHU-1 SAT,53.93,good
2026-07-10T21:00:00,AHU-1 RAT,72.16,good
2026-07-10T21:00:00,AHU-1 MAT,61.04,good
2026-07-10T21:00:00,AHU-1 DAT-SP,55,good
2026-07-10T21:00:00,AHU-1 SF-CMD,0,good
2026-07-10T21:00:00,AHU-1 SF-STS,0,good
2026-07-10T21:00:00,AHU-1 SF-VFD-SPD,25.25,good
2026-07-10T21:00:00,AHU-1 OA-DMP-CMD,25.25,good
2026-07-10T21:00:00,AHU-1 CHW-VLV-CMD,25.25,good
2026-07-10T21:00:00,AHU-1 SAF-ALM,0,good
2026-07-10T21:00:00,AHU-2 SAT,54.16,good
2026-07-10T21:00:00,AHU-2 RAT,71.71,good
2026-07-10T21:00:00,AHU-2 MAT,61.91,good
2026-07-10T21:00:00,AHU-2 DAT-SP,55,good
2026-07-10T21:00:00,AHU-2 SF-CMD,0,good
2026-07-10T21:00:00,AHU-2 SF-STS,0,good
2026-07-10T21:00:00,AHU-2 SF-VFD-SPD,25.25,good
2026-07-10T21:00:00,AHU-2 OA-DMP-CMD,25.25,good
2026-07-10T21:00:00,AHU-2 HW-VLV-CMD,25.25,good
2026-07-10T21:00:00,AHU-2 SMK-ALM,0,good
2026-07-10T21:00:00,RTU-1 SAT,53.91,good
2026-07-10T21:00:00,RTU-1 RAT,72.26,good
2026-07-10T21:00:00,RTU-1 CLG-SP,72,good
2026-07-10T21:00:00,RTU-1 SF-CMD,0,good
2026-07-10T21:00:00,RTU-1 SF-STS,0,good
2026-07-10T21:00:00,RTU-1 HTG-EN,0,good
2026-07-10T21:00:00,RTU-1 CMP-STS,0,good
2026-07-10T21:00:00,RTU-1 FLT-ALM,0,good
2026-07-10T21:00:00,CHLR-1 CHWS,41.39,good
2026-07-10T21:00:00,CHLR-1 CHWR,54.97,good
2026-07-10T21:00:00,CHLR-1 CHW-DP,10.32,good
2026-07-10T21:00:00,CHLR-1 ENABLE,0,good
2026-07-10T21:00:00,CHLR-1 RUN-STS,0,good
2026-07-10T21:00:00,CHLR-1 ALM,0,good
2026-07-10T21:00:00,CHLR-1 LWT-SP,72,good
2026-07-10T21:00:00,CHLR-1 KW,61.02,good
2026-07-10T21:00:00,BLR-1 HWS,166.0,good
2026-07-10T21:00:00,BLR-1 HWR,148.41,good
2026-07-10T21:00:00,BLR-1 HWS-SP,72,good
2026-07-10T21:00:00,BLR-1 ENABLE,0,good
2026-07-10T21:00:00,BLR-1 RUN-STS,0,good
2026-07-10T21:00:00,BLR-1 ALM,0,good
2026-07-10T21:00:00,BLR-1 MOD-CMD,25.25,good
2026-07-10T21:00:00,BLR-1 GAS-PRES,7.27,good
2026-07-10T21:00:00,CT-1 CWS,80.74,good
2026-07-10T21:00:00,CT-1 CWR,89.01,good
2026-07-10T21:00:00,CT-1 FAN-CMD,0,good
2026-07-10T21:00:00,CT-1 FAN-STS,0,good
2026-07-10T21:00:00,CT-1 FAN-SPD,25.25,good
2026-07-10T21:00:00,CT-1 BASIN-LVL,37.14,good
2026-07-10T21:00:00,CT-1 ALM,0,good
2026-07-10T21:00:00,PUMP-CHW-1 CMD,0,good
2026-07-10T21:00:00,PUMP-CHW-1 STS,0,good
2026-07-10T21:00:00,PUMP-CHW-1 SPD,25.25,good
2026-07-10T21:00:00,PUMP-CHW-1 DP,10.24,good
2026-07-10T21:00:00,PUMP-CHW-2 CMD,0,good
2026-07-10T21:00:00,PUMP-CHW-2 STS,0,good
2026-07-10T21:00:00,PUMP-CHW-2 SPD,25.25,good
2026-07-10T21:00:00,PUMP-CHW-2 DP,10.03,good
2026-07-10T21:00:00,PUMP-HW-1 CMD,0,good
2026-07-10T21:00:00,PUMP-HW-1 STS,0,good
2026-07-10T21:00:00,PUMP-HW-1 SPD,25.25,good
2026-07-10T21:00:00,PUMP-HW-1 DP,10.12,good
2026-07-10T21:00:00,PUMP-CW-1 CMD,0,good
2026-07-10T21:00:00,PUMP-CW-1 STS,0,good
2026-07-10T21:00:00,PUMP-CW-1 SPD,25.25,good
2026-07-10T21:00:00,PUMP-CW-1 DP,10.24,good
2026-07-10T21:00:00,VAV-101 ZN-T,69.95,good
2026-07-10T21:00:00,VAV-101 ZN-SP,72,good
2026-07-10T21:00:00,VAV-101 DMP-CMD,25.25,good
2026-07-10T21:00:00,VAV-101 DMP-POS,37.26,good
2026-07-10T21:00:00,VAV-101 AIRFLOW,891.23,good
2026-07-10T21:00:00,VAV-101 HTG-CMD,25.25,good
2026-07-10T21:00:00,VAV-102 ZN-T,69.86,good
2026-07-10T21:00:00,VAV-102 ZN-SP,72,good
2026-07-10T21:00:00,VAV-102 DMP-CMD,25.25,good
2026-07-10T21:00:00,VAV-102 DMP-POS,34.63,good
2026-07-10T21:00:00,VAV-102 AIRFLOW,764.22,good
2026-07-10T21:00:00,VAV-201 ZN-T,70.51,good
2026-07-10T21:00:00,VAV-201 ZN-SP,72,good
2026-07-10T21:00:00,VAV-201 DMP-CMD,25.25,good
2026-07-10T21:00:00,VAV-201 DMP-POS,34.86,good
2026-07-10T21:00:00,VAV-201 AIRFLOW,811.74,good
2026-07-10T21:00:00,VAV-201 HTG-CMD,25.25,good
2026-07-10T21:00:00,VAV-202 ZN-T,70.58,good
2026-07-10T21:00:00,VAV-202 ZN-SP,72,good
2026-07-10T21:00:00,VAV-202 DMP-CMD,25.25,good
2026-07-10T21:00:00,VAV-202 DMP-POS,36.68,good
2026-07-10T21:00:00,VAV-202 AIRFLOW,616.71,good
2026-07-10T21:00:00,VAV-203 ZN-T,70.5,good
2026-07-10T21:00:00,VAV-203 ZN-SP,72,good
2026-07-10T21:00:00,VAV-203 DMP-CMD,25.25,good
2026-07-10T21:00:00,VAV-203 DMP-POS,35.88,good
2026-07-10T21:00:00,VAV-203 AIRFLOW,756.32,good
2026-07-10T21:00:00,VAV-203 HTG-CMD,25.25,good
2026-07-10T21:15:00,AHU-1 SAT,53.79,good
2026-07-10T21:15:00,AHU-1 RAT,71.63,good
2026-07-10T21:15:00,AHU-1 MAT,61.47,good
2026-07-10T21:15:00,AHU-1 DAT-SP,55,good
2026-07-10T21:15:00,AHU-1 SF-CMD,0,good
2026-07-10T21:15:00,AHU-1 SF-STS,0,good
2026-07-10T21:15:00,AHU-1 SF-VFD-SPD,26.92,good
2026-07-10T21:15:00,AHU-1 OA-DMP-CMD,26.92,good
2026-07-10T21:15:00,AHU-1 CHW-VLV-CMD,26.92,good
2026-07-10T21:15:00,AHU-1 SAF-ALM,0,good
2026-07-10T21:15:00,AHU-2 SAT,54.07,good
2026-07-10T21:15:00,AHU-2 RAT,71.74,good
2026-07-10T21:15:00,AHU-2 MAT,61.97,good
2026-07-10T21:15:00,AHU-2 DAT-SP,55,good
2026-07-10T21:15:00,AHU-2 SF-CMD,0,good
2026-07-10T21:15:00,AHU-2 SF-STS,0,good
2026-07-10T21:15:00,AHU-2 SF-VFD-SPD,26.92,good
2026-07-10T21:15:00,AHU-2 OA-DMP-CMD,26.92,good
2026-07-10T21:15:00,AHU-2 HW-VLV-CMD,26.92,good
2026-07-10T21:15:00,AHU-2 SMK-ALM,0,good
2026-07-10T21:15:00,RTU-1 SAT,54.06,good
2026-07-10T21:15:00,RTU-1 RAT,71.88,good
2026-07-10T21:15:00,RTU-1 CLG-SP,72,good
2026-07-10T21:15:00,RTU-1 SF-CMD,0,good
2026-07-10T21:15:00,RTU-1 SF-STS,0,good
2026-07-10T21:15:00,RTU-1 HTG-EN,0,good
2026-07-10T21:15:00,RTU-1 CMP-STS,0,good
2026-07-10T21:15:00,RTU-1 FLT-ALM,0,good
2026-07-10T21:15:00,CHLR-1 CHWS,41.41,good
2026-07-10T21:15:00,CHLR-1 CHWR,55.2,good
2026-07-10T21:15:00,CHLR-1 CHW-DP,10.5,good
2026-07-10T21:15:00,CHLR-1 ENABLE,0,good
2026-07-10T21:15:00,CHLR-1 RUN-STS,0,good
2026-07-10T21:15:00,CHLR-1 ALM,0,good
2026-07-10T21:15:00,CHLR-1 LWT-SP,72,good
2026-07-10T21:15:00,CHLR-1 KW,63.89,good
2026-07-10T21:15:00,BLR-1 HWS,166.18,good
2026-07-10T21:15:00,BLR-1 HWR,148.11,good
2026-07-10T21:15:00,BLR-1 HWS-SP,72,good
2026-07-10T21:15:00,BLR-1 ENABLE,0,good
2026-07-10T21:15:00,BLR-1 RUN-STS,0,good
2026-07-10T21:15:00,BLR-1 ALM,0,good
2026-07-10T21:15:00,BLR-1 MOD-CMD,26.92,good
2026-07-10T21:15:00,BLR-1 GAS-PRES,7.17,good
2026-07-10T21:15:00,CT-1 CWS,80.72,good
2026-07-10T21:15:00,CT-1 CWR,89.15,good
2026-07-10T21:15:00,CT-1 FAN-CMD,0,good
2026-07-10T21:15:00,CT-1 FAN-STS,0,good
2026-07-10T21:15:00,CT-1 FAN-SPD,26.92,good
2026-07-10T21:15:00,CT-1 BASIN-LVL,38.24,good
2026-07-10T21:15:00,CT-1 ALM,0,good
2026-07-10T21:15:00,PUMP-CHW-1 CMD,0,good
2026-07-10T21:15:00,PUMP-CHW-1 STS,0,good
2026-07-10T21:15:00,PUMP-CHW-1 SPD,26.92,good
2026-07-10T21:15:00,PUMP-CHW-1 DP,10.44,good
2026-07-10T21:15:00,PUMP-CHW-2 CMD,0,good
2026-07-10T21:15:00,PUMP-CHW-2 STS,0,good
2026-07-10T21:15:00,PUMP-CHW-2 SPD,26.92,good
2026-07-10T21:15:00,PUMP-CHW-2 DP,10.46,good
2026-07-10T21:15:00,PUMP-HW-1 CMD,0,good
2026-07-10T21:15:00,PUMP-HW-1 STS,0,good
2026-07-10T21:15:00,PUMP-HW-1 SPD,26.92,good
2026-07-10T21:15:00,PUMP-HW-1 DP,10.21,good
2026-07-10T21:15:00,PUMP-CW-1 CMD,0,good
2026-07-10T21:15:00,PUMP-CW-1 STS,0,good
2026-07-10T21:15:00,PUMP-CW-1 SPD,26.92,good
2026-07-10T21:15:00,PUMP-CW-1 DP,10.3,good
2026-07-10T21:15:00,VAV-101 ZN-T,69.84,good
2026-07-10T21:15:00,VAV-101 ZN-SP,72,good
2026-07-10T21:15:00,VAV-101 DMP-CMD,26.92,good
2026-07-10T21:15:00,VAV-101 DMP-POS,37.93,good
2026-07-10T21:15:00,VAV-101 AIRFLOW,893.78,good
2026-07-10T21:15:00,VAV-101 HTG-CMD,26.92,good
2026-07-10T21:15:00,VAV-102 ZN-T,69.83,good
2026-07-10T21:15:00,VAV-102 ZN-SP,72,good
2026-07-10T21:15:00,VAV-102 DMP-CMD,26.92,good
2026-07-10T21:15:00,VAV-102 DMP-POS,38.46,good
2026-07-10T21:15:00,VAV-102 AIRFLOW,762.82,good
2026-07-10T21:15:00,VAV-201 ZN-T,70.3,good
2026-07-10T21:15:00,VAV-201 ZN-SP,72,good
2026-07-10T21:15:00,VAV-201 DMP-CMD,26.92,good
2026-07-10T21:15:00,VAV-201 DMP-POS,34.85,good
2026-07-10T21:15:00,VAV-201 AIRFLOW,810.09,good
2026-07-10T21:15:00,VAV-201 HTG-CMD,26.92,good
2026-07-10T21:15:00,VAV-202 ZN-T,70.46,good
2026-07-10T21:15:00,VAV-202 ZN-SP,72,good
2026-07-10T21:15:00,VAV-202 DMP-CMD,26.92,good
2026-07-10T21:15:00,VAV-202 DMP-POS,36.03,good
2026-07-10T21:15:00,VAV-202 AIRFLOW,649.45,good
2026-07-10T21:15:00,VAV-203 ZN-T,70.33,good
2026-07-10T21:15:00,VAV-203 ZN-SP,72,good
2026-07-10T21:15:00,VAV-203 DMP-CMD,26.92,good
2026-07-10T21:15:00,VAV-203 DMP-POS,36.51,good
2026-07-10T21:15:00,VAV-203 AIRFLOW,751.98,good
2026-07-10T21:15:00,VAV-203 HTG-CMD,26.92,good
2026-07-10T21:30:00,AHU-1 SAT,54.0,good
2026-07-10T21:30:00,AHU-1 RAT,71.82,good
2026-07-10T21:30:00,AHU-1 MAT,61.75,good
2026-07-10T21:30:00,AHU-1 DAT-SP,55,good
2026-07-10T21:30:00,AHU-1 SF-CMD,0,good
2026-07-10T21:30:00,AHU-1 SF-STS,0,good
2026-07-10T21:30:00,AHU-1 SF-VFD-SPD,28.69,good
2026-07-10T21:30:00,AHU-1 OA-DMP-CMD,28.69,good
2026-07-10T21:30:00,AHU-1 CHW-VLV-CMD,28.69,good
2026-07-10T21:30:00,AHU-1 SAF-ALM,0,good
2026-07-10T21:30:00,AHU-2 SAT,54.19,good
2026-07-10T21:30:00,AHU-2 RAT,72.27,good
2026-07-10T21:30:00,AHU-2 MAT,61.68,good
2026-07-10T21:30:00,AHU-2 DAT-SP,55,good
2026-07-10T21:30:00,AHU-2 SF-CMD,0,good
2026-07-10T21:30:00,AHU-2 SF-STS,0,good
2026-07-10T21:30:00,AHU-2 SF-VFD-SPD,28.69,good
2026-07-10T21:30:00,AHU-2 OA-DMP-CMD,28.69,good
2026-07-10T21:30:00,AHU-2 HW-VLV-CMD,28.69,good
2026-07-10T21:30:00,AHU-2 SMK-ALM,0,good
2026-07-10T21:30:00,RTU-1 SAT,53.85,good
2026-07-10T21:30:00,RTU-1 RAT,72.02,good
2026-07-10T21:30:00,RTU-1 CLG-SP,72,good
2026-07-10T21:30:00,RTU-1 SF-CMD,0,good
2026-07-10T21:30:00,RTU-1 SF-STS,0,good
2026-07-10T21:30:00,RTU-1 HTG-EN,0,good
2026-07-10T21:30:00,RTU-1 CMP-STS,0,good
2026-07-10T21:30:00,RTU-1 FLT-ALM,0,good
2026-07-10T21:30:00,CHLR-1 CHWS,41.55,good
2026-07-10T21:30:00,CHLR-1 CHWR,55.23,good
2026-07-10T21:30:00,CHLR-1 CHW-DP,10.4,good
2026-07-10T21:30:00,CHLR-1 ENABLE,0,good
2026-07-10T21:30:00,CHLR-1 RUN-STS,0,good
2026-07-10T21:30:00,CHLR-1 ALM,0,good
2026-07-10T21:30:00,CHLR-1 LWT-SP,72,good
2026-07-10T21:30:00,CHLR-1 KW,64.63,good
2026-07-10T21:30:00,BLR-1 HWS,166.57,good
2026-07-10T21:30:00,BLR-1 HWR,148.1,good
2026-07-10T21:30:00,BLR-1 HWS-SP,72,good
2026-07-10T21:30:00,BLR-1 ENABLE,0,good
2026-07-10T21:30:00,BLR-1 RUN-STS,0,good
2026-07-10T21:30:00,BLR-1 ALM,0,good
2026-07-10T21:30:00,BLR-1 MOD-CMD,28.69,good
2026-07-10T21:30:00,BLR-1 GAS-PRES,7.18,good
2026-07-10T21:30:00,CT-1 CWS,80.52,good
2026-07-10T21:30:00,CT-1 CWR,89.25,good
2026-07-10T21:30:00,CT-1 FAN-CMD,0,good
2026-07-10T21:30:00,CT-1 FAN-STS,0,good
2026-07-10T21:30:00,CT-1 FAN-SPD,28.69,good
2026-07-10T21:30:00,CT-1 BASIN-LVL,38.39,good
2026-07-10T21:30:00,CT-1 ALM,0,good
2026-07-10T21:30:00,PUMP-CHW-1 CMD,0,good
2026-07-10T21:30:00,PUMP-CHW-1 STS,0,good
2026-07-10T21:30:00,PUMP-CHW-1 SPD,28.69,good
2026-07-10T21:30:00,PUMP-CHW-1 DP,10.69,good
2026-07-10T21:30:00,PUMP-CHW-2 CMD,0,good
2026-07-10T21:30:00,PUMP-CHW-2 STS,0,good
2026-07-10T21:30:00,PUMP-CHW-2 SPD,28.69,good
2026-07-10T21:30:00,PUMP-CHW-2 DP,10.33,good
2026-07-10T21:30:00,PUMP-HW-1 CMD,0,good
2026-07-10T21:30:00,PUMP-HW-1 STS,0,good
2026-07-10T21:30:00,PUMP-HW-1 SPD,28.69,good
2026-07-10T21:30:00,PUMP-HW-1 DP,10.6,good
2026-07-10T21:30:00,PUMP-CW-1 CMD,0,good
2026-07-10T21:30:00,PUMP-CW-1 STS,0,good
2026-07-10T21:30:00,PUMP-CW-1 SPD,28.69,good
2026-07-10T21:30:00,PUMP-CW-1 DP,10.71,good
2026-07-10T21:30:00,VAV-101 ZN-T,70.05,good
2026-07-10T21:30:00,VAV-101 ZN-SP,72,good
2026-07-10T21:30:00,VAV-101 DMP-CMD,28.69,good
2026-07-10T21:30:00,VAV-101 DMP-POS,36.42,good
2026-07-10T21:30:00,VAV-101 AIRFLOW,901.13,good
2026-07-10T21:30:00,VAV-101 HTG-CMD,28.69,good
2026-07-10T21:30:00,VAV-102 ZN-T,70.53,good
2026-07-10T21:30:00,VAV-102 ZN-SP,72,good
2026-07-10T21:30:00,VAV-102 DMP-CMD,28.69,good
2026-07-10T21:30:00,VAV-102 DMP-POS,39.05,good
2026-07-10T21:30:00,VAV-102 AIRFLOW,775.39,good
2026-07-10T21:30:00,VAV-201 ZN-T,70.29,good
2026-07-10T21:30:00,VAV-201 ZN-SP,72,good
2026-07-10T21:30:00,VAV-201 DMP-CMD,28.69,good
2026-07-10T21:30:00,VAV-201 DMP-POS,38.47,good
2026-07-10T21:30:00,VAV-201 AIRFLOW,834.13,good
2026-07-10T21:30:00,VAV-201 HTG-CMD,28.69,good
2026-07-10T21:30:00,VAV-202 ZN-T,70.38,good
2026-07-10T21:30:00,VAV-202 ZN-SP,72,good
2026-07-10T21:30:00,VAV-202 DMP-CMD,28.69,good
2026-07-10T21:30:00,VAV-202 DMP-POS,38.45,good
2026-07-10T21:30:00,VAV-202 AIRFLOW,655.98,good
2026-07-10T21:30:00,VAV-203 ZN-T,70.01,good
2026-07-10T21:30:00,VAV-203 ZN-SP,72,good
2026-07-10T21:30:00,VAV-203 DMP-CMD,28.69,good
2026-07-10T21:30:00,VAV-203 DMP-POS,37.5,good
2026-07-10T21:30:00,VAV-203 AIRFLOW,758.83,good
2026-07-10T21:30:00,VAV-203 HTG-CMD,28.69,good
2026-07-10T21:45:00,AHU-1 SAT,53.89,good
2026-07-10T21:45:00,AHU-1 RAT,72.2,good
2026-07-10T21:45:00,AHU-1 MAT,62.06,good
2026-07-10T21:45:00,AHU-1 DAT-SP,55,good
2026-07-10T21:45:00,AHU-1 SF-CMD,0,good
2026-07-10T21:45:00,AHU-1 SF-STS,0,good
2026-07-10T21:45:00,AHU-1 SF-VFD-SPD,30.56,good
2026-07-10T21:45:00,AHU-1 OA-DMP-CMD,30.56,good
2026-07-10T21:45:00,AHU-1 CHW-VLV-CMD,30.56,good
2026-07-10T21:45:00,AHU-1 SAF-ALM,0,good
2026-07-10T21:45:00,AHU-2 SAT,53.98,good
2026-07-10T21:45:00,AHU-2 RAT,72.21,good
2026-07-10T21:45:00,AHU-2 MAT,61.71,good
2026-07-10T21:45:00,AHU-2 DAT-SP,55,good
2026-07-10T21:45:00,AHU-2 SF-CMD,0,good
2026-07-10T21:45:00,AHU-2 SF-STS,0,good
2026-07-10T21:45:00,AHU-2 SF-VFD-SPD,30.56,good
2026-07-10T21:45:00,AHU-2 OA-DMP-CMD,30.56,good
2026-07-10T21:45:00,AHU-2 HW-VLV-CMD,30.56,good
2026-07-10T21:45:00,AHU-2 SMK-ALM,0,good
2026-07-10T21:45:00,RTU-1 SAT,54.19,good
2026-07-10T21:45:00,RTU-1 RAT,72.26,good
2026-07-10T21:45:00,RTU-1 CLG-SP,72,good
2026-07-10T21:45:00,RTU-1 SF-CMD,0,good
2026-07-10T21:45:00,RTU-1 SF-STS,0,good
2026-07-10T21:45:00,RTU-1 HTG-EN,0,good
2026-07-10T21:45:00,RTU-1 CMP-STS,0,good
2026-07-10T21:45:00,RTU-1 FLT-ALM,0,good
2026-07-10T21:45:00,CHLR-1 CHWS,41.64,good
2026-07-10T21:45:00,CHLR-1 CHWR,55.22,good
2026-07-10T21:45:00,CHLR-1 CHW-DP,10.62,good
2026-07-10T21:45:00,CHLR-1 ENABLE,0,good
2026-07-10T21:45:00,CHLR-1 RUN-STS,0,good
2026-07-10T21:45:00,CHLR-1 ALM,0,good
2026-07-10T21:45:00,CHLR-1 LWT-SP,72,good
2026-07-10T21:45:00,CHLR-1 KW,66.38,good
2026-07-10T21:45:00,BLR-1 HWS,166.88,good
2026-07-10T21:45:00,BLR-1 HWR,148.63,good
2026-07-10T21:45:00,BLR-1 HWS-SP,72,good
2026-07-10T21:45:00,BLR-1 ENABLE,0,good
2026-07-10T21:45:00,BLR-1 RUN-STS,0,good
2026-07-10T21:45:00,BLR-1 ALM,0,good
2026-07-10T21:45:00,BLR-1 MOD-CMD,30.56,good
2026-07-10T21:45:00,BLR-1 GAS-PRES,7.21,good
2026-07-10T21:45:00,CT-1 CWS,80.65,good
2026-07-10T21:45:00,CT-1 CWR,88.84,good
2026-07-10T21:45:00,CT-1 FAN-CMD,0,good
2026-07-10T21:45:00,CT-1 FAN-STS,0,good
2026-07-10T21:45:00,CT-1 FAN-SPD,30.56,good
2026-07-10T21:45:00,CT-1 BASIN-LVL,37.92,good
2026-07-10T21:45:00,CT-1 ALM,0,good
2026-07-10T21:45:00,PUMP-CHW-1 CMD,0,good
2026-07-10T21:45:00,PUMP-CHW-1 STS,0,good
2026-07-10T21:45:00,PUMP-CHW-1 SPD,30.56,good
2026-07-10T21:45:00,PUMP-CHW-1 DP,10.8,good
2026-07-10T21:45:00,PUMP-CHW-2 CMD,0,good
2026-07-10T21:45:00,PUMP-CHW-2 STS,0,good
2026-07-10T21:45:00,PUMP-CHW-2 SPD,30.56,good
2026-07-10T21:45:00,PUMP-CHW-2 DP,10.77,good
2026-07-10T21:45:00,PUMP-HW-1 CMD,0,good
2026-07-10T21:45:00,PUMP-HW-1 STS,0,good
2026-07-10T21:45:00,PUMP-HW-1 SPD,30.56,good
2026-07-10T21:45:00,PUMP-HW-1 DP,10.42,good
2026-07-10T21:45:00,PUMP-CW-1 CMD,0,good
2026-07-10T21:45:00,PUMP-CW-1 STS,0,good
2026-07-10T21:45:00,PUMP-CW-1 SPD,30.56,good
2026-07-10T21:45:00,PUMP-CW-1 DP,10.72,good
2026-07-10T21:45:00,VAV-101 ZN-T,70.07,good
2026-07-10T21:45:00,VAV-101 ZN-SP,72,good
2026-07-10T21:45:00,VAV-101 DMP-CMD,30.56,good
2026-07-10T21:45:00,VAV-101 DMP-POS,37.25,good
2026-07-10T21:45:00,VAV-101 AIRFLOW,892.54,good
2026-07-10T21:45:00,VAV-101 HTG-CMD,30.56,good
2026-07-10T21:45:00,VAV-102 ZN-T,70.4,good
2026-07-10T21:45:00,VAV-102 ZN-SP,72,good
2026-07-10T21:45:00,VAV-102 DMP-CMD,30.56,good
2026-07-10T21:45:00,VAV-102 DMP-POS,38.12,good
2026-07-10T21:45:00,VAV-102 AIRFLOW,781.52,good
2026-07-10T21:45:00,VAV-201 ZN-T,70.07,good
2026-07-10T21:45:00,VAV-201 ZN-SP,72,good
2026-07-10T21:45:00,VAV-201 DMP-CMD,30.56,good
2026-07-10T21:45:00,VAV-201 DMP-POS,37.93,good
2026-07-10T21:45:00,VAV-201 AIRFLOW,825.93,good
2026-07-10T21:45:00,VAV-201 HTG-CMD,30.56,good
2026-07-10T21:45:00,VAV-202 ZN-T,70.48,good
2026-07-10T21:45:00,VAV-202 ZN-SP,72,good
2026-07-10T21:45:00,VAV-202 DMP-CMD,30.56,good
2026-07-10T21:45:00,VAV-202 DMP-POS,38.77,good
2026-07-10T21:45:00,VAV-202 AIRFLOW,656.32,good
2026-07-10T21:45:00,VAV-203 ZN-T,70.27,good
2026-07-10T21:45:00,VAV-203 ZN-SP,72,good
2026-07-10T21:45:00,VAV-203 DMP-CMD,30.56,good
2026-07-10T21:45:00,VAV-203 DMP-POS,40.67,good
2026-07-10T21:45:00,VAV-203 AIRFLOW,752.85,good
2026-07-10T21:45:00,VAV-203 HTG-CMD,30.56,good
2026-07-10T22:00:00,AHU-1 SAT,54.48,good
2026-07-10T22:00:00,AHU-1 RAT,72.06,good
2026-07-10T22:00:00,AHU-1 MAT,62.58,good
2026-07-10T22:00:00,AHU-1 DAT-SP,55,good
2026-07-10T22:00:00,AHU-1 SF-CMD,0,good
2026-07-10T22:00:00,AHU-1 SF-STS,0,good
2026-07-10T22:00:00,AHU-1 SF-VFD-SPD,32.5,good
2026-07-10T22:00:00,AHU-1 OA-DMP-CMD,32.5,good
2026-07-10T22:00:00,AHU-1 CHW-VLV-CMD,32.5,good
2026-07-10T22:00:00,AHU-1 SAF-ALM,0,good
2026-07-10T22:00:00,AHU-2 SAT,54.18,good
2026-07-10T22:00:00,AHU-2 RAT,71.9,good
2026-07-10T22:00:00,AHU-2 MAT,61.77,good
2026-07-10T22:00:00,AHU-2 DAT-SP,55,good
2026-07-10T22:00:00,AHU-2 SF-CMD,0,good
2026-07-10T22:00:00,AHU-2 SF-STS,0,good
2026-07-10T22:00:00,AHU-2 SF-VFD-SPD,32.5,good
2026-07-10T22:00:00,AHU-2 OA-DMP-CMD,32.5,good
2026-07-10T22:00:00,AHU-2 HW-VLV-CMD,32.5,good
2026-07-10T22:00:00,AHU-2 SMK-ALM,0,good
2026-07-10T22:00:00,RTU-1 SAT,54.46,good
2026-07-10T22:00:00,RTU-1 RAT,71.77,good
2026-07-10T22:00:00,RTU-1 CLG-SP,72,good
2026-07-10T22:00:00,RTU-1 SF-CMD,0,good
2026-07-10T22:00:00,RTU-1 SF-STS,0,good
2026-07-10T22:00:00,RTU-1 HTG-EN,0,good
2026-07-10T22:00:00,RTU-1 CMP-STS,0,good
2026-07-10T22:00:00,RTU-1 FLT-ALM,0,good
2026-07-10T22:00:00,CHLR-1 CHWS,41.54,good
2026-07-10T22:00:00,CHLR-1 CHWR,55.17,good
2026-07-10T22:00:00,CHLR-1 CHW-DP,10.79,good
2026-07-10T22:00:00,CHLR-1 ENABLE,0,good
2026-07-10T22:00:00,CHLR-1 RUN-STS,0,good
2026-07-10T22:00:00,CHLR-1 ALM,0,good
2026-07-10T22:00:00,CHLR-1 LWT-SP,72,good
2026-07-10T22:00:00,CHLR-1 KW,67.63,good
2026-07-10T22:00:00,BLR-1 HWS,166.72,good
2026-07-10T22:00:00,BLR-1 HWR,148.26,good
2026-07-10T22:00:00,BLR-1 HWS-SP,72,good
2026-07-10T22:00:00,BLR-1 ENABLE,0,good
2026-07-10T22:00:00,BLR-1 RUN-STS,0,good
2026-07-10T22:00:00,BLR-1 ALM,0,good
2026-07-10T22:00:00,BLR-1 MOD-CMD,32.5,good
2026-07-10T22:00:00,BLR-1 GAS-PRES,7.34,good
2026-07-10T22:00:00,CT-1 CWS,81.17,good
2026-07-10T22:00:00,CT-1 CWR,89.16,good
2026-07-10T22:00:00,CT-1 FAN-CMD,0,good
2026-07-10T22:00:00,CT-1 FAN-STS,0,good
2026-07-10T22:00:00,CT-1 FAN-SPD,32.5,good
2026-07-10T22:00:00,CT-1 BASIN-LVL,40.52,good
2026-07-10T22:00:00,CT-1 ALM,0,good
2026-07-10T22:00:00,PUMP-CHW-1 CMD,0,good
2026-07-10T22:00:00,PUMP-CHW-1 STS,0,good
2026-07-10T22:00:00,PUMP-CHW-1 SPD,32.5,good
2026-07-10T22:00:00,PUMP-CHW-1 DP,10.56,good
2026-07-10T22:00:00,PUMP-CHW-2 CMD,0,good
2026-07-10T22:00:00,PUMP-CHW-2 STS,0,good
2026-07-10T22:00:00,PUMP-CHW-2 SPD,32.5,good
2026-07-10T22:00:00,PUMP-CHW-2 DP,10.83,good
2026-07-10T22:00:00,PUMP-HW-1 CMD,0,good
2026-07-10T22:00:00,PUMP-HW-1 STS,0,good
2026-07-10T22:00:00,PUMP-HW-1 SPD,32.5,good
2026-07-10T22:00:00,PUMP-HW-1 DP,10.45,good
2026-07-10T22:00:00,PUMP-CW-1 CMD,0,good
2026-07-10T22:00:00,PUMP-CW-1 STS,0,good
2026-07-10T22:00:00,PUMP-CW-1 SPD,32.5,good
2026-07-10T22:00:00,PUMP-CW-1 DP,10.61,good
2026-07-10T22:00:00,VAV-101 ZN-T,70.41,good
2026-07-10T22:00:00,VAV-101 ZN-SP,72,good
2026-07-10T22:00:00,VAV-101 DMP-CMD,32.5,good
2026-07-10T22:00:00,VAV-101 DMP-POS,38.67,good
2026-07-10T22:00:00,VAV-101 AIRFLOW,917.08,good
2026-07-10T22:00:00,VAV-101 HTG-CMD,32.5,good
2026-07-10T22:00:00,VAV-102 ZN-T,70.19,good
2026-07-10T22:00:00,VAV-102 ZN-SP,72,good
2026-07-10T22:00:00,VAV-102 DMP-CMD,32.5,good
2026-07-10T22:00:00,VAV-102 DMP-POS,41.05,good
2026-07-10T22:00:00,VAV-102 AIRFLOW,760.52,good
2026-07-10T22:00:00,VAV-201 ZN-T,70.29,good
2026-07-10T22:00:00,VAV-201 ZN-SP,72,good
2026-07-10T22:00:00,VAV-201 DMP-CMD,32.5,good
2026-07-10T22:00:00,VAV-201 DMP-POS,40.53,good
2026-07-10T22:00:00,VAV-201 AIRFLOW,837.89,good
2026-07-10T22:00:00,VAV-201 HTG-CMD,32.5,good
2026-07-10T22:00:00,VAV-202 ZN-T,70.57,good
2026-07-10T22:00:00,VAV-202 ZN-SP,72,good
2026-07-10T22:00:00,VAV-202 DMP-CMD,32.5,good
2026-07-10T22:00:00,VAV-202 DMP-POS,39.53,good
2026-07-10T22:00:00,VAV-202 AIRFLOW,629.01,good
2026-07-10T22:00:00,VAV-203 ZN-T,69.96,good
2026-07-10T22:00:00,VAV-203 ZN-SP,72,good
2026-07-10T22:00:00,VAV-203 DMP-CMD,32.5,good
2026-07-10T22:00:00,VAV-203 DMP-POS,39.49,good
2026-07-10T22:00:00,VAV-203 AIRFLOW,757.56,good
2026-07-10T22:00:00,VAV-203 HTG-CMD,32.5,good
2026-07-10T22:15:00,AHU-1 SAT,54.23,good
2026-07-10T22:15:00,AHU-1 RAT,72.36,good
2026-07-10T22:15:00,AHU-1 MAT,62.15,good
2026-07-10T22:15:00,AHU-1 DAT-SP,55,good
2026-07-10T22:15:00,AHU-1 SF-CMD,0,good
2026-07-10T22:15:00,AHU-1 SF-STS,0,good
2026-07-10T22:15:00,AHU-1 SF-VFD-SPD,34.52,good
2026-07-10T22:15:00,AHU-1 OA-DMP-CMD,34.52,good
2026-07-10T22:15:00,AHU-1 CHW-VLV-CMD,34.52,good
2026-07-10T22:15:00,AHU-1 SAF-ALM,0,good
2026-07-10T22:15:00,AHU-2 SAT,54.44,good
2026-07-10T22:15:00,AHU-2 RAT,72.2,good
2026-07-10T22:15:00,AHU-2 MAT,62.21,good
2026-07-10T22:15:00,AHU-2 DAT-SP,55,good
2026-07-10T22:15:00,AHU-2 SF-CMD,0,good
2026-07-10T22:15:00,AHU-2 SF-STS,0,good
2026-07-10T22:15:00,AHU-2 SF-VFD-SPD,34.52,good
2026-07-10T22:15:00,AHU-2 OA-DMP-CMD,34.52,good
2026-07-10T22:15:00,AHU-2 HW-VLV-CMD,34.52,good
2026-07-10T22:15:00,AHU-2 SMK-ALM,0,good
2026-07-10T22:15:00,RTU-1 SAT,54.45,good
2026-07-10T22:15:00,RTU-1 RAT,71.97,good
2026-07-10T22:15:00,RTU-1 CLG-SP,72,good
2026-07-10T22:15:00,RTU-1 SF-CMD,0,good
2026-07-10T22:15:00,RTU-1 SF-STS,0,good
2026-07-10T22:15:00,RTU-1 HTG-EN,0,good
2026-07-10T22:15:00,RTU-1 CMP-STS,0,good
2026-07-10T22:15:00,RTU-1 FLT-ALM,0,good
2026-07-10T22:15:00,CHLR-1 CHWS,41.57,good
2026-07-10T22:15:00,CHLR-1 CHWR,55.22,good
2026-07-10T22:15:00,CHLR-1 CHW-DP,10.95,good
2026-07-10T22:15:00,CHLR-1 ENABLE,0,good
2026-07-10T22:15:00,CHLR-1 RUN-STS,0,good
2026-07-10T22:15:00,CHLR-1 ALM,0,good
2026-07-10T22:15:00,CHLR-1 LWT-SP,72,good
2026-07-10T22:15:00,CHLR-1 KW,65.71,good
2026-07-10T22:15:00,BLR-1 HWS,167.15,good
2026-07-10T22:15:00,BLR-1 HWR,148.33,good
2026-07-10T22:15:00,BLR-1 HWS-SP,72,good
2026-07-10T22:15:00,BLR-1 ENABLE,0,good
2026-07-10T22:15:00,BLR-1 RUN-STS,0,good
2026-07-10T22:15:00,BLR-1 ALM,0,good
2026-07-10T22:15:00,BLR-1 MOD-CMD,34.52,good
2026-07-10T22:15:00,BLR-1 GAS-PRES,7.28,good
2026-07-10T22:15:00,CT-1 CWS,81.25,good
2026-07-10T22:15:00,CT-1 CWR,89.34,good
2026-07-10T22:15:00,CT-1 FAN-CMD,0,good
2026-07-10T22:15:00,CT-1 FAN-STS,0,good
2026-07-10T22:15:00,CT-1 FAN-SPD,34.52,good
2026-07-10T22:15:00,CT-1 BASIN-LVL,40.51,good
2026-07-10T22:15:00,CT-1 ALM,0,good
2026-07-10T22:15:00,PUMP-CHW-1 CMD,0,good
2026-07-10T22:15:00,PUMP-CHW-1 STS,0,good
2026-07-10T22:15:00,PUMP-CHW-1 SPD,34.52,good
2026-07-10T22:15:00,PUMP-CHW-1 DP,11.13,good
2026-07-10T22:15:00,PUMP-CHW-2 CMD,0,good
2026-07-10T22:15:00,PUMP-CHW-2 STS,0,good
2026-07-10T22:15:00,PUMP-CHW-2 SPD,34.52,good
2026-07-10T22:15:00,PUMP-CHW-2 DP,11.19,good
2026-07-10T22:15:00,PUMP-HW-1 CMD,0,good
2026-07-10T22:15:00,PUMP-HW-1 STS,0,good
2026-07-10T22:15:00,PUMP-HW-1 SPD,34.52,good
2026-07-10T22:15:00,PUMP-HW-1 DP,10.8,good
2026-07-10T22:15:00,PUMP-CW-1 CMD,0,good
2026-07-10T22:15:00,PUMP-CW-1 STS,0,good
2026-07-10T22:15:00,PUMP-CW-1 SPD,34.52,good
2026-07-10T22:15:00,PUMP-CW-1 DP,11.14,good
2026-07-10T22:15:00,VAV-101 ZN-T,70.1,good
2026-07-10T22:15:00,VAV-101 ZN-SP,72,good
2026-07-10T22:15:00,VAV-101 DMP-CMD,34.52,good
2026-07-10T22:15:00,VAV-101 DMP-POS,39.91,good
2026-07-10T22:15:00,VAV-101 AIRFLOW,932.91,good
2026-07-10T22:15:00,VAV-101 HTG-CMD,34.52,good
2026-07-10T22:15:00,VAV-102 ZN-T,70.55,good
2026-07-10T22:15:00,VAV-102 ZN-SP,72,good
2026-07-10T22:15:00,VAV-102 DMP-CMD,34.52,good
2026-07-10T22:15:00,VAV-102 DMP-POS,40.77,good
2026-07-10T22:15:00,VAV-102 AIRFLOW,773.41,good
2026-07-10T22:15:00,VAV-201 ZN-T,70.39,good
2026-07-10T22:15:00,VAV-201 ZN-SP,72,good
2026-07-10T22:15:00,VAV-201 DMP-CMD,34.52,good
2026-07-10T22:15:00,VAV-201 DMP-POS,39.68,good
2026-07-10T22:15:00,VAV-201 AIRFLOW,858.99,good
2026-07-10T22:15:00,VAV-201 HTG-CMD,34.52,good
2026-07-10T22:15:00,VAV-202 ZN-T,70.28,good
2026-07-10T22:15:00,VAV-202 ZN-SP,72,good
2026-07-10T22:15:00,VAV-202 DMP-CMD,34.52,good
2026-07-10T22:15:00,VAV-202 DMP-POS,39.83,good
2026-07-10T22:15:00,VAV-202 AIRFLOW,648.22,good
2026-07-10T22:15:00,VAV-203 ZN-T,70.33,good
2026-07-10T22:15:00,VAV-203 ZN-SP,72,good
2026-07-10T22:15:00,VAV-203 DMP-CMD,34.52,good
2026-07-10T22:15:00,VAV-203 DMP-POS,39.3,good
2026-07-10T22:15:00,VAV-203 AIRFLOW,799.33,good
2026-07-10T22:15:00,VAV-203 HTG-CMD,34.52,good
2026-07-10T22:30:00,AHU-1 SAT,54.28,good
2026-07-10T22:30:00,AHU-1 RAT,72.17,good
2026-07-10T22:30:00,AHU-1 MAT,62.28,good
2026-07-10T22:30:00,AHU-1 DAT-SP,55,good
2026-07-10T22:30:00,AHU-1 SF-CMD,0,good
2026-07-10T22:30:00,AHU-1 SF-STS,0,good
2026-07-10T22:30:00,AHU-1 SF-VFD-SPD,36.61,good
2026-07-10T22:30:00,AHU-1 OA-DMP-CMD,36.61,good
2026-07-10T22:30:00,AHU-1 CHW-VLV-CMD,36.61,good
2026-07-10T22:30:00,AHU-1 SAF-ALM,0,good
2026-07-10T22:30:00,AHU-2 SAT,54.72,good
2026-07-10T22:30:00,AHU-2 RAT,72.27,good
2026-07-10T22:30:00,AHU-2 MAT,62.88,good
2026-07-10T22:30:00,AHU-2 DAT-SP,55,good
2026-07-10T22:30:00,AHU-2 SF-CMD,0,good
2026-07-10T22:30:00,AHU-2 SF-STS,0,good
2026-07-10T22:30:00,AHU-2 SF-VFD-SPD,36.61,good
2026-07-10T22:30:00,AHU-2 OA-DMP-CMD,36.61,good
2026-07-10T22:30:00,AHU-2 HW-VLV-CMD,36.61,good
2026-07-10T22:30:00,AHU-2 SMK-ALM,0,good
2026-07-10T22:30:00,RTU-1 SAT,54.14,good
2026-07-10T22:30:00,RTU-1 RAT,72.29,good
2026-07-10T22:30:00,RTU-1 CLG-SP,72,good
2026-07-10T22:30:00,RTU-1 SF-CMD,0,good
2026-07-10T22:30:00,RTU-1 SF-STS,0,good
2026-07-10T22:30:00,RTU-1 HTG-EN,0,good
2026-07-10T22:30:00,RTU-1 CMP-STS,0,good
2026-07-10T22:30:00,RTU-1 FLT-ALM,0,good
2026-07-10T22:30:00,CHLR-1 CHWS,41.68,good
2026-07-10T22:30:00,CHLR-1 CHWR,55.28,good
2026-07-10T22:30:00,CHLR-1 CHW-DP,11.07,good
2026-07-10T22:30:00,CHLR-1 ENABLE,0,good
2026-07-10T22:30:00,CHLR-1 RUN-STS,0,good
2026-07-10T22:30:00,CHLR-1 ALM,0,good
2026-07-10T22:30:00,CHLR-1 LWT-SP,72,good
2026-07-10T22:30:00,CHLR-1 KW,68.01,good
2026-07-10T22:30:00,BLR-1 HWS,166.77,good
2026-07-10T22:30:00,BLR-1 HWR,148.73,good
2026-07-10T22:30:00,BLR-1 HWS-SP,72,good
2026-07-10T22:30:00,BLR-1 ENABLE,0,good
2026-07-10T22:30:00,BLR-1 RUN-STS,0,good
2026-07-10T22:30:00,BLR-1 ALM,0,good
2026-07-10T22:30:00,BLR-1 MOD-CMD,36.61,good
2026-07-10T22:30:00,BLR-1 GAS-PRES,7.37,good
2026-07-10T22:30:00,CT-1 CWS,81.12,good
2026-07-10T22:30:00,CT-1 CWR,89.5,good
2026-07-10T22:30:00,CT-1 FAN-CMD,0,good
2026-07-10T22:30:00,CT-1 FAN-STS,0,good
2026-07-10T22:30:00,CT-1 FAN-SPD,36.61,good
2026-07-10T22:30:00,CT-1 BASIN-LVL,43.0,good
2026-07-10T22:30:00,CT-1 ALM,0,good
2026-07-10T22:30:00,PUMP-CHW-1 CMD,0,good
2026-07-10T22:30:00,PUMP-CHW-1 STS,0,good
2026-07-10T22:30:00,PUMP-CHW-1 SPD,36.61,good
2026-07-10T22:30:00,PUMP-CHW-1 DP,10.91,good
2026-07-10T22:30:00,PUMP-CHW-2 CMD,0,good
2026-07-10T22:30:00,PUMP-CHW-2 STS,0,good
2026-07-10T22:30:00,PUMP-CHW-2 SPD,36.61,good
2026-07-10T22:30:00,PUMP-CHW-2 DP,11.11,good
2026-07-10T22:30:00,PUMP-HW-1 CMD,0,good
2026-07-10T22:30:00,PUMP-HW-1 STS,0,good
2026-07-10T22:30:00,PUMP-HW-1 SPD,36.61,good
2026-07-10T22:30:00,PUMP-HW-1 DP,10.83,good
2026-07-10T22:30:00,PUMP-CW-1 CMD,0,good
2026-07-10T22:30:00,PUMP-CW-1 STS,0,good
2026-07-10T22:30:00,PUMP-CW-1 SPD,36.61,good
2026-07-10T22:30:00,PUMP-CW-1 DP,11.24,good
2026-07-10T22:30:00,VAV-101 ZN-T,69.91,good
2026-07-10T22:30:00,VAV-101 ZN-SP,72,good
2026-07-10T22:30:00,VAV-101 DMP-CMD,36.61,good
2026-07-10T22:30:00,VAV-101 DMP-POS,43.22,good
2026-07-10T22:30:00,VAV-101 AIRFLOW,908.45,good
2026-07-10T22:30:00,VAV-101 HTG-CMD,36.61,good
2026-07-10T22:30:00,VAV-102 ZN-T,69.92,good
2026-07-10T22:30:00,VAV-102 ZN-SP,72,good
2026-07-10T22:30:00,VAV-102 DMP-CMD,36.61,good
2026-07-10T22:30:00,VAV-102 DMP-POS,40.77,good
2026-07-10T22:30:00,VAV-102 AIRFLOW,779.73,good
2026-07-10T22:30:00,VAV-201 ZN-T,69.99,good
2026-07-10T22:30:00,VAV-201 ZN-SP,72,good
2026-07-10T22:30:00,VAV-201 DMP-CMD,36.61,good
2026-07-10T22:30:00,VAV-201 DMP-POS,41.4,good
2026-07-10T22:30:00,VAV-201 AIRFLOW,858.69,good
2026-07-10T22:30:00,VAV-201 HTG-CMD,36.61,good
2026-07-10T22:30:00,VAV-202 ZN-T,69.99,good
2026-07-10T22:30:00,VAV-202 ZN-SP,72,good
2026-07-10T22:30:00,VAV-202 DMP-CMD,36.61,good
2026-07-10T22:30:00,VAV-202 DMP-POS,43.16,good
2026-07-10T22:30:00,VAV-202 AIRFLOW,651.63,good
2026-07-10T22:30:00,VAV-203 ZN-T,69.86,good
2026-07-10T22:30:00,VAV-203 ZN-SP,72,good
2026-07-10T22:30:00,VAV-203 DMP-CMD,36.61,good
2026-07-10T22:30:00,VAV-203 DMP-POS,42.33,good
2026-07-10T22:30:00,VAV-203 AIRFLOW,780.09,good
2026-07-10T22:30:00,VAV-203 HTG-CMD,36.61,good
2026-07-10T22:45:00,AHU-1 SAT,54.78,good
2026-07-10T22:45:00,AHU-1 RAT,72.06,good
2026-07-10T22:45:00,AHU-1 MAT,62.51,good
2026-07-10T22:45:00,AHU-1 DAT-SP,55,good
2026-07-10T22:45:00,AHU-1 SF-CMD,0,good
2026-07-10T22:45:00,AHU-1 SF-STS,0,good
2026-07-10T22:45:00,AHU-1 SF-VFD-SPD,38.75,good
2026-07-10T22:45:00,AHU-1 OA-DMP-CMD,38.75,good
2026-07-10T22:45:00,AHU-1 CHW-VLV-CMD,38.75,good
2026-07-10T22:45:00,AHU-1 SAF-ALM,0,good
2026-07-10T22:45:00,AHU-2 SAT,54.62,good
2026-07-10T22:45:00,AHU-2 RAT,72.52,good
2026-07-10T22:45:00,AHU-2 MAT,63.35,good
2026-07-10T22:45:00,AHU-2 DAT-SP,55,good
2026-07-10T22:45:00,AHU-2 SF-CMD,0,good
2026-07-10T22:45:00,AHU-2 SF-STS,0,good
2026-07-10T22:45:00,AHU-2 SF-VFD-SPD,38.75,good
2026-07-10T22:45:00,AHU-2 OA-DMP-CMD,38.75,good
2026-07-10T22:45:00,AHU-2 HW-VLV-CMD,38.75,good
2026-07-10T22:45:00,AHU-2 SMK-ALM,0,good
2026-07-10T22:45:00,RTU-1 SAT,54.62,good
2026-07-10T22:45:00,RTU-1 RAT,71.91,good
2026-07-10T22:45:00,RTU-1 CLG-SP,72,good
2026-07-10T22:45:00,RTU-1 SF-CMD,0,good
2026-07-10T22:45:00,RTU-1 SF-STS,0,good
2026-07-10T22:45:00,RTU-1 HTG-EN,0,good
2026-07-10T22:45:00,RTU-1 CMP-STS,0,good
2026-07-10T22:45:00,RTU-1 FLT-ALM,0,good
2026-07-10T22:45:00,CHLR-1 CHWS,41.66,good
2026-07-10T22:45:00,CHLR-1 CHWR,55.4,good
2026-07-10T22:45:00,CHLR-1 CHW-DP,11.33,good
2026-07-10T22:45:00,CHLR-1 ENABLE,0,good
2026-07-10T22:45:00,CHLR-1 RUN-STS,0,good
2026-07-10T22:45:00,CHLR-1 ALM,0,good
2026-07-10T22:45:00,CHLR-1 LWT-SP,72,good
2026-07-10T22:45:00,CHLR-1 KW,67.62,good
2026-07-10T22:45:00,BLR-1 HWS,167.0,good
2026-07-10T22:45:00,BLR-1 HWR,148.46,good
2026-07-10T22:45:00,BLR-1 HWS-SP,72,good
2026-07-10T22:45:00,BLR-1 ENABLE,0,good
2026-07-10T22:45:00,BLR-1 RUN-STS,0,good
2026-07-10T22:45:00,BLR-1 ALM,0,good
2026-07-10T22:45:00,BLR-1 MOD-CMD,38.75,good
2026-07-10T22:45:00,BLR-1 GAS-PRES,7.47,good
2026-07-10T22:45:00,CT-1 CWS,81.23,good
2026-07-10T22:45:00,CT-1 CWR,89.51,good
2026-07-10T22:45:00,CT-1 FAN-CMD,0,good
2026-07-10T22:45:00,CT-1 FAN-STS,0,good
2026-07-10T22:45:00,CT-1 FAN-SPD,38.75,good
2026-07-10T22:45:00,CT-1 BASIN-LVL,41.97,good
2026-07-10T22:45:00,CT-1 ALM,0,good
2026-07-10T22:45:00,PUMP-CHW-1 CMD,0,good
2026-07-10T22:45:00,PUMP-CHW-1 STS,0,good
2026-07-10T22:45:00,PUMP-CHW-1 SPD,38.75,good
2026-07-10T22:45:00,PUMP-CHW-1 DP,11.0,good
2026-07-10T22:45:00,PUMP-CHW-2 CMD,0,good
2026-07-10T22:45:00,PUMP-CHW-2 STS,0,good
2026-07-10T22:45:00,PUMP-CHW-2 SPD,38.75,good
2026-07-10T22:45:00,PUMP-CHW-2 DP,10.92,good
2026-07-10T22:45:00,PUMP-HW-1 CMD,0,good
2026-07-10T22:45:00,PUMP-HW-1 STS,0,good
2026-07-10T22:45:00,PUMP-HW-1 SPD,38.75,good
2026-07-10T22:45:00,PUMP-HW-1 DP,11.07,good
2026-07-10T22:45:00,PUMP-CW-1 CMD,0,good
2026-07-10T22:45:00,PUMP-CW-1 STS,0,good
2026-07-10T22:45:00,PUMP-CW-1 SPD,38.75,good
2026-07-10T22:45:00,PUMP-CW-1 DP,11.38,good
2026-07-10T22:45:00,VAV-101 ZN-T,70.1,good
2026-07-10T22:45:00,VAV-101 ZN-SP,72,good
2026-07-10T22:45:00,VAV-101 DMP-CMD,38.75,good
2026-07-10T22:45:00,VAV-101 DMP-POS,44.53,good
2026-07-10T22:45:00,VAV-101 AIRFLOW,916.55,good
2026-07-10T22:45:00,VAV-101 HTG-CMD,38.75,good
2026-07-10T22:45:00,VAV-102 ZN-T,70.46,good
2026-07-10T22:45:00,VAV-102 ZN-SP,72,good
2026-07-10T22:45:00,VAV-102 DMP-CMD,38.75,good
2026-07-10T22:45:00,VAV-102 DMP-POS,41.75,good
2026-07-10T22:45:00,VAV-102 AIRFLOW,813.58,good
2026-07-10T22:45:00,VAV-201 ZN-T,70.38,good
2026-07-10T22:45:00,VAV-201 ZN-SP,72,good
2026-07-10T22:45:00,VAV-201 DMP-CMD,38.75,good
2026-07-10T22:45:00,VAV-201 DMP-POS,42.25,good
2026-07-10T22:45:00,VAV-201 AIRFLOW,860.42,good
2026-07-10T22:45:00,VAV-201 HTG-CMD,38.75,good
2026-07-10T22:45:00,VAV-202 ZN-T,70.2,good
2026-07-10T22:45:00,VAV-202 ZN-SP,72,good
2026-07-10T22:45:00,VAV-202 DMP-CMD,38.75,good
2026-07-10T22:45:00,VAV-202 DMP-POS,44.06,good
2026-07-10T22:45:00,VAV-202 AIRFLOW,681.39,good
2026-07-10T22:45:00,VAV-203 ZN-T,69.93,good
2026-07-10T22:45:00,VAV-203 ZN-SP,72,good
2026-07-10T22:45:00,VAV-203 DMP-CMD,38.75,good
2026-07-10T22:45:00,VAV-203 DMP-POS,44.83,good
2026-07-10T22:45:00,VAV-203 AIRFLOW,786.81,good
2026-07-10T22:45:00,VAV-203 HTG-CMD,38.75,good
2026-07-10T23:00:00,AHU-1 SAT,54.55,good
2026-07-10T23:00:00,AHU-1 RAT,72.62,good
2026-07-10T23:00:00,AHU-1 MAT,63.08,good
2026-07-10T23:00:00,AHU-1 DAT-SP,55,good
2026-07-10T23:00:00,AHU-1 SF-CMD,0,good
2026-07-10T23:00:00,AHU-1 SF-STS,0,good
2026-07-10T23:00:00,AHU-1 SF-VFD-SPD,40.94,good
2026-07-10T23:00:00,AHU-1 OA-DMP-CMD,40.94,good
2026-07-10T23:00:00,AHU-1 CHW-VLV-CMD,40.94,good
2026-07-10T23:00:00,AHU-1 SAF-ALM,0,good
2026-07-10T23:00:00,AHU-2 SAT,54.54,good
2026-07-10T23:00:00,AHU-2 RAT,72.53,good
2026-07-10T23:00:00,AHU-2 MAT,63.61,good
2026-07-10T23:00:00,AHU-2 DAT-SP,55,good
2026-07-10T23:00:00,AHU-2 SF-CMD,0,good
2026-07-10T23:00:00,AHU-2 SF-STS,0,good
2026-07-10T23:00:00,AHU-2 SF-VFD-SPD,40.94,good
2026-07-10T23:00:00,AHU-2 OA-DMP-CMD,40.94,good
2026-07-10T23:00:00,AHU-2 HW-VLV-CMD,40.94,good
2026-07-10T23:00:00,AHU-2 SMK-ALM,0,good
2026-07-10T23:00:00,RTU-1 SAT,54.7,good
2026-07-10T23:00:00,RTU-1 RAT,72.49,good
2026-07-10T23:00:00,RTU-1 CLG-SP,72,good
2026-07-10T23:00:00,RTU-1 SF-CMD,0,good
2026-07-10T23:00:00,RTU-1 SF-STS,0,good
2026-07-10T23:00:00,RTU-1 HTG-EN,0,good
2026-07-10T23:00:00,RTU-1 CMP-STS,0,good
2026-07-10T23:00:00,RTU-1 FLT-ALM,0,good
2026-07-10T23:00:00,CHLR-1 CHWS,41.72,good
2026-07-10T23:00:00,CHLR-1 CHWR,55.54,good
2026-07-10T23:00:00,CHLR-1 CHW-DP,11.09,good
2026-07-10T23:00:00,CHLR-1 ENABLE,0,good
2026-07-10T23:00:00,CHLR-1 RUN-STS,0,good
2026-07-10T23:00:00,CHLR-1 ALM,0,good
2026-07-10T23:00:00,CHLR-1 LWT-SP,72,good
2026-07-10T23:00:00,CHLR-1 KW,72.11,good
2026-07-10T23:00:00,BLR-1 HWS,167.08,good
2026-07-10T23:00:00,BLR-1 HWR,148.7,good
2026-07-10T23:00:00,BLR-1 HWS-SP,72,good
2026-07-10T23:00:00,BLR-1 ENABLE,0,good
2026-07-10T23:00:00,BLR-1 RUN-STS,0,good
2026-07-10T23:00:00,BLR-1 ALM,0,good
2026-07-10T23:00:00,BLR-1 MOD-CMD,40.94,good
2026-07-10T23:00:00,BLR-1 GAS-PRES,7.41,good
2026-07-10T23:00:00,CT-1 CWS,81.66,good
2026-07-10T23:00:00,CT-1 CWR,89.78,good
2026-07-10T23:00:00,CT-1 FAN-CMD,0,good
2026-07-10T23:00:00,CT-1 FAN-STS,0,good
2026-07-10T23:00:00,CT-1 FAN-SPD,40.94,good
2026-07-10T23:00:00,CT-1 BASIN-LVL,43.55,good
2026-07-10T23:00:00,CT-1 ALM,0,good
2026-07-10T23:00:00,PUMP-CHW-1 CMD,0,good
2026-07-10T23:00:00,PUMP-CHW-1 STS,0,good
2026-07-10T23:00:00,PUMP-CHW-1 SPD,40.94,good
2026-07-10T23:00:00,PUMP-CHW-1 DP,11.28,good
2026-07-10T23:00:00,PUMP-CHW-2 CMD,0,good
2026-07-10T23:00:00,PUMP-CHW-2 STS,0,good
2026-07-10T23:00:00,PUMP-CHW-2 SPD,40.94,good
2026-07-10T23:00:00,PUMP-CHW-2 DP,11.27,good
2026-07-10T23:00:00,PUMP-HW-1 CMD,0,good
2026-07-10T23:00:00,PUMP-HW-1 STS,0,good
2026-07-10T23:00:00,PUMP-HW-1 SPD,40.94,good
2026-07-10T23:00:00,PUMP-HW-1 DP,11.07,good
2026-07-10T23:00:00,PUMP-CW-1 CMD,0,good
2026-07-10T23:00:00,PUMP-CW-1 STS,0,good
2026-07-10T23:00:00,PUMP-CW-1 SPD,40.94,good
2026-07-10T23:00:00,PUMP-CW-1 DP,11.46,good
2026-07-10T23:00:00,VAV-101 ZN-T,70.56,good
2026-07-10T23:00:00,VAV-101 ZN-SP,72,good
2026-07-10T23:00:00,VAV-101 DMP-CMD,40.94,good
2026-07-10T23:00:00,VAV-101 DMP-POS,46.72,good
2026-07-10T23:00:00,VAV-101 AIRFLOW,927.18,good
2026-07-10T23:00:00,VAV-101 HTG-CMD,40.94,good
2026-07-10T23:00:00,VAV-102 ZN-T,70.62,good
2026-07-10T23:00:00,VAV-102 ZN-SP,72,good
2026-07-10T23:00:00,VAV-102 DMP-CMD,40.94,good
2026-07-10T23:00:00,VAV-102 DMP-POS,43.28,good
2026-07-10T23:00:00,VAV-102 AIRFLOW,803.84,good
2026-07-10T23:00:00,VAV-201 ZN-T,69.92,good
2026-07-10T23:00:00,VAV-201 ZN-SP,72,good
2026-07-10T23:00:00,VAV-201 DMP-CMD,40.94,good
2026-07-10T23:00:00,VAV-201 DMP-POS,43.87,good
2026-07-10T23:00:00,VAV-201 AIRFLOW,867.24,good
2026-07-10T23:00:00,VAV-201 HTG-CMD,40.94,good
2026-07-10T23:00:00,VAV-202 ZN-T,70.45,good
2026-07-10T23:00:00,VAV-202 ZN-SP,72,good
2026-07-10T23:00:00,VAV-202 DMP-CMD,40.94,good
2026-07-10T23:00:00,VAV-202 DMP-POS,45.54,good
2026-07-10T23:00:00,VAV-202 AIRFLOW,683.53,good
2026-07-10T23:00:00,VAV-203 ZN-T,70.35,good
2026-07-10T23:00:00,VAV-203 ZN-SP,72,good
2026-07-10T23:00:00,VAV-203 DMP-CMD,40.94,good
2026-07-10T23:00:00,VAV-203 DMP-POS,45.08,good
2026-07-10T23:00:00,VAV-203 AIRFLOW,826.5,good
2026-07-10T23:00:00,VAV-203 HTG-CMD,40.94,good
2026-07-10T23:15:00,AHU-1 SAT,54.81,good
2026-07-10T23:15:00,AHU-1 RAT,72.19,good
2026-07-10T23:15:00,AHU-1 MAT,63.65,good
2026-07-10T23:15:00,AHU-1 DAT-SP,55,good
2026-07-10T23:15:00,AHU-1 SF-CMD,0,good
2026-07-10T23:15:00,AHU-1 SF-STS,0,good
2026-07-10T23:15:00,AHU-1 SF-VFD-SPD,43.17,good
2026-07-10T23:15:00,AHU-1 OA-DMP-CMD,43.17,good
2026-07-10T23:15:00,AHU-1 CHW-VLV-CMD,43.17,good
2026-07-10T23:15:00,AHU-1 SAF-ALM,0,good
2026-07-10T23:15:00,AHU-2 SAT,54.83,good
2026-07-10T23:15:00,AHU-2 RAT,72.0,good
2026-07-10T23:15:00,AHU-2 MAT,63.79,good
2026-07-10T23:15:00,AHU-2 DAT-SP,55,good
2026-07-10T23:15:00,AHU-2 SF-CMD,0,good
2026-07-10T23:15:00,AHU-2 SF-STS,0,good
2026-07-10T23:15:00,AHU-2 SF-VFD-SPD,43.17,good
2026-07-10T23:15:00,AHU-2 OA-DMP-CMD,43.17,good
2026-07-10T23:15:00,AHU-2 HW-VLV-CMD,43.17,good
2026-07-10T23:15:00,AHU-2 SMK-ALM,0,good
2026-07-10T23:15:00,RTU-1 SAT,54.56,good
2026-07-10T23:15:00,RTU-1 RAT,72.2,good
2026-07-10T23:15:00,RTU-1 CLG-SP,72,good
2026-07-10T23:15:00,RTU-1 SF-CMD,0,good
2026-07-10T23:15:00,RTU-1 SF-STS,0,good
2026-07-10T23:15:00,RTU-1 HTG-EN,0,good
2026-07-10T23:15:00,RTU-1 CMP-STS,0,good
2026-07-10T23:15:00,RTU-1 FLT-ALM,0,good
2026-07-10T23:15:00,CHLR-1 CHWS,41.88,good
2026-07-10T23:15:00,CHLR-1 CHWR,55.49,good
2026-07-10T23:15:00,CHLR-1 CHW-DP,11.72,good
2026-07-10T23:15:00,CHLR-1 ENABLE,0,good
2026-07-10T23:15:00,CHLR-1 RUN-STS,0,good
2026-07-10T23:15:00,CHLR-1 ALM,0,good
2026-07-10T23:15:00,CHLR-1 LWT-SP,72,good
2026-07-10T23:15:00,CHLR-1 KW,71.72,good
2026-07-10T23:15:00,BLR-1 HWS,167.9,good
2026-07-10T23:15:00,BLR-1 HWR,148.52,good
2026-07-10T23:15:00,BLR-1 HWS-SP,72,good
2026-07-10T23:15:00,BLR-1 ENABLE,0,good
2026-07-10T23:15:00,BLR-1 RUN-STS,0,good
2026-07-10T23:15:00,BLR-1 ALM,0,good
2026-07-10T23:15:00,BLR-1 MOD-CMD,43.17,good
2026-07-10T23:15:00,BLR-1 GAS-PRES,7.45,good
2026-07-10T23:15:00,CT-1 CWS,81.4,good
2026-07-10T23:15:00,CT-1 CWR,90.02,good
2026-07-10T23:15:00,CT-1 FAN-CMD,0,good
2026-07-10T23:15:00,CT-1 FAN-STS,0,good
2026-07-10T23:15:00,CT-1 FAN-SPD,43.17,good
2026-07-10T23:15:00,CT-1 BASIN-LVL,47.51,good
2026-07-10T23:15:00,CT-1 ALM,0,good
2026-07-10T23:15:00,PUMP-CHW-1 CMD,0,good
2026-07-10T23:15:00,PUMP-CHW-1 STS,0,good
2026-07-10T23:15:00,PUMP-CHW-1 SPD,43.17,good
2026-07-10T23:15:00,PUMP-CHW-1 DP,11.73,good
2026-07-10T23:15:00,PUMP-CHW-2 CMD,0,good
2026-07-10T23:15:00,PUMP-CHW-2 STS,0,good
2026-07-10T23:15:00,PUMP-CHW-2 SPD,43.17,good
2026-07-10T23:15:00,PUMP-CHW-2 DP,11.26,good
2026-07-10T23:15:00,PUMP-HW-1 CMD,0,good
2026-07-10T23:15:00,PUMP-HW-1 STS,0,good
2026-07-10T23:15:00,PUMP-HW-1 SPD,43.17,good
2026-07-10T23:15:00,PUMP-HW-1 DP,11.51,good
2026-07-10T23:15:00,PUMP-CW-1 CMD,0,good
2026-07-10T23:15:00,PUMP-CW-1 STS,0,good
2026-07-10T23:15:00,PUMP-CW-1 SPD,43.17,good
2026-07-10T23:15:00,PUMP-CW-1 DP,11.36,good
2026-07-10T23:15:00,VAV-101 ZN-T,70.7,good
2026-07-10T23:15:00,VAV-101 ZN-SP,72,good
2026-07-10T23:15:00,VAV-101 DMP-CMD,43.17,good
2026-07-10T23:15:00,VAV-101 DMP-POS,44.3,good
2026-07-10T23:15:00,VAV-101 AIRFLOW,940.23,good
2026-07-10T23:15:00,VAV-101 HTG-CMD,43.17,good
2026-07-10T23:15:00,VAV-102 ZN-T,70.44,good
2026-07-10T23:15:00,VAV-102 ZN-SP,72,good
2026-07-10T23:15:00,VAV-102 DMP-CMD,43.17,good
2026-07-10T23:15:00,VAV-102 DMP-POS,45.71,good
2026-07-10T23:15:00,VAV-102 AIRFLOW,804.82,good
2026-07-10T23:15:00,VAV-201 ZN-T,70.29,good
2026-07-10T23:15:00,VAV-201 ZN-SP,72,good
2026-07-10T23:15:00,VAV-201 DMP-CMD,43.17,good
2026-07-10T23:15:00,VAV-201 DMP-POS,47.3,good
2026-07-10T23:15:00,VAV-201 AIRFLOW,881.29,good
2026-07-10T23:15:00,VAV-201 HTG-CMD,43.17,good
2026-07-10T23:15:00,VAV-202 ZN-T,70.61,good
2026-07-10T23:15:00,VAV-202 ZN-SP,72,good
2026-07-10T23:15:00,VAV-202 DMP-CMD,43.17,good
2026-07-10T23:15:00,VAV-202 DMP-POS,45.89,good
2026-07-10T23:15:00,VAV-202 AIRFLOW,664.26,good
2026-07-10T23:15:00,VAV-203 ZN-T,70.32,good
2026-07-10T23:15:00,VAV-203 ZN-SP,72,good
2026-07-10T23:15:00,VAV-203 DMP-CMD,43.17,good
2026-07-10T23:15:00,VAV-203 DMP-POS,46.71,good
2026-07-10T23:15:00,VAV-203 AIRFLOW,799.52,good
2026-07-10T23:15:00,VAV-203 HTG-CMD,43.17,good
2026-07-10T23:30:00,AHU-1 SAT,54.75,good
2026-07-10T23:30:00,AHU-1 RAT,72.44,good
2026-07-10T23:30:00,AHU-1 MAT,63.46,good
2026-07-10T23:30:00,AHU-1 DAT-SP,55,good
2026-07-10T23:30:00,AHU-1 SF-CMD,0,good
2026-07-10T23:30:00,AHU-1 SF-STS,0,good
2026-07-10T23:30:00,AHU-1 SF-VFD-SPD,45.43,good
2026-07-10T23:30:00,AHU-1 OA-DMP-CMD,45.43,good
2026-07-10T23:30:00,AHU-1 CHW-VLV-CMD,45.43,good
2026-07-10T23:30:00,AHU-1 SAF-ALM,0,good
2026-07-10T23:30:00,AHU-2 SAT,54.56,good
2026-07-10T23:30:00,AHU-2 RAT,72.48,good
2026-07-10T23:30:00,AHU-2 MAT,64.08,good
2026-07-10T23:30:00,AHU-2 DAT-SP,55,good
2026-07-10T23:30:00,AHU-2 SF-CMD,0,good
2026-07-10T23:30:00,AHU-2 SF-STS,0,good
2026-07-10T23:30:00,AHU-2 SF-VFD-SPD,45.43,good
2026-07-10T23:30:00,AHU-2 OA-DMP-CMD,45.43,good
2026-07-10T23:30:00,AHU-2 HW-VLV-CMD,45.43,good
2026-07-10T23:30:00,AHU-2 SMK-ALM,0,good
2026-07-10T23:30:00,RTU-1 SAT,54.69,good
2026-07-10T23:30:00,RTU-1 RAT,72.4,good
2026-07-10T23:30:00,RTU-1 CLG-SP,72,good
2026-07-10T23:30:00,RTU-1 SF-CMD,0,good
2026-07-10T23:30:00,RTU-1 SF-STS,0,good
2026-07-10T23:30:00,RTU-1 HTG-EN,0,good
2026-07-10T23:30:00,RTU-1 CMP-STS,0,good
2026-07-10T23:30:00,RTU-1 FLT-ALM,0,good
2026-07-10T23:30:00,CHLR-1 CHWS,41.84,good
2026-07-10T23:30:00,CHLR-1 CHWR,55.68,good
2026-07-10T23:30:00,CHLR-1 CHW-DP,11.94,good
2026-07-10T23:30:00,CHLR-1 ENABLE,0,good
2026-07-10T23:30:00,CHLR-1 RUN-STS,0,good
2026-07-10T23:30:00,CHLR-1 ALM,0,good
2026-07-10T23:30:00,CHLR-1 LWT-SP,72,good
2026-07-10T23:30:00,CHLR-1 KW,72.1,good
2026-07-10T23:30:00,BLR-1 HWS,167.32,good
2026-07-10T23:30:00,BLR-1 HWR,148.77,good
2026-07-10T23:30:00,BLR-1 HWS-SP,72,good
2026-07-10T23:30:00,BLR-1 ENABLE,0,good
2026-07-10T23:30:00,BLR-1 RUN-STS,0,good
2026-07-10T23:30:00,BLR-1 ALM,0,good
2026-07-10T23:30:00,BLR-1 MOD-CMD,45.43,good
2026-07-10T23:30:00,BLR-1 GAS-PRES,7.44,good
2026-07-10T23:30:00,CT-1 CWS,81.78,good
2026-07-10T23:30:00,CT-1 CWR,90.03,good
2026-07-10T23:30:00,CT-1 FAN-CMD,0,good
2026-07-10T23:30:00,CT-1 FAN-STS,0,good
2026-07-10T23:30:00,CT-1 FAN-SPD,45.43,good
2026-07-10T23:30:00,CT-1 BASIN-LVL,47.28,good
2026-07-10T23:30:00,CT-1 ALM,0,good
2026-07-10T23:30:00,PUMP-CHW-1 CMD,0,good
2026-07-10T23:30:00,PUMP-CHW-1 STS,0,good
2026-07-10T23:30:00,PUMP-CHW-1 SPD,45.43,good
2026-07-10T23:30:00,PUMP-CHW-1 DP,11.77,good
2026-07-10T23:30:00,PUMP-CHW-2 CMD,0,good
2026-07-10T23:30:00,PUMP-CHW-2 STS,0,good
2026-07-10T23:30:00,PUMP-CHW-2 SPD,45.43,good
2026-07-10T23:30:00,PUMP-CHW-2 DP,11.8,good
2026-07-10T23:30:00,PUMP-HW-1 CMD,0,good
2026-07-10T23:30:00,PUMP-HW-1 STS,0,good
2026-07-10T23:30:00,PUMP-HW-1 SPD,45.43,good
2026-07-10T23:30:00,PUMP-HW-1 DP,11.44,good
2026-07-10T23:30:00,PUMP-CW-1 CMD,0,good
2026-07-10T23:30:00,PUMP-CW-1 STS,0,good
2026-07-10T23:30:00,PUMP-CW-1 SPD,45.43,good
2026-07-10T23:30:00,PUMP-CW-1 DP,11.83,good
2026-07-10T23:30:00,VAV-101 ZN-T,70.15,good
2026-07-10T23:30:00,VAV-101 ZN-SP,72,good
2026-07-10T23:30:00,VAV-101 DMP-CMD,45.43,good
2026-07-10T23:30:00,VAV-101 DMP-POS,46.75,good
2026-07-10T23:30:00,VAV-101 AIRFLOW,974.01,good
2026-07-10T23:30:00,VAV-101 HTG-CMD,45.43,good
2026-07-10T23:30:00,VAV-102 ZN-T,70.74,good
2026-07-10T23:30:00,VAV-102 ZN-SP,72,good
2026-07-10T23:30:00,VAV-102 DMP-CMD,45.43,good
2026-07-10T23:30:00,VAV-102 DMP-POS,46.56,good
2026-07-10T23:30:00,VAV-102 AIRFLOW,824.43,good
2026-07-10T23:30:00,VAV-201 ZN-T,70.53,good
2026-07-10T23:30:00,VAV-201 ZN-SP,72,good
2026-07-10T23:30:00,VAV-201 DMP-CMD,45.43,good
2026-07-10T23:30:00,VAV-201 DMP-POS,45.57,good
2026-07-10T23:30:00,VAV-201 AIRFLOW,878.75,good
2026-07-10T23:30:00,VAV-201 HTG-CMD,45.43,good
2026-07-10T23:30:00,VAV-202 ZN-T,70.08,good
2026-07-10T23:30:00,VAV-202 ZN-SP,72,good
2026-07-10T23:30:00,VAV-202 DMP-CMD,45.43,good
2026-07-10T23:30:00,VAV-202 DMP-POS,48.26,good
2026-07-10T23:30:00,VAV-202 AIRFLOW,695.16,good
2026-07-10T23:30:00,VAV-203 ZN-T,70.06,good
2026-07-10T23:30:00,VAV-203 ZN-SP,72,good
2026-07-10T23:30:00,VAV-203 DMP-CMD,45.43,good
2026-07-10T23:30:00,VAV-203 DMP-POS,47.83,good
2026-07-10T23:30:00,VAV-203 AIRFLOW,811.06,good
2026-07-10T23:30:00,VAV-203 HTG-CMD,45.43,good
2026-07-10T23:45:00,AHU-1 SAT,55.16,good
2026-07-10T23:45:00,AHU-1 RAT,72.39,good
2026-07-10T23:45:00,AHU-1 MAT,64.26,good
2026-07-10T23:45:00,AHU-1 DAT-SP,55,good
2026-07-10T23:45:00,AHU-1 SF-CMD,0,good
2026-07-10T23:45:00,AHU-1 SF-STS,0,good
2026-07-10T23:45:00,AHU-1 SF-VFD-SPD,47.71,good
2026-07-10T23:45:00,AHU-1 OA-DMP-CMD,47.71,good
2026-07-10T23:45:00,AHU-1 CHW-VLV-CMD,47.71,good
2026-07-10T23:45:00,AHU-1 SAF-ALM,0,good
2026-07-10T23:45:00,AHU-2 SAT,55.07,good
2026-07-10T23:45:00,AHU-2 RAT,72.65,good
2026-07-10T23:45:00,AHU-2 MAT,63.91,good
2026-07-10T23:45:00,AHU-2 DAT-SP,55,good
2026-07-10T23:45:00,AHU-2 SF-CMD,0,good
2026-07-10T23:45:00,AHU-2 SF-STS,0,good
2026-07-10T23:45:00,AHU-2 SF-VFD-SPD,47.71,good
2026-07-10T23:45:00,AHU-2 OA-DMP-CMD,47.71,good
2026-07-10T23:45:00,AHU-2 HW-VLV-CMD,47.71,good
2026-07-10T23:45:00,AHU-2 SMK-ALM,0,good
2026-07-10T23:45:00,RTU-1 SAT,54.85,good
2026-07-10T23:45:00,RTU-1 RAT,72.82,good
2026-07-10T23:45:00,RTU-1 CLG-SP,72,good
2026-07-10T23:45:00,RTU-1 SF-CMD,0,good
2026-07-10T23:45:00,RTU-1 SF-STS,0,good
2026-07-10T23:45:00,RTU-1 HTG-EN,0,good
2026-07-10T23:45:00,RTU-1 CMP-STS,0,good
2026-07-10T23:45:00,RTU-1 FLT-ALM,0,good
2026-07-10T23:45:00,CHLR-1 CHWS,42.02,good
2026-07-10T23:45:00,CHLR-1 CHWR,55.72,good
2026-07-10T23:45:00,CHLR-1 CHW-DP,12.0,good
2026-07-10T23:45:00,CHLR-1 ENABLE,0,good
2026-07-10T23:45:00,CHLR-1 RUN-STS,0,good
2026-07-10T23:45:00,CHLR-1 ALM,0,good
2026-07-10T23:45:00,CHLR-1 LWT-SP,72,good
2026-07-10T23:45:00,CHLR-1 KW,73.62,good
2026-07-10T23:45:00,BLR-1 HWS,167.96,good
2026-07-10T23:45:00,BLR-1 HWR,149.47,good
2026-07-10T23:45:00,BLR-1 HWS-SP,72,good
2026-07-10T23:45:00,BLR-1 ENABLE,0,good
2026-07-10T23:45:00,BLR-1 RUN-STS,0,good
2026-07-10T23:45:00,BLR-1 ALM,0,good
2026-07-10T23:45:00,BLR-1 MOD-CMD,47.71,good
2026-07-10T23:45:00,BLR-1 GAS-PRES,7.4,good
2026-07-10T23:45:00,CT-1 CWS,81.87,good
2026-07-10T23:45:00,CT-1 CWR,90.12,good
2026-07-10T23:45:00,CT-1 FAN-CMD,0,good
2026-07-10T23:45:00,CT-1 FAN-STS,0,good
2026-07-10T23:45:00,CT-1 FAN-SPD,47.71,good
2026-07-10T23:45:00,CT-1 BASIN-LVL,46.89,good
2026-07-10T23:45:00,CT-1 ALM,0,good
2026-07-10T23:45:00,PUMP-CHW-1 CMD,0,good
2026-07-10T23:45:00,PUMP-CHW-1 STS,0,good
2026-07-10T23:45:00,PUMP-CHW-1 SPD,47.71,good
2026-07-10T23:45:00,PUMP-CHW-1 DP,12.1,good
2026-07-10T23:45:00,PUMP-CHW-2 CMD,0,good
2026-07-10T23:45:00,PUMP-CHW-2 STS,0,good
2026-07-10T23:45:00,PUMP-CHW-2 SPD,47.71,good
2026-07-10T23:45:00,PUMP-CHW-2 DP,12.04,good
2026-07-10T23:45:00,PUMP-HW-1 CMD,0,good
2026-07-10T23:45:00,PUMP-HW-1 STS,0,good
2026-07-10T23:45:00,PUMP-HW-1 SPD,47.71,good
2026-07-10T23:45:00,PUMP-HW-1 DP,11.83,good
2026-07-10T23:45:00,PUMP-CW-1 CMD,0,good
2026-07-10T23:45:00,PUMP-CW-1 STS,0,good
2026-07-10T23:45:00,PUMP-CW-1 SPD,47.71,good
2026-07-10T23:45:00,PUMP-CW-1 DP,11.84,good
2026-07-10T23:45:00,VAV-101 ZN-T,70.76,good
2026-07-10T23:45:00,VAV-101 ZN-SP,72,good
2026-07-10T23:45:00,VAV-101 DMP-CMD,47.71,good
2026-07-10T23:45:00,VAV-101 DMP-POS,47.4,good
2026-07-10T23:45:00,VAV-101 AIRFLOW,973.53,good
2026-07-10T23:45:00,VAV-101 HTG-CMD,47.71,good
2026-07-10T23:45:00,VAV-102 ZN-T,70.61,good
2026-07-10T23:45:00,VAV-102 ZN-SP,72,good
2026-07-10T23:45:00,VAV-102 DMP-CMD,47.71,good
2026-07-10T23:45:00,VAV-102 DMP-POS,47.21,good
2026-07-10T23:45:00,VAV-102 AIRFLOW,827.26,good
2026-07-10T23:45:00,VAV-201 ZN-T,70.51,good
2026-07-10T23:45:00,VAV-201 ZN-SP,72,good
2026-07-10T23:45:00,VAV-201 DMP-CMD,47.71,good
2026-07-10T23:45:00,VAV-201 DMP-POS,50.22,good
2026-07-10T23:45:00,VAV-201 AIRFLOW,901.24,good
2026-07-10T23:45:00,VAV-201 HTG-CMD,47.71,good
2026-07-10T23:45:00,VAV-202 ZN-T,70.33,good
2026-07-10T23:45:00,VAV-202 ZN-SP,72,good
2026-07-10T23:45:00,VAV-202 DMP-CMD,47.71,good
2026-07-10T23:45:00,VAV-202 DMP-POS,50.61,good
2026-07-10T23:45:00,VAV-202 AIRFLOW,709.77,good
2026-07-10T23:45:00,VAV-203 ZN-T,70.63,good
2026-07-10T23:45:00,VAV-203 ZN-SP,72,good
2026-07-10T23:45:00,VAV-203 DMP-CMD,47.71,good
2026-07-10T23:45:00,VAV-203 DMP-POS,47.79,good
2026-07-10T23:45:00,VAV-203 AIRFLOW,850.3,good
2026-07-10T23:45:00,VAV-203 HTG-CMD,47.71,good
